{"type": "FeatureCollection", "name": "stations_flow", "crs": {"type": "name", "properties": {"name": "urn:ogc:def:crs:OGC:1.3:CRS84"}}, "features": [{"type": "Feature", "properties": {"station_id": "P04", "name": "д. Аннолово", "river": "р. Ижора", "lat": 59.633197, "lon": 30.540788, "flow_station_id": "P04", "flow_date": "Декабрь 2022", "flow_parameter": "NO₂", "flow_value": null, "flow_unit": "мг/л", "flow_comment": "Нитриты", "flow_pdk": 0.2, "flow_flow": 4.77, "flow_field_9": null, "flow_field_10": null, "flow_field_11": null, "flow_field_12": null, "flow_field_13": null, "flow_field_14": null}, "geometry": {"type": "Point", "coordinates": [59.633197, 30.540788]}}, {"type": "Feature", "properties": {"station_id": "P04", "name": "д. Аннолово", "river": "р. Ижора", "lat": 59.633197, "lon": 30.540788, "flow_station_id": "P04", "flow_date": "Декабрь 2022", "flow_parameter": "БПК5", "flow_value": null, "flow_unit": "мг O₂/л", "flow_comment": "Биологическое потребление кислорода", "flow_pdk": 0.2, "flow_flow": 4.77, "flow_field_9": null, "flow_field_10": null, "flow_field_11": null, "flow_field_12": null, "flow_field_13": null, "flow_field_14": null}, "geometry": {"type": "Point", "coordinates": [59.633197, 30.540788]}}, {"type": "Feature", "properties": {"station_id": "P04", "name": "д. Аннолово", "river": "р. Ижора", "lat": 59.633197, "lon": 30.540788, "flow_station_id": "P04", "flow_date": "Декабрь 2022", "flow_parameter": "PO₄³⁻", "flow_value": null, "flow_unit": "мг/л", "flow_comment": "Фосфаты по фосфору", "flow_pdk": 0.2, "flow_flow": 4.77, "flow_field_9": null, "flow_field_10": null, "flow_field_11": null, "flow_field_12": null, "flow_field_13": null, "flow_field_14": null}, "geometry": {"type": "Point", "coordinates": [59.633197, 30.540788]}}, {"type": "Feature", "properties": {"station_id": "P04", "name": "д. Аннолово", "river": "р. Ижора", "lat": 59.633197, "lon": 30.540788, "flow_station_id": "P04", "flow_date": "Ноябрь 2022", "flow_parameter": "NO₂", "flow_value": null, "flow_unit": "мг/л", "flow_comment": "Нитриты", "flow_pdk": 0.2, "flow_flow": 10.1, "flow_field_9": null, "flow_field_10": null, "flow_field_11": null, "flow_field_12": null, "flow_field_13": null, "flow_field_14": null}, "geometry": {"type": "Point", "coordinates": [59.633197, 30.540788]}}, {"type": "Feature", "properties": {"station_id": "P04", "name": "д. Аннолово", "river": "р. Ижора", "lat": 59.633197, "lon": 30.540788, "flow_station_id": "P04", "flow_date": "Ноябрь 2022", "flow_parameter": "БПК5", "flow_value": null, "flow_unit": "мг O₂/л", "flow_comment": "Биологическое потребление кислорода", "flow_pdk": 0.2, "flow_flow": 10.1, "flow_field_9": null, "flow_field_10": null, "flow_field_11": null, "flow_field_12": null, "flow_field_13": null, "flow_field_14": null}, "geometry": {"type": "Point", "coordinates": [59.633197, 30.540788]}}, {"type": "Feature", "properties": {"station_id": "P04", "name": "д. Аннолово", "river": "р. Ижора", "lat": 59.633197, "lon": 30.540788, "flow_station_id": "P04", "flow_date": "Ноябрь 2022", "flow_parameter": "PO₄³⁻", "flow_value": null, "flow_unit": "мг/л", "flow_comment": "Фосфаты по фосфору", "flow_pdk": 0.2, "flow_flow": 10.1, "flow_field_9": null, "flow_field_10": null, "flow_field_11": null, "flow_field_12": null, "flow_field_13": null, "flow_field_14": null}, "geometry": {"type": "Point", "coordinates": [59.633197, 30.540788]}}, {"type": "Feature", "properties": {"station_id": "P04", "name": "д. Аннолово", "river": "р. Ижора", "lat": 59.633197, "lon": 30.540788, "flow_station_id": "P04", "flow_date": "Октябрь 2022", "flow_parameter": "NO₂", "flow_value": 0.157, "flow_unit": "мг/л", "flow_comment": "Нитриты", "flow_pdk": 0.2, "flow_flow": 13.2, "flow_field_9": null, "flow_field_10": null, "flow_field_11": null, "flow_field_12": null, "flow_field_13": null, "flow_field_14": null}, "geometry": {"type": "Point", "coordinates": [59.633197, 30.540788]}}, {"type": "Feature", "properties": {"station_id": "P04", "name": "д. Аннолово", "river": "р. Ижора", "lat": 59.633197, "lon": 30.540788, "flow_station_id": "P04", "flow_date": "Октябрь 2022", "flow_parameter": "БПК5", "flow_value": 5.2, "flow_unit": "мг O₂/л", "flow_comment": "Биологическое потребление кислорода", "flow_pdk": 0.2, "flow_flow": 13.2, "flow_field_9": null, "flow_field_10": null, "flow_field_11": null, "flow_field_12": null, "flow_field_13": null, "flow_field_14": null}, "geometry": {"type": "Point", "coordinates": [59.633197, 30.540788]}}, {"type": "Feature", "properties": {"station_id": "P04", "name": "д. Аннолово", "river": "р. Ижора", "lat": 59.633197, "lon": 30.540788, "flow_station_id": "P04", "flow_date": "Октябрь 2022", "flow_parameter": "PO₄³⁻", "flow_value": 0.191, "flow_unit": "мг/л", "flow_comment": "Фосфаты по фосфору", "flow_pdk": 0.2, "flow_flow": 13.2, "flow_field_9": null, "flow_field_10": null, "flow_field_11": null, "flow_field_12": null, "flow_field_13": null, "flow_field_14": null}, "geometry": {"type": "Point", "coordinates": [59.633197, 30.540788]}}, {"type": "Feature", "properties": {"station_id": "P04", "name": "д. Аннолово", "river": "р. Ижора", "lat": 59.633197, "lon": 30.540788, "flow_station_id": "P04", "flow_date": "Сентябрь 2022", "flow_parameter": "NO₂", "flow_value": null, "flow_unit": "мг/л", "flow_comment": "Нитриты", "flow_pdk": 0.2, "flow_flow": 9.25, "flow_field_9": null, "flow_field_10": null, "flow_field_11": null, "flow_field_12": null, "flow_field_13": null, "flow_field_14": null}, "geometry": {"type": "Point", "coordinates": [59.633197, 30.540788]}}, {"type": "Feature", "properties": {"station_id": "P04", "name": "д. Аннолово", "river": "р. Ижора", "lat": 59.633197, "lon": 30.540788, "flow_station_id": "P04", "flow_date": "Сентябрь 2022", "flow_parameter": "БПК5", "flow_value": null, "flow_unit": "мг O₂/л", "flow_comment": "Биологическое потребление кислорода", "flow_pdk": 0.2, "flow_flow": 9.25, "flow_field_9": null, "flow_field_10": null, "flow_field_11": null, "flow_field_12": null, "flow_field_13": null, "flow_field_14": null}, "geometry": {"type": "Point", "coordinates": [59.633197, 30.540788]}}, {"type": "Feature", "properties": {"station_id": "P04", "name": "д. Аннолово", "river": "р. Ижора", "lat": 59.633197, "lon": 30.540788, "flow_station_id": "P04", "flow_date": "Сентябрь 2022", "flow_parameter": "PO₄³⁻", "flow_value": null, "flow_unit": "мг/л", "flow_comment": "Фосфаты по фосфору", "flow_pdk": 0.2, "flow_flow": 9.25, "flow_field_9": null, "flow_field_10": null, "flow_field_11": null, "flow_field_12": null, "flow_field_13": null, "flow_field_14": null}, "geometry": {"type": "Point", "coordinates": [59.633197, 30.540788]}}, {"type": "Feature", "properties": {"station_id": "P04", "name": "д. Аннолово", "river": "р. Ижора", "lat": 59.633197, "lon": 30.540788, "flow_station_id": "P04", "flow_date": "Август 2022", "flow_parameter": "NO₂", "flow_value": null, "flow_unit": "мг/л", "flow_comment": "Нитриты", "flow_pdk": 0.2, "flow_flow": 7.22, "flow_field_9": null, "flow_field_10": null, "flow_field_11": null, "flow_field_12": null, "flow_field_13": null, "flow_field_14": null}, "geometry": {"type": "Point", "coordinates": [59.633197, 30.540788]}}, {"type": "Feature", "properties": {"station_id": "P04", "name": "д. Аннолово", "river": "р. Ижора", "lat": 59.633197, "lon": 30.540788, "flow_station_id": "P04", "flow_date": "Август 2022", "flow_parameter": "БПК5", "flow_value": 5.4, "flow_unit": "мг O₂/л", "flow_comment": "Биологическое потребление кислорода", "flow_pdk": 0.2, "flow_flow": 7.22, "flow_field_9": null, "flow_field_10": null, "flow_field_11": null, "flow_field_12": null, "flow_field_13": null, "flow_field_14": null}, "geometry": {"type": "Point", "coordinates": [59.633197, 30.540788]}}, {"type": "Feature", "properties": {"station_id": "P04", "name": "д. Аннолово", "river": "р. Ижора", "lat": 59.633197, "lon": 30.540788, "flow_station_id": "P04", "flow_date": "Август 2022", "flow_parameter": "PO₄³⁻", "flow_value": 0.219, "flow_unit": "мг/л", "flow_comment": "Фосфаты по фосфору", "flow_pdk": 0.2, "flow_flow": 7.22, "flow_field_9": null, "flow_field_10": null, "flow_field_11": null, "flow_field_12": null, "flow_field_13": null, "flow_field_14": null}, "geometry": {"type": "Point", "coordinates": [59.633197, 30.540788]}}, {"type": "Feature", "properties": {"station_id": "P04", "name": "д. Аннолово", "river": "р. Ижора", "lat": 59.633197, "lon": 30.540788, "flow_station_id": "P04", "flow_date": "Июль 2022", "flow_parameter": "NO₂", "flow_value": null, "flow_unit": "мг/л", "flow_comment": "Нитриты", "flow_pdk": 0.2, "flow_flow": 7.99, "flow_field_9": null, "flow_field_10": null, "flow_field_11": null, "flow_field_12": null, "flow_field_13": null, "flow_field_14": null}, "geometry": {"type": "Point", "coordinates": [59.633197, 30.540788]}}, {"type": "Feature", "properties": {"station_id": "P04", "name": "д. Аннолово", "river": "р. Ижора", "lat": 59.633197, "lon": 30.540788, "flow_station_id": "P04", "flow_date": "Июль 2022", "flow_parameter": "БПК5", "flow_value": null, "flow_unit": "мг O₂/л", "flow_comment": "Биологическое потребление кислорода", "flow_pdk": 0.2, "flow_flow": 7.99, "flow_field_9": null, "flow_field_10": null, "flow_field_11": null, "flow_field_12": null, "flow_field_13": null, "flow_field_14": null}, "geometry": {"type": "Point", "coordinates": [59.633197, 30.540788]}}, {"type": "Feature", "properties": {"station_id": "P04", "name": "д. Аннолово", "river": "р. Ижора", "lat": 59.633197, "lon": 30.540788, "flow_station_id": "P04", "flow_date": "Июль 2022", "flow_parameter": "PO₄³⁻", "flow_value": null, "flow_unit": "мг/л", "flow_comment": "Фосфаты по фосфору", "flow_pdk": 0.2, "flow_flow": 7.99, "flow_field_9": null, "flow_field_10": null, "flow_field_11": null, "flow_field_12": null, "flow_field_13": null, "flow_field_14": null}, "geometry": {"type": "Point", "coordinates": [59.633197, 30.540788]}}, {"type": "Feature", "properties": {"station_id": "P04", "name": "д. Аннолово", "river": "р. Ижора", "lat": 59.633197, "lon": 30.540788, "flow_station_id": "P04", "flow_date": "Июнь 2022", "flow_parameter": "NO₂", "flow_value": null, "flow_unit": "мг/л", "flow_comment": "Нитриты", "flow_pdk": 0.2, "flow_flow": 7.71, "flow_field_9": null, "flow_field_10": null, "flow_field_11": null, "flow_field_12": null, "flow_field_13": null, "flow_field_14": null}, "geometry": {"type": "Point", "coordinates": [59.633197, 30.540788]}}, {"type": "Feature", "properties": {"station_id": "P04", "name": "д. Аннолово", "river": "р. Ижора", "lat": 59.633197, "lon": 30.540788, "flow_station_id": "P04", "flow_date": "Июнь 2022", "flow_parameter": "БПК5", "flow_value": 6.4, "flow_unit": "мг O₂/л", "flow_comment": "Биологическое потребление кислорода", "flow_pdk": 0.2, "flow_flow": 7.71, "flow_field_9": null, "flow_field_10": null, "flow_field_11": null, "flow_field_12": null, "flow_field_13": null, "flow_field_14": null}, "geometry": {"type": "Point", "coordinates": [59.633197, 30.540788]}}, {"type": "Feature", "properties": {"station_id": "P04", "name": "д. Аннолово", "river": "р. Ижора", "lat": 59.633197, "lon": 30.540788, "flow_station_id": "P04", "flow_date": "Июнь 2022", "flow_parameter": "PO₄³⁻", "flow_value": null, "flow_unit": "мг/л", "flow_comment": "Фосфаты по фосфору", "flow_pdk": 0.2, "flow_flow": 7.71, "flow_field_9": null, "flow_field_10": null, "flow_field_11": null, "flow_field_12": null, "flow_field_13": null, "flow_field_14": null}, "geometry": {"type": "Point", "coordinates": [59.633197, 30.540788]}}, {"type": "Feature", "properties": {"station_id": "P04", "name": "д. Аннолово", "river": "р. Ижора", "lat": 59.633197, "lon": 30.540788, "flow_station_id": "P04", "flow_date": "Май 2022", "flow_parameter": "NO₂", "flow_value": 0.186, "flow_unit": "мг/л", "flow_comment": "Нитриты", "flow_pdk": 0.2, "flow_flow": 9.21, "flow_field_9": null, "flow_field_10": null, "flow_field_11": null, "flow_field_12": null, "flow_field_13": null, "flow_field_14": null}, "geometry": {"type": "Point", "coordinates": [59.633197, 30.540788]}}, {"type": "Feature", "properties": {"station_id": "P04", "name": "д. Аннолово", "river": "р. Ижора", "lat": 59.633197, "lon": 30.540788, "flow_station_id": "P04", "flow_date": "Май 2022", "flow_parameter": "БПК5", "flow_value": 4.2, "flow_unit": "мг O₂/л", "flow_comment": "Биологическое потребление кислорода", "flow_pdk": 0.2, "flow_flow": 9.21, "flow_field_9": null, "flow_field_10": null, "flow_field_11": null, "flow_field_12": null, "flow_field_13": null, "flow_field_14": null}, "geometry": {"type": "Point", "coordinates": [59.633197, 30.540788]}}, {"type": "Feature", "properties": {"station_id": "P04", "name": "д. Аннолово", "river": "р. Ижора", "lat": 59.633197, "lon": 30.540788, "flow_station_id": "P04", "flow_date": "Май 2022", "flow_parameter": "PO₄³⁻", "flow_value": null, "flow_unit": "мг/л", "flow_comment": "Фосфаты по фосфору", "flow_pdk": 0.2, "flow_flow": 9.21, "flow_field_9": null, "flow_field_10": null, "flow_field_11": null, "flow_field_12": null, "flow_field_13": null, "flow_field_14": null}, "geometry": {"type": "Point", "coordinates": [59.633197, 30.540788]}}, {"type": "Feature", "properties": {"station_id": "P04", "name": "д. Аннолово", "river": "р. Ижора", "lat": 59.633197, "lon": 30.540788, "flow_station_id": "P04", "flow_date": "Апрель 2022", "flow_parameter": "NO₂", "flow_value": null, "flow_unit": "мг/л", "flow_comment": "Нитриты", "flow_pdk": 0.2, "flow_flow": 17.3, "flow_field_9": null, "flow_field_10": null, "flow_field_11": null, "flow_field_12": null, "flow_field_13": null, "flow_field_14": null}, "geometry": {"type": "Point", "coordinates": [59.633197, 30.540788]}}, {"type": "Feature", "properties": {"station_id": "P04", "name": "д. Аннолово", "river": "р. Ижора", "lat": 59.633197, "lon": 30.540788, "flow_station_id": "P04", "flow_date": "Апрель 2022", "flow_parameter": "БПК5", "flow_value": null, "flow_unit": "мг O₂/л", "flow_comment": "Биологическое потребление кислорода", "flow_pdk": 0.2, "flow_flow": 17.3, "flow_field_9": null, "flow_field_10": null, "flow_field_11": null, "flow_field_12": null, "flow_field_13": null, "flow_field_14": null}, "geometry": {"type": "Point", "coordinates": [59.633197, 30.540788]}}, {"type": "Feature", "properties": {"station_id": "P04", "name": "д. Аннолово", "river": "р. Ижора", "lat": 59.633197, "lon": 30.540788, "flow_station_id": "P04", "flow_date": "Апрель 2022", "flow_parameter": "PO₄³⁻", "flow_value": null, "flow_unit": "мг/л", "flow_comment": "Фосфаты по фосфору", "flow_pdk": 0.2, "flow_flow": 17.3, "flow_field_9": null, "flow_field_10": null, "flow_field_11": null, "flow_field_12": null, "flow_field_13": null, "flow_field_14": null}, "geometry": {"type": "Point", "coordinates": [59.633197, 30.540788]}}, {"type": "Feature", "properties": {"station_id": "P04", "name": "д. Аннолово", "river": "р. Ижора", "lat": 59.633197, "lon": 30.540788, "flow_station_id": "P04", "flow_date": "Март 2022", "flow_parameter": "NO₂", "flow_value": null, "flow_unit": "мг/л", "flow_comment": "Нитриты", "flow_pdk": 0.2, "flow_flow": 8.09, "flow_field_9": null, "flow_field_10": null, "flow_field_11": null, "flow_field_12": null, "flow_field_13": null, "flow_field_14": null}, "geometry": {"type": "Point", "coordinates": [59.633197, 30.540788]}}, {"type": "Feature", "properties": {"station_id": "P04", "name": "д. Аннолово", "river": "р. Ижора", "lat": 59.633197, "lon": 30.540788, "flow_station_id": "P04", "flow_date": "Март 2022", "flow_parameter": "БПК5", "flow_value": 9.3, "flow_unit": "мг O₂/л", "flow_comment": "Биологическое потребление кислорода", "flow_pdk": 0.2, "flow_flow": 8.09, "flow_field_9": null, "flow_field_10": null, "flow_field_11": null, "flow_field_12": null, "flow_field_13": null, "flow_field_14": null}, "geometry": {"type": "Point", "coordinates": [59.633197, 30.540788]}}, {"type": "Feature", "properties": {"station_id": "P04", "name": "д. Аннолово", "river": "р. Ижора", "lat": 59.633197, "lon": 30.540788, "flow_station_id": "P04", "flow_date": "Март 2022", "flow_parameter": "PO₄³⁻", "flow_value": null, "flow_unit": "мг/л", "flow_comment": "Фосфаты по фосфору", "flow_pdk": 0.2, "flow_flow": 8.09, "flow_field_9": null, "flow_field_10": null, "flow_field_11": null, "flow_field_12": null, "flow_field_13": null, "flow_field_14": null}, "geometry": {"type": "Point", "coordinates": [59.633197, 30.540788]}}, {"type": "Feature", "properties": {"station_id": "P04", "name": "д. Аннолово", "river": "р. Ижора", "lat": 59.633197, "lon": 30.540788, "flow_station_id": "P04", "flow_date": "Февраль 2022", "flow_parameter": "NO₂", "flow_value": null, "flow_unit": "мг/л", "flow_comment": "Нитриты", "flow_pdk": 0.2, "flow_flow": 5.46, "flow_field_9": null, "flow_field_10": null, "flow_field_11": null, "flow_field_12": null, "flow_field_13": null, "flow_field_14": null}, "geometry": {"type": "Point", "coordinates": [59.633197, 30.540788]}}, {"type": "Feature", "properties": {"station_id": "P04", "name": "д. Аннолово", "river": "р. Ижора", "lat": 59.633197, "lon": 30.540788, "flow_station_id": "P04", "flow_date": "Февраль 2022", "flow_parameter": "БПК5", "flow_value": null, "flow_unit": "мг O₂/л", "flow_comment": "Биологическое потребление кислорода", "flow_pdk": 0.2, "flow_flow": 5.46, "flow_field_9": null, "flow_field_10": null, "flow_field_11": null, "flow_field_12": null, "flow_field_13": null, "flow_field_14": null}, "geometry": {"type": "Point", "coordinates": [59.633197, 30.540788]}}, {"type": "Feature", "properties": {"station_id": "P04", "name": "д. Аннолово", "river": "р. Ижора", "lat": 59.633197, "lon": 30.540788, "flow_station_id": "P04", "flow_date": "Февраль 2022", "flow_parameter": "PO₄³⁻", "flow_value": null, "flow_unit": "мг/л", "flow_comment": "Фосфаты по фосфору", "flow_pdk": 0.2, "flow_flow": 5.46, "flow_field_9": null, "flow_field_10": null, "flow_field_11": null, "flow_field_12": null, "flow_field_13": null, "flow_field_14": null}, "geometry": {"type": "Point", "coordinates": [59.633197, 30.540788]}}, {"type": "Feature", "properties": {"station_id": "P04", "name": "д. Аннолово", "river": "р. Ижора", "lat": 59.633197, "lon": 30.540788, "flow_station_id": "P04", "flow_date": "Январь 2022", "flow_parameter": "NO₂", "flow_value": null, "flow_unit": "мг/л", "flow_comment": "Нитриты", "flow_pdk": 0.2, "flow_flow": 4.68, "flow_field_9": null, "flow_field_10": null, "flow_field_11": null, "flow_field_12": null, "flow_field_13": null, "flow_field_14": null}, "geometry": {"type": "Point", "coordinates": [59.633197, 30.540788]}}, {"type": "Feature", "properties": {"station_id": "P04", "name": "д. Аннолово", "river": "р. Ижора", "lat": 59.633197, "lon": 30.540788, "flow_station_id": "P04", "flow_date": "Январь 2022", "flow_parameter": "БПК5", "flow_value": null, "flow_unit": "мг O₂/л", "flow_comment": "Биологическое потребление кислорода", "flow_pdk": 0.2, "flow_flow": 4.68, "flow_field_9": null, "flow_field_10": null, "flow_field_11": null, "flow_field_12": null, "flow_field_13": null, "flow_field_14": null}, "geometry": {"type": "Point", "coordinates": [59.633197, 30.540788]}}, {"type": "Feature", "properties": {"station_id": "P04", "name": "д. Аннолово", "river": "р. Ижора", "lat": 59.633197, "lon": 30.540788, "flow_station_id": "P04", "flow_date": "Январь 2022", "flow_parameter": "PO₄³⁻", "flow_value": null, "flow_unit": "мг/л", "flow_comment": "Фосфаты по фосфору", "flow_pdk": 0.2, "flow_flow": 4.68, "flow_field_9": null, "flow_field_10": null, "flow_field_11": null, "flow_field_12": null, "flow_field_13": null, "flow_field_14": null}, "geometry": {"type": "Point", "coordinates": [59.633197, 30.540788]}}, {"type": "Feature", "properties": {"station_id": "P04", "name": "д. Аннолово", "river": "р. Ижора", "lat": 59.633197, "lon": 30.540788, "flow_station_id": "P04", "flow_date": "Декабрь 2021", "flow_parameter": "NO₂", "flow_value": null, "flow_unit": "мг/л", "flow_comment": "Нитриты", "flow_pdk": 0.2, "flow_flow": 6.09, "flow_field_9": null, "flow_field_10": null, "flow_field_11": null, "flow_field_12": null, "flow_field_13": null, "flow_field_14": null}, "geometry": {"type": "Point", "coordinates": [59.633197, 30.540788]}}, {"type": "Feature", "properties": {"station_id": "P04", "name": "д. Аннолово", "river": "р. Ижора", "lat": 59.633197, "lon": 30.540788, "flow_station_id": "P04", "flow_date": "Декабрь 2021", "flow_parameter": "БПК5", "flow_value": null, "flow_unit": "мг O₂/л", "flow_comment": "Биологическое потребление кислорода", "flow_pdk": 0.2, "flow_flow": 6.09, "flow_field_9": null, "flow_field_10": null, "flow_field_11": null, "flow_field_12": null, "flow_field_13": null, "flow_field_14": null}, "geometry": {"type": "Point", "coordinates": [59.633197, 30.540788]}}, {"type": "Feature", "properties": {"station_id": "P04", "name": "д. Аннолово", "river": "р. Ижора", "lat": 59.633197, "lon": 30.540788, "flow_station_id": "P04", "flow_date": "Декабрь 2021", "flow_parameter": "PO₄³⁻", "flow_value": null, "flow_unit": "мг/л", "flow_comment": "Фосфаты по фосфору", "flow_pdk": 0.2, "flow_flow": 6.09, "flow_field_9": null, "flow_field_10": null, "flow_field_11": null, "flow_field_12": null, "flow_field_13": null, "flow_field_14": null}, "geometry": {"type": "Point", "coordinates": [59.633197, 30.540788]}}, {"type": "Feature", "properties": {"station_id": "P04", "name": "д. Аннолово", "river": "р. Ижора", "lat": 59.633197, "lon": 30.540788, "flow_station_id": "P04", "flow_date": "Ноябрь 2021", "flow_parameter": "NO₂", "flow_value": null, "flow_unit": "мг/л", "flow_comment": "Нитриты", "flow_pdk": 0.2, "flow_flow": 9.2, "flow_field_9": null, "flow_field_10": null, "flow_field_11": null, "flow_field_12": null, "flow_field_13": null, "flow_field_14": null}, "geometry": {"type": "Point", "coordinates": [59.633197, 30.540788]}}, {"type": "Feature", "properties": {"station_id": "P04", "name": "д. Аннолово", "river": "р. Ижора", "lat": 59.633197, "lon": 30.540788, "flow_station_id": "P04", "flow_date": "Ноябрь 2021", "flow_parameter": "БПК5", "flow_value": null, "flow_unit": "мг O₂/л", "flow_comment": "Биологическое потребление кислорода", "flow_pdk": 0.2, "flow_flow": 9.2, "flow_field_9": null, "flow_field_10": null, "flow_field_11": null, "flow_field_12": null, "flow_field_13": null, "flow_field_14": null}, "geometry": {"type": "Point", "coordinates": [59.633197, 30.540788]}}, {"type": "Feature", "properties": {"station_id": "P04", "name": "д. Аннолово", "river": "р. Ижора", "lat": 59.633197, "lon": 30.540788, "flow_station_id": "P04", "flow_date": "Ноябрь 2021", "flow_parameter": "PO₄³⁻", "flow_value": null, "flow_unit": "мг/л", "flow_comment": "Фосфаты по фосфору", "flow_pdk": 0.2, "flow_flow": 9.2, "flow_field_9": null, "flow_field_10": null, "flow_field_11": null, "flow_field_12": null, "flow_field_13": null, "flow_field_14": null}, "geometry": {"type": "Point", "coordinates": [59.633197, 30.540788]}}, {"type": "Feature", "properties": {"station_id": "P04", "name": "д. Аннолово", "river": "р. Ижора", "lat": 59.633197, "lon": 30.540788, "flow_station_id": "P04", "flow_date": "Октябрь 2021", "flow_parameter": "NO₂", "flow_value": null, "flow_unit": "мг/л", "flow_comment": "Нитриты", "flow_pdk": 0.2, "flow_flow": 10.3, "flow_field_9": null, "flow_field_10": null, "flow_field_11": null, "flow_field_12": null, "flow_field_13": null, "flow_field_14": null}, "geometry": {"type": "Point", "coordinates": [59.633197, 30.540788]}}, {"type": "Feature", "properties": {"station_id": "P04", "name": "д. Аннолово", "river": "р. Ижора", "lat": 59.633197, "lon": 30.540788, "flow_station_id": "P04", "flow_date": "Октябрь 2021", "flow_parameter": "БПК5", "flow_value": null, "flow_unit": "мг O₂/л", "flow_comment": "Биологическое потребление кислорода", "flow_pdk": 0.2, "flow_flow": 10.3, "flow_field_9": null, "flow_field_10": null, "flow_field_11": null, "flow_field_12": null, "flow_field_13": null, "flow_field_14": null}, "geometry": {"type": "Point", "coordinates": [59.633197, 30.540788]}}, {"type": "Feature", "properties": {"station_id": "P04", "name": "д. Аннолово", "river": "р. Ижора", "lat": 59.633197, "lon": 30.540788, "flow_station_id": "P04", "flow_date": "Октябрь 2021", "flow_parameter": "PO₄³⁻", "flow_value": null, "flow_unit": "мг/л", "flow_comment": "Фосфаты по фосфору", "flow_pdk": 0.2, "flow_flow": 10.3, "flow_field_9": null, "flow_field_10": null, "flow_field_11": null, "flow_field_12": null, "flow_field_13": null, "flow_field_14": null}, "geometry": {"type": "Point", "coordinates": [59.633197, 30.540788]}}, {"type": "Feature", "properties": {"station_id": "P04", "name": "д. Аннолово", "river": "р. Ижора", "lat": 59.633197, "lon": 30.540788, "flow_station_id": "P04", "flow_date": "Сентябрь 2021", "flow_parameter": "NO₂", "flow_value": null, "flow_unit": "мг/л", "flow_comment": "Нитриты", "flow_pdk": 0.2, "flow_flow": 8.44, "flow_field_9": null, "flow_field_10": null, "flow_field_11": null, "flow_field_12": null, "flow_field_13": null, "flow_field_14": null}, "geometry": {"type": "Point", "coordinates": [59.633197, 30.540788]}}, {"type": "Feature", "properties": {"station_id": "P04", "name": "д. Аннолово", "river": "р. Ижора", "lat": 59.633197, "lon": 30.540788, "flow_station_id": "P04", "flow_date": "Сентябрь 2021", "flow_parameter": "БПК5", "flow_value": null, "flow_unit": "мг O₂/л", "flow_comment": "Биологическое потребление кислорода", "flow_pdk": 0.2, "flow_flow": 8.44, "flow_field_9": null, "flow_field_10": null, "flow_field_11": null, "flow_field_12": null, "flow_field_13": null, "flow_field_14": null}, "geometry": {"type": "Point", "coordinates": [59.633197, 30.540788]}}, {"type": "Feature", "properties": {"station_id": "P04", "name": "д. Аннолово", "river": "р. Ижора", "lat": 59.633197, "lon": 30.540788, "flow_station_id": "P04", "flow_date": "Сентябрь 2021", "flow_parameter": "PO₄³⁻", "flow_value": null, "flow_unit": "мг/л", "flow_comment": "Фосфаты по фосфору", "flow_pdk": 0.2, "flow_flow": 8.44, "flow_field_9": null, "flow_field_10": null, "flow_field_11": null, "flow_field_12": null, "flow_field_13": null, "flow_field_14": null}, "geometry": {"type": "Point", "coordinates": [59.633197, 30.540788]}}, {"type": "Feature", "properties": {"station_id": "P04", "name": "д. Аннолово", "river": "р. Ижора", "lat": 59.633197, "lon": 30.540788, "flow_station_id": "P04", "flow_date": "Август 2021", "flow_parameter": "NO₂", "flow_value": null, "flow_unit": "мг/л", "flow_comment": "Нитриты", "flow_pdk": 0.2, "flow_flow": 6.58, "flow_field_9": null, "flow_field_10": null, "flow_field_11": null, "flow_field_12": null, "flow_field_13": null, "flow_field_14": null}, "geometry": {"type": "Point", "coordinates": [59.633197, 30.540788]}}, {"type": "Feature", "properties": {"station_id": "P04", "name": "д. Аннолово", "river": "р. Ижора", "lat": 59.633197, "lon": 30.540788, "flow_station_id": "P04", "flow_date": "Август 2021", "flow_parameter": "БПК5", "flow_value": null, "flow_unit": "мг O₂/л", "flow_comment": "Биологическое потребление кислорода", "flow_pdk": 0.2, "flow_flow": 6.58, "flow_field_9": null, "flow_field_10": null, "flow_field_11": null, "flow_field_12": null, "flow_field_13": null, "flow_field_14": null}, "geometry": {"type": "Point", "coordinates": [59.633197, 30.540788]}}, {"type": "Feature", "properties": {"station_id": "P04", "name": "д. Аннолово", "river": "р. Ижора", "lat": 59.633197, "lon": 30.540788, "flow_station_id": "P04", "flow_date": "Август 2021", "flow_parameter": "PO₄³⁻", "flow_value": null, "flow_unit": "мг/л", "flow_comment": "Фосфаты по фосфору", "flow_pdk": 0.2, "flow_flow": 6.58, "flow_field_9": null, "flow_field_10": null, "flow_field_11": null, "flow_field_12": null, "flow_field_13": null, "flow_field_14": null}, "geometry": {"type": "Point", "coordinates": [59.633197, 30.540788]}}, {"type": "Feature", "properties": {"station_id": "P04", "name": "д. Аннолово", "river": "р. Ижора", "lat": 59.633197, "lon": 30.540788, "flow_station_id": "P04", "flow_date": "Июль 2021", "flow_parameter": "NO₂", "flow_value": null, "flow_unit": "мг/л", "flow_comment": "Нитриты", "flow_pdk": 0.2, "flow_flow": 7.22, "flow_field_9": null, "flow_field_10": null, "flow_field_11": null, "flow_field_12": null, "flow_field_13": null, "flow_field_14": null}, "geometry": {"type": "Point", "coordinates": [59.633197, 30.540788]}}, {"type": "Feature", "properties": {"station_id": "P04", "name": "д. Аннолово", "river": "р. Ижора", "lat": 59.633197, "lon": 30.540788, "flow_station_id": "P04", "flow_date": "Июль 2021", "flow_parameter": "БПК5", "flow_value": 7.0, "flow_unit": "мг O₂/л", "flow_comment": "Биологическое потребление кислорода", "flow_pdk": 0.2, "flow_flow": 7.22, "flow_field_9": null, "flow_field_10": null, "flow_field_11": null, "flow_field_12": null, "flow_field_13": null, "flow_field_14": null}, "geometry": {"type": "Point", "coordinates": [59.633197, 30.540788]}}, {"type": "Feature", "properties": {"station_id": "P04", "name": "д. Аннолово", "river": "р. Ижора", "lat": 59.633197, "lon": 30.540788, "flow_station_id": "P04", "flow_date": "Июль 2021", "flow_parameter": "PO₄³⁻", "flow_value": null, "flow_unit": "мг/л", "flow_comment": "Фосфаты по фосфору", "flow_pdk": 0.2, "flow_flow": 7.22, "flow_field_9": null, "flow_field_10": null, "flow_field_11": null, "flow_field_12": null, "flow_field_13": null, "flow_field_14": null}, "geometry": {"type": "Point", "coordinates": [59.633197, 30.540788]}}, {"type": "Feature", "properties": {"station_id": "P04", "name": "д. Аннолово", "river": "р. Ижора", "lat": 59.633197, "lon": 30.540788, "flow_station_id": "P04", "flow_date": "Июнь 2021", "flow_parameter": "NO₂", "flow_value": null, "flow_unit": "мг/л", "flow_comment": "Нитриты", "flow_pdk": 0.2, "flow_flow": 6.28, "flow_field_9": null, "flow_field_10": null, "flow_field_11": null, "flow_field_12": null, "flow_field_13": null, "flow_field_14": null}, "geometry": {"type": "Point", "coordinates": [59.633197, 30.540788]}}, {"type": "Feature", "properties": {"station_id": "P04", "name": "д. Аннолово", "river": "р. Ижора", "lat": 59.633197, "lon": 30.540788, "flow_station_id": "P04", "flow_date": "Июнь 2021", "flow_parameter": "БПК5", "flow_value": null, "flow_unit": "мг O₂/л", "flow_comment": "Биологическое потребление кислорода", "flow_pdk": 0.2, "flow_flow": 6.28, "flow_field_9": null, "flow_field_10": null, "flow_field_11": null, "flow_field_12": null, "flow_field_13": null, "flow_field_14": null}, "geometry": {"type": "Point", "coordinates": [59.633197, 30.540788]}}, {"type": "Feature", "properties": {"station_id": "P04", "name": "д. Аннолово", "river": "р. Ижора", "lat": 59.633197, "lon": 30.540788, "flow_station_id": "P04", "flow_date": "Июнь 2021", "flow_parameter": "PO₄³⁻", "flow_value": null, "flow_unit": "мг/л", "flow_comment": "Фосфаты по фосфору", "flow_pdk": 0.2, "flow_flow": 6.28, "flow_field_9": null, "flow_field_10": null, "flow_field_11": null, "flow_field_12": null, "flow_field_13": null, "flow_field_14": null}, "geometry": {"type": "Point", "coordinates": [59.633197, 30.540788]}}, {"type": "Feature", "properties": {"station_id": "P04", "name": "д. Аннолово", "river": "р. Ижора", "lat": 59.633197, "lon": 30.540788, "flow_station_id": "P04", "flow_date": "Май 2021", "flow_parameter": "NO₂", "flow_value": 0.554, "flow_unit": "мг/л", "flow_comment": "Нитриты", "flow_pdk": 0.2, "flow_flow": 14.5, "flow_field_9": null, "flow_field_10": null, "flow_field_11": null, "flow_field_12": null, "flow_field_13": null, "flow_field_14": null}, "geometry": {"type": "Point", "coordinates": [59.633197, 30.540788]}}, {"type": "Feature", "properties": {"station_id": "P04", "name": "д. Аннолово", "river": "р. Ижора", "lat": 59.633197, "lon": 30.540788, "flow_station_id": "P04", "flow_date": "Май 2021", "flow_parameter": "БПК5", "flow_value": 4.8, "flow_unit": "мг O₂/л", "flow_comment": "Биологическое потребление кислорода", "flow_pdk": 0.2, "flow_flow": 14.5, "flow_field_9": null, "flow_field_10": null, "flow_field_11": null, "flow_field_12": null, "flow_field_13": null, "flow_field_14": null}, "geometry": {"type": "Point", "coordinates": [59.633197, 30.540788]}}, {"type": "Feature", "properties": {"station_id": "P04", "name": "д. Аннолово", "river": "р. Ижора", "lat": 59.633197, "lon": 30.540788, "flow_station_id": "P04", "flow_date": "Май 2021", "flow_parameter": "PO₄³⁻", "flow_value": 0.26, "flow_unit": "мг/л", "flow_comment": "Фосфаты по фосфору", "flow_pdk": 0.2, "flow_flow": 14.5, "flow_field_9": null, "flow_field_10": null, "flow_field_11": null, "flow_field_12": null, "flow_field_13": null, "flow_field_14": null}, "geometry": {"type": "Point", "coordinates": [59.633197, 30.540788]}}, {"type": "Feature", "properties": {"station_id": "P04", "name": "д. Аннолово", "river": "р. Ижора", "lat": 59.633197, "lon": 30.540788, "flow_station_id": "P04", "flow_date": "Апрель 2021", "flow_parameter": "NO₂", "flow_value": null, "flow_unit": "мг/л", "flow_comment": "Нитриты", "flow_pdk": 0.2, "flow_flow": 12.2, "flow_field_9": null, "flow_field_10": null, "flow_field_11": null, "flow_field_12": null, "flow_field_13": null, "flow_field_14": null}, "geometry": {"type": "Point", "coordinates": [59.633197, 30.540788]}}, {"type": "Feature", "properties": {"station_id": "P04", "name": "д. Аннолово", "river": "р. Ижора", "lat": 59.633197, "lon": 30.540788, "flow_station_id": "P04", "flow_date": "Апрель 2021", "flow_parameter": "БПК5", "flow_value": null, "flow_unit": "мг O₂/л", "flow_comment": "Биологическое потребление кислорода", "flow_pdk": 0.2, "flow_flow": 12.2, "flow_field_9": null, "flow_field_10": null, "flow_field_11": null, "flow_field_12": null, "flow_field_13": null, "flow_field_14": null}, "geometry": {"type": "Point", "coordinates": [59.633197, 30.540788]}}, {"type": "Feature", "properties": {"station_id": "P04", "name": "д. Аннолово", "river": "р. Ижора", "lat": 59.633197, "lon": 30.540788, "flow_station_id": "P04", "flow_date": "Апрель 2021", "flow_parameter": "PO₄³⁻", "flow_value": null, "flow_unit": "мг/л", "flow_comment": "Фосфаты по фосфору", "flow_pdk": 0.2, "flow_flow": 12.2, "flow_field_9": null, "flow_field_10": null, "flow_field_11": null, "flow_field_12": null, "flow_field_13": null, "flow_field_14": null}, "geometry": {"type": "Point", "coordinates": [59.633197, 30.540788]}}, {"type": "Feature", "properties": {"station_id": "P04", "name": "д. Аннолово", "river": "р. Ижора", "lat": 59.633197, "lon": 30.540788, "flow_station_id": "P04", "flow_date": "Март 2021", "flow_parameter": "NO₂", "flow_value": null, "flow_unit": "мг/л", "flow_comment": "Нитриты", "flow_pdk": 0.2, "flow_flow": 7.52, "flow_field_9": null, "flow_field_10": null, "flow_field_11": null, "flow_field_12": null, "flow_field_13": null, "flow_field_14": null}, "geometry": {"type": "Point", "coordinates": [59.633197, 30.540788]}}, {"type": "Feature", "properties": {"station_id": "P04", "name": "д. Аннолово", "river": "р. Ижора", "lat": 59.633197, "lon": 30.540788, "flow_station_id": "P04", "flow_date": "Март 2021", "flow_parameter": "БПК5", "flow_value": null, "flow_unit": "мг O₂/л", "flow_comment": "Биологическое потребление кислорода", "flow_pdk": 0.2, "flow_flow": 7.52, "flow_field_9": null, "flow_field_10": null, "flow_field_11": null, "flow_field_12": null, "flow_field_13": null, "flow_field_14": null}, "geometry": {"type": "Point", "coordinates": [59.633197, 30.540788]}}, {"type": "Feature", "properties": {"station_id": "P04", "name": "д. Аннолово", "river": "р. Ижора", "lat": 59.633197, "lon": 30.540788, "flow_station_id": "P04", "flow_date": "Март 2021", "flow_parameter": "PO₄³⁻", "flow_value": null, "flow_unit": "мг/л", "flow_comment": "Фосфаты по фосфору", "flow_pdk": 0.2, "flow_flow": 7.52, "flow_field_9": null, "flow_field_10": null, "flow_field_11": null, "flow_field_12": null, "flow_field_13": null, "flow_field_14": null}, "geometry": {"type": "Point", "coordinates": [59.633197, 30.540788]}}, {"type": "Feature", "properties": {"station_id": "P04", "name": "д. Аннолово", "river": "р. Ижора", "lat": 59.633197, "lon": 30.540788, "flow_station_id": "P04", "flow_date": "Февраль 2021", "flow_parameter": "NO₂", "flow_value": null, "flow_unit": "мг/л", "flow_comment": "Нитриты", "flow_pdk": 0.2, "flow_flow": 4.75, "flow_field_9": null, "flow_field_10": null, "flow_field_11": null, "flow_field_12": null, "flow_field_13": null, "flow_field_14": null}, "geometry": {"type": "Point", "coordinates": [59.633197, 30.540788]}}, {"type": "Feature", "properties": {"station_id": "P04", "name": "д. Аннолово", "river": "р. Ижора", "lat": 59.633197, "lon": 30.540788, "flow_station_id": "P04", "flow_date": "Февраль 2021", "flow_parameter": "БПК5", "flow_value": null, "flow_unit": "мг O₂/л", "flow_comment": "Биологическое потребление кислорода", "flow_pdk": 0.2, "flow_flow": 4.75, "flow_field_9": null, "flow_field_10": null, "flow_field_11": null, "flow_field_12": null, "flow_field_13": null, "flow_field_14": null}, "geometry": {"type": "Point", "coordinates": [59.633197, 30.540788]}}, {"type": "Feature", "properties": {"station_id": "P04", "name": "д. Аннолово", "river": "р. Ижора", "lat": 59.633197, "lon": 30.540788, "flow_station_id": "P04", "flow_date": "Февраль 2021", "flow_parameter": "PO₄³⁻", "flow_value": null, "flow_unit": "мг/л", "flow_comment": "Фосфаты по фосфору", "flow_pdk": 0.2, "flow_flow": 4.75, "flow_field_9": null, "flow_field_10": null, "flow_field_11": null, "flow_field_12": null, "flow_field_13": null, "flow_field_14": null}, "geometry": {"type": "Point", "coordinates": [59.633197, 30.540788]}}, {"type": "Feature", "properties": {"station_id": "P04", "name": "д. Аннолово", "river": "р. Ижора", "lat": 59.633197, "lon": 30.540788, "flow_station_id": "P04", "flow_date": "Январь 2021", "flow_parameter": "NO₂", "flow_value": null, "flow_unit": "мг/л", "flow_comment": "Нитриты", "flow_pdk": 0.2, "flow_flow": 7.99, "flow_field_9": null, "flow_field_10": null, "flow_field_11": null, "flow_field_12": null, "flow_field_13": null, "flow_field_14": null}, "geometry": {"type": "Point", "coordinates": [59.633197, 30.540788]}}, {"type": "Feature", "properties": {"station_id": "P04", "name": "д. Аннолово", "river": "р. Ижора", "lat": 59.633197, "lon": 30.540788, "flow_station_id": "P04", "flow_date": "Январь 2021", "flow_parameter": "БПК5", "flow_value": null, "flow_unit": "мг O₂/л", "flow_comment": "Биологическое потребление кислорода", "flow_pdk": 0.2, "flow_flow": 7.99, "flow_field_9": null, "flow_field_10": null, "flow_field_11": null, "flow_field_12": null, "flow_field_13": null, "flow_field_14": null}, "geometry": {"type": "Point", "coordinates": [59.633197, 30.540788]}}, {"type": "Feature", "properties": {"station_id": "P04", "name": "д. Аннолово", "river": "р. Ижора", "lat": 59.633197, "lon": 30.540788, "flow_station_id": "P04", "flow_date": "Январь 2021", "flow_parameter": "PO₄³⁻", "flow_value": null, "flow_unit": "мг/л", "flow_comment": "Фосфаты по фосфору", "flow_pdk": 0.2, "flow_flow": 7.99, "flow_field_9": null, "flow_field_10": null, "flow_field_11": null, "flow_field_12": null, "flow_field_13": null, "flow_field_14": null}, "geometry": {"type": "Point", "coordinates": [59.633197, 30.540788]}}, {"type": "Feature", "properties": {"station_id": "P04", "name": "д. Аннолово", "river": "р. Ижора", "lat": 59.633197, "lon": 30.540788, "flow_station_id": "P04", "flow_date": "Декабрь 2020", "flow_parameter": "NO₂", "flow_value": null, "flow_unit": "мг/л", "flow_comment": "Нитриты", "flow_pdk": 0.2, "flow_flow": 8.69, "flow_field_9": null, "flow_field_10": null, "flow_field_11": null, "flow_field_12": null, "flow_field_13": null, "flow_field_14": null}, "geometry": {"type": "Point", "coordinates": [59.633197, 30.540788]}}, {"type": "Feature", "properties": {"station_id": "P04", "name": "д. Аннолово", "river": "р. Ижора", "lat": 59.633197, "lon": 30.540788, "flow_station_id": "P04", "flow_date": "Декабрь 2020", "flow_parameter": "БПК5", "flow_value": null, "flow_unit": "мг O₂/л", "flow_comment": "Биологическое потребление кислорода", "flow_pdk": 0.2, "flow_flow": 8.69, "flow_field_9": null, "flow_field_10": null, "flow_field_11": null, "flow_field_12": null, "flow_field_13": null, "flow_field_14": null}, "geometry": {"type": "Point", "coordinates": [59.633197, 30.540788]}}, {"type": "Feature", "properties": {"station_id": "P04", "name": "д. Аннолово", "river": "р. Ижора", "lat": 59.633197, "lon": 30.540788, "flow_station_id": "P04", "flow_date": "Декабрь 2020", "flow_parameter": "PO₄³⁻", "flow_value": null, "flow_unit": "мг/л", "flow_comment": "Фосфаты по фосфору", "flow_pdk": 0.2, "flow_flow": 8.69, "flow_field_9": null, "flow_field_10": null, "flow_field_11": null, "flow_field_12": null, "flow_field_13": null, "flow_field_14": null}, "geometry": {"type": "Point", "coordinates": [59.633197, 30.540788]}}, {"type": "Feature", "properties": {"station_id": "P04", "name": "д. Аннолово", "river": "р. Ижора", "lat": 59.633197, "lon": 30.540788, "flow_station_id": "P04", "flow_date": "Ноябрь 2020", "flow_parameter": "NO₂", "flow_value": null, "flow_unit": "мг/л", "flow_comment": "Нитриты", "flow_pdk": 0.2, "flow_flow": 10.1, "flow_field_9": null, "flow_field_10": null, "flow_field_11": null, "flow_field_12": null, "flow_field_13": null, "flow_field_14": null}, "geometry": {"type": "Point", "coordinates": [59.633197, 30.540788]}}, {"type": "Feature", "properties": {"station_id": "P04", "name": "д. Аннолово", "river": "р. Ижора", "lat": 59.633197, "lon": 30.540788, "flow_station_id": "P04", "flow_date": "Ноябрь 2020", "flow_parameter": "БПК5", "flow_value": null, "flow_unit": "мг O₂/л", "flow_comment": "Биологическое потребление кислорода", "flow_pdk": 0.2, "flow_flow": 10.1, "flow_field_9": null, "flow_field_10": null, "flow_field_11": null, "flow_field_12": null, "flow_field_13": null, "flow_field_14": null}, "geometry": {"type": "Point", "coordinates": [59.633197, 30.540788]}}, {"type": "Feature", "properties": {"station_id": "P04", "name": "д. Аннолово", "river": "р. Ижора", "lat": 59.633197, "lon": 30.540788, "flow_station_id": "P04", "flow_date": "Ноябрь 2020", "flow_parameter": "PO₄³⁻", "flow_value": null, "flow_unit": "мг/л", "flow_comment": "Фосфаты по фосфору", "flow_pdk": 0.2, "flow_flow": 10.1, "flow_field_9": null, "flow_field_10": null, "flow_field_11": null, "flow_field_12": null, "flow_field_13": null, "flow_field_14": null}, "geometry": {"type": "Point", "coordinates": [59.633197, 30.540788]}}, {"type": "Feature", "properties": {"station_id": "P04", "name": "д. Аннолово", "river": "р. Ижора", "lat": 59.633197, "lon": 30.540788, "flow_station_id": "P04", "flow_date": "Октябрь 2020", "flow_parameter": "NO₂", "flow_value": null, "flow_unit": "мг/л", "flow_comment": "Нитриты", "flow_pdk": 0.2, "flow_flow": 6.95, "flow_field_9": null, "flow_field_10": null, "flow_field_11": null, "flow_field_12": null, "flow_field_13": null, "flow_field_14": null}, "geometry": {"type": "Point", "coordinates": [59.633197, 30.540788]}}, {"type": "Feature", "properties": {"station_id": "P04", "name": "д. Аннолово", "river": "р. Ижора", "lat": 59.633197, "lon": 30.540788, "flow_station_id": "P04", "flow_date": "Октябрь 2020", "flow_parameter": "БПК5", "flow_value": null, "flow_unit": "мг O₂/л", "flow_comment": "Биологическое потребление кислорода", "flow_pdk": 0.2, "flow_flow": 6.95, "flow_field_9": null, "flow_field_10": null, "flow_field_11": null, "flow_field_12": null, "flow_field_13": null, "flow_field_14": null}, "geometry": {"type": "Point", "coordinates": [59.633197, 30.540788]}}, {"type": "Feature", "properties": {"station_id": "P04", "name": "д. Аннолово", "river": "р. Ижора", "lat": 59.633197, "lon": 30.540788, "flow_station_id": "P04", "flow_date": "Октябрь 2020", "flow_parameter": "PO₄³⁻", "flow_value": null, "flow_unit": "мг/л", "flow_comment": "Фосфаты по фосфору", "flow_pdk": 0.2, "flow_flow": 6.95, "flow_field_9": null, "flow_field_10": null, "flow_field_11": null, "flow_field_12": null, "flow_field_13": null, "flow_field_14": null}, "geometry": {"type": "Point", "coordinates": [59.633197, 30.540788]}}, {"type": "Feature", "properties": {"station_id": "P04", "name": "д. Аннолово", "river": "р. Ижора", "lat": 59.633197, "lon": 30.540788, "flow_station_id": "P04", "flow_date": "Сентябрь 2020", "flow_parameter": "NO₂", "flow_value": null, "flow_unit": "мг/л", "flow_comment": "Нитриты", "flow_pdk": 0.2, "flow_flow": 7.12, "flow_field_9": null, "flow_field_10": null, "flow_field_11": null, "flow_field_12": null, "flow_field_13": null, "flow_field_14": null}, "geometry": {"type": "Point", "coordinates": [59.633197, 30.540788]}}, {"type": "Feature", "properties": {"station_id": "P04", "name": "д. Аннолово", "river": "р. Ижора", "lat": 59.633197, "lon": 30.540788, "flow_station_id": "P04", "flow_date": "Сентябрь 2020", "flow_parameter": "БПК5", "flow_value": null, "flow_unit": "мг O₂/л", "flow_comment": "Биологическое потребление кислорода", "flow_pdk": 0.2, "flow_flow": 7.12, "flow_field_9": null, "flow_field_10": null, "flow_field_11": null, "flow_field_12": null, "flow_field_13": null, "flow_field_14": null}, "geometry": {"type": "Point", "coordinates": [59.633197, 30.540788]}}, {"type": "Feature", "properties": {"station_id": "P04", "name": "д. Аннолово", "river": "р. Ижора", "lat": 59.633197, "lon": 30.540788, "flow_station_id": "P04", "flow_date": "Сентябрь 2020", "flow_parameter": "PO₄³⁻", "flow_value": null, "flow_unit": "мг/л", "flow_comment": "Фосфаты по фосфору", "flow_pdk": 0.2, "flow_flow": 7.12, "flow_field_9": null, "flow_field_10": null, "flow_field_11": null, "flow_field_12": null, "flow_field_13": null, "flow_field_14": null}, "geometry": {"type": "Point", "coordinates": [59.633197, 30.540788]}}, {"type": "Feature", "properties": {"station_id": "P04", "name": "д. Аннолово", "river": "р. Ижора", "lat": 59.633197, "lon": 30.540788, "flow_station_id": "P04", "flow_date": "Август 2020", "flow_parameter": "NO₂", "flow_value": 0.26, "flow_unit": "мг/л", "flow_comment": "Нитриты", "flow_pdk": 0.2, "flow_flow": 7.52, "flow_field_9": null, "flow_field_10": null, "flow_field_11": null, "flow_field_12": null, "flow_field_13": null, "flow_field_14": null}, "geometry": {"type": "Point", "coordinates": [59.633197, 30.540788]}}, {"type": "Feature", "properties": {"station_id": "P04", "name": "д. Аннолово", "river": "р. Ижора", "lat": 59.633197, "lon": 30.540788, "flow_station_id": "P04", "flow_date": "Август 2020", "flow_parameter": "БПК5", "flow_value": null, "flow_unit": "мг O₂/л", "flow_comment": "Биологическое потребление кислорода", "flow_pdk": 0.2, "flow_flow": 7.52, "flow_field_9": null, "flow_field_10": null, "flow_field_11": null, "flow_field_12": null, "flow_field_13": null, "flow_field_14": null}, "geometry": {"type": "Point", "coordinates": [59.633197, 30.540788]}}, {"type": "Feature", "properties": {"station_id": "P04", "name": "д. Аннолово", "river": "р. Ижора", "lat": 59.633197, "lon": 30.540788, "flow_station_id": "P04", "flow_date": "Август 2020", "flow_parameter": "PO₄³⁻", "flow_value": 0.479, "flow_unit": "мг/л", "flow_comment": "Фосфаты по фосфору", "flow_pdk": 0.2, "flow_flow": 7.52, "flow_field_9": null, "flow_field_10": null, "flow_field_11": null, "flow_field_12": null, "flow_field_13": null, "flow_field_14": null}, "geometry": {"type": "Point", "coordinates": [59.633197, 30.540788]}}, {"type": "Feature", "properties": {"station_id": "P04", "name": "д. Аннолово", "river": "р. Ижора", "lat": 59.633197, "lon": 30.540788, "flow_station_id": "P04", "flow_date": "Июль 2020", "flow_parameter": "NO₂", "flow_value": null, "flow_unit": "мг/л", "flow_comment": "Нитриты", "flow_pdk": 0.2, "flow_flow": 9.13, "flow_field_9": null, "flow_field_10": null, "flow_field_11": null, "flow_field_12": null, "flow_field_13": null, "flow_field_14": null}, "geometry": {"type": "Point", "coordinates": [59.633197, 30.540788]}}, {"type": "Feature", "properties": {"station_id": "P04", "name": "д. Аннолово", "river": "р. Ижора", "lat": 59.633197, "lon": 30.540788, "flow_station_id": "P04", "flow_date": "Июль 2020", "flow_parameter": "БПК5", "flow_value": 4.8, "flow_unit": "мг O₂/л", "flow_comment": "Биологическое потребление кислорода", "flow_pdk": 0.2, "flow_flow": 9.13, "flow_field_9": null, "flow_field_10": null, "flow_field_11": null, "flow_field_12": null, "flow_field_13": null, "flow_field_14": null}, "geometry": {"type": "Point", "coordinates": [59.633197, 30.540788]}}, {"type": "Feature", "properties": {"station_id": "P04", "name": "д. Аннолово", "river": "р. Ижора", "lat": 59.633197, "lon": 30.540788, "flow_station_id": "P04", "flow_date": "Июль 2020", "flow_parameter": "PO₄³⁻", "flow_value": null, "flow_unit": "мг/л", "flow_comment": "Фосфаты по фосфору", "flow_pdk": 0.2, "flow_flow": 9.13, "flow_field_9": null, "flow_field_10": null, "flow_field_11": null, "flow_field_12": null, "flow_field_13": null, "flow_field_14": null}, "geometry": {"type": "Point", "coordinates": [59.633197, 30.540788]}}, {"type": "Feature", "properties": {"station_id": "P04", "name": "д. Аннолово", "river": "р. Ижора", "lat": 59.633197, "lon": 30.540788, "flow_station_id": "P04", "flow_date": "Июнь 2020", "flow_parameter": "NO₂", "flow_value": null, "flow_unit": "мг/л", "flow_comment": "Нитриты", "flow_pdk": 0.2, "flow_flow": 10.0, "flow_field_9": null, "flow_field_10": null, "flow_field_11": null, "flow_field_12": null, "flow_field_13": null, "flow_field_14": null}, "geometry": {"type": "Point", "coordinates": [59.633197, 30.540788]}}, {"type": "Feature", "properties": {"station_id": "P04", "name": "д. Аннолово", "river": "р. Ижора", "lat": 59.633197, "lon": 30.540788, "flow_station_id": "P04", "flow_date": "Июнь 2020", "flow_parameter": "БПК5", "flow_value": null, "flow_unit": "мг O₂/л", "flow_comment": "Биологическое потребление кислорода", "flow_pdk": 0.2, "flow_flow": 10.0, "flow_field_9": null, "flow_field_10": null, "flow_field_11": null, "flow_field_12": null, "flow_field_13": null, "flow_field_14": null}, "geometry": {"type": "Point", "coordinates": [59.633197, 30.540788]}}, {"type": "Feature", "properties": {"station_id": "P04", "name": "д. Аннолово", "river": "р. Ижора", "lat": 59.633197, "lon": 30.540788, "flow_station_id": "P04", "flow_date": "Июнь 2020", "flow_parameter": "PO₄³⁻", "flow_value": null, "flow_unit": "мг/л", "flow_comment": "Фосфаты по фосфору", "flow_pdk": 0.2, "flow_flow": 10.0, "flow_field_9": null, "flow_field_10": null, "flow_field_11": null, "flow_field_12": null, "flow_field_13": null, "flow_field_14": null}, "geometry": {"type": "Point", "coordinates": [59.633197, 30.540788]}}, {"type": "Feature", "properties": {"station_id": "P04", "name": "д. Аннолово", "river": "р. Ижора", "lat": 59.633197, "lon": 30.540788, "flow_station_id": "P04", "flow_date": "Май 2020", "flow_parameter": "NO₂", "flow_value": 0.148, "flow_unit": "мг/л", "flow_comment": "Нитриты", "flow_pdk": 0.2, "flow_flow": 8.87, "flow_field_9": null, "flow_field_10": null, "flow_field_11": null, "flow_field_12": null, "flow_field_13": null, "flow_field_14": null}, "geometry": {"type": "Point", "coordinates": [59.633197, 30.540788]}}, {"type": "Feature", "properties": {"station_id": "P04", "name": "д. Аннолово", "river": "р. Ижора", "lat": 59.633197, "lon": 30.540788, "flow_station_id": "P04", "flow_date": "Май 2020", "flow_parameter": "БПК5", "flow_value": null, "flow_unit": "мг O₂/л", "flow_comment": "Биологическое потребление кислорода", "flow_pdk": 0.2, "flow_flow": 8.87, "flow_field_9": null, "flow_field_10": null, "flow_field_11": null, "flow_field_12": null, "flow_field_13": null, "flow_field_14": null}, "geometry": {"type": "Point", "coordinates": [59.633197, 30.540788]}}, {"type": "Feature", "properties": {"station_id": "P04", "name": "д. Аннолово", "river": "р. Ижора", "lat": 59.633197, "lon": 30.540788, "flow_station_id": "P04", "flow_date": "Май 2020", "flow_parameter": "PO₄³⁻", "flow_value": null, "flow_unit": "мг/л", "flow_comment": "Фосфаты по фосфору", "flow_pdk": 0.2, "flow_flow": 8.87, "flow_field_9": null, "flow_field_10": null, "flow_field_11": null, "flow_field_12": null, "flow_field_13": null, "flow_field_14": null}, "geometry": {"type": "Point", "coordinates": [59.633197, 30.540788]}}, {"type": "Feature", "properties": {"station_id": "P04", "name": "д. Аннолово", "river": "р. Ижора", "lat": 59.633197, "lon": 30.540788, "flow_station_id": "P04", "flow_date": "Апрель 2020", "flow_parameter": "NO₂", "flow_value": null, "flow_unit": "мг/л", "flow_comment": "Нитриты", "flow_pdk": 0.2, "flow_flow": 8.98, "flow_field_9": null, "flow_field_10": null, "flow_field_11": null, "flow_field_12": null, "flow_field_13": null, "flow_field_14": null}, "geometry": {"type": "Point", "coordinates": [59.633197, 30.540788]}}, {"type": "Feature", "properties": {"station_id": "P04", "name": "д. Аннолово", "river": "р. Ижора", "lat": 59.633197, "lon": 30.540788, "flow_station_id": "P04", "flow_date": "Апрель 2020", "flow_parameter": "БПК5", "flow_value": null, "flow_unit": "мг O₂/л", "flow_comment": "Биологическое потребление кислорода", "flow_pdk": 0.2, "flow_flow": 8.98, "flow_field_9": null, "flow_field_10": null, "flow_field_11": null, "flow_field_12": null, "flow_field_13": null, "flow_field_14": null}, "geometry": {"type": "Point", "coordinates": [59.633197, 30.540788]}}, {"type": "Feature", "properties": {"station_id": "P04", "name": "д. Аннолово", "river": "р. Ижора", "lat": 59.633197, "lon": 30.540788, "flow_station_id": "P04", "flow_date": "Апрель 2020", "flow_parameter": "PO₄³⁻", "flow_value": null, "flow_unit": "мг/л", "flow_comment": "Фосфаты по фосфору", "flow_pdk": 0.2, "flow_flow": 8.98, "flow_field_9": null, "flow_field_10": null, "flow_field_11": null, "flow_field_12": null, "flow_field_13": null, "flow_field_14": null}, "geometry": {"type": "Point", "coordinates": [59.633197, 30.540788]}}, {"type": "Feature", "properties": {"station_id": "P04", "name": "д. Аннолово", "river": "р. Ижора", "lat": 59.633197, "lon": 30.540788, "flow_station_id": "P04", "flow_date": "Март 2020", "flow_parameter": "NO₂", "flow_value": null, "flow_unit": "мг/л", "flow_comment": "Нитриты", "flow_pdk": 0.2, "flow_flow": 11.9, "flow_field_9": null, "flow_field_10": null, "flow_field_11": null, "flow_field_12": null, "flow_field_13": null, "flow_field_14": null}, "geometry": {"type": "Point", "coordinates": [59.633197, 30.540788]}}, {"type": "Feature", "properties": {"station_id": "P04", "name": "д. Аннолово", "river": "р. Ижора", "lat": 59.633197, "lon": 30.540788, "flow_station_id": "P04", "flow_date": "Март 2020", "flow_parameter": "БПК5", "flow_value": null, "flow_unit": "мг O₂/л", "flow_comment": "Биологическое потребление кислорода", "flow_pdk": 0.2, "flow_flow": 11.9, "flow_field_9": null, "flow_field_10": null, "flow_field_11": null, "flow_field_12": null, "flow_field_13": null, "flow_field_14": null}, "geometry": {"type": "Point", "coordinates": [59.633197, 30.540788]}}, {"type": "Feature", "properties": {"station_id": "P04", "name": "д. Аннолово", "river": "р. Ижора", "lat": 59.633197, "lon": 30.540788, "flow_station_id": "P04", "flow_date": "Март 2020", "flow_parameter": "PO₄³⁻", "flow_value": null, "flow_unit": "мг/л", "flow_comment": "Фосфаты по фосфору", "flow_pdk": 0.2, "flow_flow": 11.9, "flow_field_9": null, "flow_field_10": null, "flow_field_11": null, "flow_field_12": null, "flow_field_13": null, "flow_field_14": null}, "geometry": {"type": "Point", "coordinates": [59.633197, 30.540788]}}, {"type": "Feature", "properties": {"station_id": "P04", "name": "д. Аннолово", "river": "р. Ижора", "lat": 59.633197, "lon": 30.540788, "flow_station_id": "P04", "flow_date": "Февраль 2020", "flow_parameter": "NO₂", "flow_value": null, "flow_unit": "мг/л", "flow_comment": "Нитриты", "flow_pdk": 0.2, "flow_flow": 10.7, "flow_field_9": null, "flow_field_10": null, "flow_field_11": null, "flow_field_12": null, "flow_field_13": null, "flow_field_14": null}, "geometry": {"type": "Point", "coordinates": [59.633197, 30.540788]}}, {"type": "Feature", "properties": {"station_id": "P04", "name": "д. Аннолово", "river": "р. Ижора", "lat": 59.633197, "lon": 30.540788, "flow_station_id": "P04", "flow_date": "Февраль 2020", "flow_parameter": "БПК5", "flow_value": null, "flow_unit": "мг O₂/л", "flow_comment": "Биологическое потребление кислорода", "flow_pdk": 0.2, "flow_flow": 10.7, "flow_field_9": null, "flow_field_10": null, "flow_field_11": null, "flow_field_12": null, "flow_field_13": null, "flow_field_14": null}, "geometry": {"type": "Point", "coordinates": [59.633197, 30.540788]}}, {"type": "Feature", "properties": {"station_id": "P04", "name": "д. Аннолово", "river": "р. Ижора", "lat": 59.633197, "lon": 30.540788, "flow_station_id": "P04", "flow_date": "Февраль 2020", "flow_parameter": "PO₄³⁻", "flow_value": null, "flow_unit": "мг/л", "flow_comment": "Фосфаты по фосфору", "flow_pdk": 0.2, "flow_flow": 10.7, "flow_field_9": null, "flow_field_10": null, "flow_field_11": null, "flow_field_12": null, "flow_field_13": null, "flow_field_14": null}, "geometry": {"type": "Point", "coordinates": [59.633197, 30.540788]}}, {"type": "Feature", "properties": {"station_id": "P04", "name": "д. Аннолово", "river": "р. Ижора", "lat": 59.633197, "lon": 30.540788, "flow_station_id": "P04", "flow_date": "Январь 2020", "flow_parameter": "NO₂", "flow_value": null, "flow_unit": "мг/л", "flow_comment": "Нитриты", "flow_pdk": 0.2, "flow_flow": 10.1, "flow_field_9": null, "flow_field_10": null, "flow_field_11": null, "flow_field_12": null, "flow_field_13": null, "flow_field_14": null}, "geometry": {"type": "Point", "coordinates": [59.633197, 30.540788]}}, {"type": "Feature", "properties": {"station_id": "P04", "name": "д. Аннолово", "river": "р. Ижора", "lat": 59.633197, "lon": 30.540788, "flow_station_id": "P04", "flow_date": "Январь 2020", "flow_parameter": "БПК5", "flow_value": null, "flow_unit": "мг O₂/л", "flow_comment": "Биологическое потребление кислорода", "flow_pdk": 0.2, "flow_flow": 10.1, "flow_field_9": null, "flow_field_10": null, "flow_field_11": null, "flow_field_12": null, "flow_field_13": null, "flow_field_14": null}, "geometry": {"type": "Point", "coordinates": [59.633197, 30.540788]}}, {"type": "Feature", "properties": {"station_id": "P04", "name": "д. Аннолово", "river": "р. Ижора", "lat": 59.633197, "lon": 30.540788, "flow_station_id": "P04", "flow_date": "Январь 2020", "flow_parameter": "PO₄³⁻", "flow_value": null, "flow_unit": "мг/л", "flow_comment": "Фосфаты по фосфору", "flow_pdk": 0.2, "flow_flow": 10.1, "flow_field_9": null, "flow_field_10": null, "flow_field_11": null, "flow_field_12": null, "flow_field_13": null, "flow_field_14": null}, "geometry": {"type": "Point", "coordinates": [59.633197, 30.540788]}}, {"type": "Feature", "properties": {"station_id": "P04", "name": "д. Аннолово", "river": "р. Ижора", "lat": 59.633197, "lon": 30.540788, "flow_station_id": "P04", "flow_date": "Декабрь 2019", "flow_parameter": "NO₂", "flow_value": null, "flow_unit": "мг/л", "flow_comment": "Нитриты", "flow_pdk": 0.2, "flow_flow": 9.61, "flow_field_9": null, "flow_field_10": null, "flow_field_11": null, "flow_field_12": null, "flow_field_13": null, "flow_field_14": null}, "geometry": {"type": "Point", "coordinates": [59.633197, 30.540788]}}, {"type": "Feature", "properties": {"station_id": "P04", "name": "д. Аннолово", "river": "р. Ижора", "lat": 59.633197, "lon": 30.540788, "flow_station_id": "P04", "flow_date": "Декабрь 2019", "flow_parameter": "БПК5", "flow_value": null, "flow_unit": "мг O₂/л", "flow_comment": "Биологическое потребление кислорода", "flow_pdk": 0.2, "flow_flow": 9.61, "flow_field_9": null, "flow_field_10": null, "flow_field_11": null, "flow_field_12": null, "flow_field_13": null, "flow_field_14": null}, "geometry": {"type": "Point", "coordinates": [59.633197, 30.540788]}}, {"type": "Feature", "properties": {"station_id": "P04", "name": "д. Аннолово", "river": "р. Ижора", "lat": 59.633197, "lon": 30.540788, "flow_station_id": "P04", "flow_date": "Декабрь 2019", "flow_parameter": "PO₄³⁻", "flow_value": null, "flow_unit": "мг/л", "flow_comment": "Фосфаты по фосфору", "flow_pdk": 0.2, "flow_flow": 9.61, "flow_field_9": null, "flow_field_10": null, "flow_field_11": null, "flow_field_12": null, "flow_field_13": null, "flow_field_14": null}, "geometry": {"type": "Point", "coordinates": [59.633197, 30.540788]}}, {"type": "Feature", "properties": {"station_id": "P04", "name": "д. Аннолово", "river": "р. Ижора", "lat": 59.633197, "lon": 30.540788, "flow_station_id": "P04", "flow_date": "Ноябрь 2019", "flow_parameter": "NO₂", "flow_value": null, "flow_unit": "мг/л", "flow_comment": "Нитриты", "flow_pdk": 0.2, "flow_flow": 7.17, "flow_field_9": null, "flow_field_10": null, "flow_field_11": null, "flow_field_12": null, "flow_field_13": null, "flow_field_14": null}, "geometry": {"type": "Point", "coordinates": [59.633197, 30.540788]}}, {"type": "Feature", "properties": {"station_id": "P04", "name": "д. Аннолово", "river": "р. Ижора", "lat": 59.633197, "lon": 30.540788, "flow_station_id": "P04", "flow_date": "Ноябрь 2019", "flow_parameter": "БПК5", "flow_value": 6.2, "flow_unit": "мг O₂/л", "flow_comment": "Биологическое потребление кислорода", "flow_pdk": 0.2, "flow_flow": 7.17, "flow_field_9": null, "flow_field_10": null, "flow_field_11": null, "flow_field_12": null, "flow_field_13": null, "flow_field_14": null}, "geometry": {"type": "Point", "coordinates": [59.633197, 30.540788]}}, {"type": "Feature", "properties": {"station_id": "P04", "name": "д. Аннолово", "river": "р. Ижора", "lat": 59.633197, "lon": 30.540788, "flow_station_id": "P04", "flow_date": "Ноябрь 2019", "flow_parameter": "PO₄³⁻", "flow_value": null, "flow_unit": "мг/л", "flow_comment": "Фосфаты по фосфору", "flow_pdk": 0.2, "flow_flow": 7.17, "flow_field_9": null, "flow_field_10": null, "flow_field_11": null, "flow_field_12": null, "flow_field_13": null, "flow_field_14": null}, "geometry": {"type": "Point", "coordinates": [59.633197, 30.540788]}}, {"type": "Feature", "properties": {"station_id": "P04", "name": "д. Аннолово", "river": "р. Ижора", "lat": 59.633197, "lon": 30.540788, "flow_station_id": "P04", "flow_date": "Октябрь 2019", "flow_parameter": "NO₂", "flow_value": null, "flow_unit": "мг/л", "flow_comment": "Нитриты", "flow_pdk": 0.2, "flow_flow": 7.58, "flow_field_9": null, "flow_field_10": null, "flow_field_11": null, "flow_field_12": null, "flow_field_13": null, "flow_field_14": null}, "geometry": {"type": "Point", "coordinates": [59.633197, 30.540788]}}, {"type": "Feature", "properties": {"station_id": "P04", "name": "д. Аннолово", "river": "р. Ижора", "lat": 59.633197, "lon": 30.540788, "flow_station_id": "P04", "flow_date": "Октябрь 2019", "flow_parameter": "БПК5", "flow_value": null, "flow_unit": "мг O₂/л", "flow_comment": "Биологическое потребление кислорода", "flow_pdk": 0.2, "flow_flow": 7.58, "flow_field_9": null, "flow_field_10": null, "flow_field_11": null, "flow_field_12": null, "flow_field_13": null, "flow_field_14": null}, "geometry": {"type": "Point", "coordinates": [59.633197, 30.540788]}}, {"type": "Feature", "properties": {"station_id": "P04", "name": "д. Аннолово", "river": "р. Ижора", "lat": 59.633197, "lon": 30.540788, "flow_station_id": "P04", "flow_date": "Октябрь 2019", "flow_parameter": "PO₄³⁻", "flow_value": null, "flow_unit": "мг/л", "flow_comment": "Фосфаты по фосфору", "flow_pdk": 0.2, "flow_flow": 7.58, "flow_field_9": null, "flow_field_10": null, "flow_field_11": null, "flow_field_12": null, "flow_field_13": null, "flow_field_14": null}, "geometry": {"type": "Point", "coordinates": [59.633197, 30.540788]}}, {"type": "Feature", "properties": {"station_id": "P04", "name": "д. Аннолово", "river": "р. Ижора", "lat": 59.633197, "lon": 30.540788, "flow_station_id": "P04", "flow_date": "Сентябрь 2019", "flow_parameter": "NO₂", "flow_value": null, "flow_unit": "мг/л", "flow_comment": "Нитриты", "flow_pdk": 0.2, "flow_flow": 7.66, "flow_field_9": null, "flow_field_10": null, "flow_field_11": null, "flow_field_12": null, "flow_field_13": null, "flow_field_14": null}, "geometry": {"type": "Point", "coordinates": [59.633197, 30.540788]}}, {"type": "Feature", "properties": {"station_id": "P04", "name": "д. Аннолово", "river": "р. Ижора", "lat": 59.633197, "lon": 30.540788, "flow_station_id": "P04", "flow_date": "Сентябрь 2019", "flow_parameter": "БПК5", "flow_value": null, "flow_unit": "мг O₂/л", "flow_comment": "Биологическое потребление кислорода", "flow_pdk": 0.2, "flow_flow": 7.66, "flow_field_9": null, "flow_field_10": null, "flow_field_11": null, "flow_field_12": null, "flow_field_13": null, "flow_field_14": null}, "geometry": {"type": "Point", "coordinates": [59.633197, 30.540788]}}, {"type": "Feature", "properties": {"station_id": "P04", "name": "д. Аннолово", "river": "р. Ижора", "lat": 59.633197, "lon": 30.540788, "flow_station_id": "P04", "flow_date": "Сентябрь 2019", "flow_parameter": "PO₄³⁻", "flow_value": null, "flow_unit": "мг/л", "flow_comment": "Фосфаты по фосфору", "flow_pdk": 0.2, "flow_flow": 7.66, "flow_field_9": null, "flow_field_10": null, "flow_field_11": null, "flow_field_12": null, "flow_field_13": null, "flow_field_14": null}, "geometry": {"type": "Point", "coordinates": [59.633197, 30.540788]}}, {"type": "Feature", "properties": {"station_id": "P04", "name": "д. Аннолово", "river": "р. Ижора", "lat": 59.633197, "lon": 30.540788, "flow_station_id": "P04", "flow_date": "Август 2019", "flow_parameter": "NO₂", "flow_value": null, "flow_unit": "мг/л", "flow_comment": "Нитриты", "flow_pdk": 0.2, "flow_flow": 10.4, "flow_field_9": null, "flow_field_10": null, "flow_field_11": null, "flow_field_12": null, "flow_field_13": null, "flow_field_14": null}, "geometry": {"type": "Point", "coordinates": [59.633197, 30.540788]}}, {"type": "Feature", "properties": {"station_id": "P04", "name": "д. Аннолово", "river": "р. Ижора", "lat": 59.633197, "lon": 30.540788, "flow_station_id": "P04", "flow_date": "Август 2019", "flow_parameter": "БПК5", "flow_value": null, "flow_unit": "мг O₂/л", "flow_comment": "Биологическое потребление кислорода", "flow_pdk": 0.2, "flow_flow": 10.4, "flow_field_9": null, "flow_field_10": null, "flow_field_11": null, "flow_field_12": null, "flow_field_13": null, "flow_field_14": null}, "geometry": {"type": "Point", "coordinates": [59.633197, 30.540788]}}, {"type": "Feature", "properties": {"station_id": "P04", "name": "д. Аннолово", "river": "р. Ижора", "lat": 59.633197, "lon": 30.540788, "flow_station_id": "P04", "flow_date": "Август 2019", "flow_parameter": "PO₄³⁻", "flow_value": 0.34, "flow_unit": "мг/л", "flow_comment": "Фосфаты по фосфору", "flow_pdk": 0.2, "flow_flow": 10.4, "flow_field_9": null, "flow_field_10": null, "flow_field_11": null, "flow_field_12": null, "flow_field_13": null, "flow_field_14": null}, "geometry": {"type": "Point", "coordinates": [59.633197, 30.540788]}}, {"type": "Feature", "properties": {"station_id": "P04", "name": "д. Аннолово", "river": "р. Ижора", "lat": 59.633197, "lon": 30.540788, "flow_station_id": "P04", "flow_date": "Июль 2019", "flow_parameter": "NO₂", "flow_value": null, "flow_unit": "мг/л", "flow_comment": "Нитриты", "flow_pdk": 0.2, "flow_flow": 13.8, "flow_field_9": null, "flow_field_10": null, "flow_field_11": null, "flow_field_12": null, "flow_field_13": null, "flow_field_14": null}, "geometry": {"type": "Point", "coordinates": [59.633197, 30.540788]}}, {"type": "Feature", "properties": {"station_id": "P04", "name": "д. Аннолово", "river": "р. Ижора", "lat": 59.633197, "lon": 30.540788, "flow_station_id": "P04", "flow_date": "Июль 2019", "flow_parameter": "БПК5", "flow_value": null, "flow_unit": "мг O₂/л", "flow_comment": "Биологическое потребление кислорода", "flow_pdk": 0.2, "flow_flow": 13.8, "flow_field_9": null, "flow_field_10": null, "flow_field_11": null, "flow_field_12": null, "flow_field_13": null, "flow_field_14": null}, "geometry": {"type": "Point", "coordinates": [59.633197, 30.540788]}}, {"type": "Feature", "properties": {"station_id": "P04", "name": "д. Аннолово", "river": "р. Ижора", "lat": 59.633197, "lon": 30.540788, "flow_station_id": "P04", "flow_date": "Июль 2019", "flow_parameter": "PO₄³⁻", "flow_value": null, "flow_unit": "мг/л", "flow_comment": "Фосфаты по фосфору", "flow_pdk": 0.2, "flow_flow": 13.8, "flow_field_9": null, "flow_field_10": null, "flow_field_11": null, "flow_field_12": null, "flow_field_13": null, "flow_field_14": null}, "geometry": {"type": "Point", "coordinates": [59.633197, 30.540788]}}, {"type": "Feature", "properties": {"station_id": "P04", "name": "д. Аннолово", "river": "р. Ижора", "lat": 59.633197, "lon": 30.540788, "flow_station_id": "P04", "flow_date": "Июнь 2019", "flow_parameter": "NO₂", "flow_value": null, "flow_unit": "мг/л", "flow_comment": "Нитриты", "flow_pdk": 0.2, "flow_flow": 16.0, "flow_field_9": null, "flow_field_10": null, "flow_field_11": null, "flow_field_12": null, "flow_field_13": null, "flow_field_14": null}, "geometry": {"type": "Point", "coordinates": [59.633197, 30.540788]}}, {"type": "Feature", "properties": {"station_id": "P04", "name": "д. Аннолово", "river": "р. Ижора", "lat": 59.633197, "lon": 30.540788, "flow_station_id": "P04", "flow_date": "Июнь 2019", "flow_parameter": "БПК5", "flow_value": null, "flow_unit": "мг O₂/л", "flow_comment": "Биологическое потребление кислорода", "flow_pdk": 0.2, "flow_flow": 16.0, "flow_field_9": null, "flow_field_10": null, "flow_field_11": null, "flow_field_12": null, "flow_field_13": null, "flow_field_14": null}, "geometry": {"type": "Point", "coordinates": [59.633197, 30.540788]}}, {"type": "Feature", "properties": {"station_id": "P04", "name": "д. Аннолово", "river": "р. Ижора", "lat": 59.633197, "lon": 30.540788, "flow_station_id": "P04", "flow_date": "Июнь 2019", "flow_parameter": "PO₄³⁻", "flow_value": null, "flow_unit": "мг/л", "flow_comment": "Фосфаты по фосфору", "flow_pdk": 0.2, "flow_flow": 16.0, "flow_field_9": null, "flow_field_10": null, "flow_field_11": null, "flow_field_12": null, "flow_field_13": null, "flow_field_14": null}, "geometry": {"type": "Point", "coordinates": [59.633197, 30.540788]}}, {"type": "Feature", "properties": {"station_id": "P04", "name": "д. Аннолово", "river": "р. Ижора", "lat": 59.633197, "lon": 30.540788, "flow_station_id": "P04", "flow_date": "Май 2019", "flow_parameter": "NO₂", "flow_value": null, "flow_unit": "мг/л", "flow_comment": "Нитриты", "flow_pdk": 0.2, "flow_flow": 17.8, "flow_field_9": null, "flow_field_10": null, "flow_field_11": null, "flow_field_12": null, "flow_field_13": null, "flow_field_14": null}, "geometry": {"type": "Point", "coordinates": [59.633197, 30.540788]}}, {"type": "Feature", "properties": {"station_id": "P04", "name": "д. Аннолово", "river": "р. Ижора", "lat": 59.633197, "lon": 30.540788, "flow_station_id": "P04", "flow_date": "Май 2019", "flow_parameter": "БПК5", "flow_value": null, "flow_unit": "мг O₂/л", "flow_comment": "Биологическое потребление кислорода", "flow_pdk": 0.2, "flow_flow": 17.8, "flow_field_9": null, "flow_field_10": null, "flow_field_11": null, "flow_field_12": null, "flow_field_13": null, "flow_field_14": null}, "geometry": {"type": "Point", "coordinates": [59.633197, 30.540788]}}, {"type": "Feature", "properties": {"station_id": "P04", "name": "д. Аннолово", "river": "р. Ижора", "lat": 59.633197, "lon": 30.540788, "flow_station_id": "P04", "flow_date": "Май 2019", "flow_parameter": "PO₄³⁻", "flow_value": 0.26, "flow_unit": "мг/л", "flow_comment": "Фосфаты по фосфору", "flow_pdk": 0.2, "flow_flow": 17.8, "flow_field_9": null, "flow_field_10": null, "flow_field_11": null, "flow_field_12": null, "flow_field_13": null, "flow_field_14": null}, "geometry": {"type": "Point", "coordinates": [59.633197, 30.540788]}}, {"type": "Feature", "properties": {"station_id": "P04", "name": "д. Аннолово", "river": "р. Ижора", "lat": 59.633197, "lon": 30.540788, "flow_station_id": "P04", "flow_date": "Апрель 2019", "flow_parameter": "NO₂", "flow_value": null, "flow_unit": "мг/л", "flow_comment": "Нитриты", "flow_pdk": 0.2, "flow_flow": 16.4, "flow_field_9": null, "flow_field_10": null, "flow_field_11": null, "flow_field_12": null, "flow_field_13": null, "flow_field_14": null}, "geometry": {"type": "Point", "coordinates": [59.633197, 30.540788]}}, {"type": "Feature", "properties": {"station_id": "P04", "name": "д. Аннолово", "river": "р. Ижора", "lat": 59.633197, "lon": 30.540788, "flow_station_id": "P04", "flow_date": "Апрель 2019", "flow_parameter": "БПК5", "flow_value": null, "flow_unit": "мг O₂/л", "flow_comment": "Биологическое потребление кислорода", "flow_pdk": 0.2, "flow_flow": 16.4, "flow_field_9": null, "flow_field_10": null, "flow_field_11": null, "flow_field_12": null, "flow_field_13": null, "flow_field_14": null}, "geometry": {"type": "Point", "coordinates": [59.633197, 30.540788]}}, {"type": "Feature", "properties": {"station_id": "P04", "name": "д. Аннолово", "river": "р. Ижора", "lat": 59.633197, "lon": 30.540788, "flow_station_id": "P04", "flow_date": "Апрель 2019", "flow_parameter": "PO₄³⁻", "flow_value": null, "flow_unit": "мг/л", "flow_comment": "Фосфаты по фосфору", "flow_pdk": 0.2, "flow_flow": 16.4, "flow_field_9": null, "flow_field_10": null, "flow_field_11": null, "flow_field_12": null, "flow_field_13": null, "flow_field_14": null}, "geometry": {"type": "Point", "coordinates": [59.633197, 30.540788]}}, {"type": "Feature", "properties": {"station_id": "P04", "name": "д. Аннолово", "river": "р. Ижора", "lat": 59.633197, "lon": 30.540788, "flow_station_id": "P04", "flow_date": "Март 2019", "flow_parameter": "NO₂", "flow_value": null, "flow_unit": "мг/л", "flow_comment": "Нитриты", "flow_pdk": 0.2, "flow_flow": 10.7, "flow_field_9": null, "flow_field_10": null, "flow_field_11": null, "flow_field_12": null, "flow_field_13": null, "flow_field_14": null}, "geometry": {"type": "Point", "coordinates": [59.633197, 30.540788]}}, {"type": "Feature", "properties": {"station_id": "P04", "name": "д. Аннолово", "river": "р. Ижора", "lat": 59.633197, "lon": 30.540788, "flow_station_id": "P04", "flow_date": "Март 2019", "flow_parameter": "БПК5", "flow_value": null, "flow_unit": "мг O₂/л", "flow_comment": "Биологическое потребление кислорода", "flow_pdk": 0.2, "flow_flow": 10.7, "flow_field_9": null, "flow_field_10": null, "flow_field_11": null, "flow_field_12": null, "flow_field_13": null, "flow_field_14": null}, "geometry": {"type": "Point", "coordinates": [59.633197, 30.540788]}}, {"type": "Feature", "properties": {"station_id": "P04", "name": "д. Аннолово", "river": "р. Ижора", "lat": 59.633197, "lon": 30.540788, "flow_station_id": "P04", "flow_date": "Март 2019", "flow_parameter": "PO₄³⁻", "flow_value": null, "flow_unit": "мг/л", "flow_comment": "Фосфаты по фосфору", "flow_pdk": 0.2, "flow_flow": 10.7, "flow_field_9": null, "flow_field_10": null, "flow_field_11": null, "flow_field_12": null, "flow_field_13": null, "flow_field_14": null}, "geometry": {"type": "Point", "coordinates": [59.633197, 30.540788]}}, {"type": "Feature", "properties": {"station_id": "P04", "name": "д. Аннолово", "river": "р. Ижора", "lat": 59.633197, "lon": 30.540788, "flow_station_id": "P04", "flow_date": "Февраль 2019", "flow_parameter": "NO₂", "flow_value": null, "flow_unit": "мг/л", "flow_comment": "Нитриты", "flow_pdk": 0.2, "flow_flow": 3.91, "flow_field_9": null, "flow_field_10": null, "flow_field_11": null, "flow_field_12": null, "flow_field_13": null, "flow_field_14": null}, "geometry": {"type": "Point", "coordinates": [59.633197, 30.540788]}}, {"type": "Feature", "properties": {"station_id": "P04", "name": "д. Аннолово", "river": "р. Ижора", "lat": 59.633197, "lon": 30.540788, "flow_station_id": "P04", "flow_date": "Февраль 2019", "flow_parameter": "БПК5", "flow_value": null, "flow_unit": "мг O₂/л", "flow_comment": "Биологическое потребление кислорода", "flow_pdk": 0.2, "flow_flow": 3.91, "flow_field_9": null, "flow_field_10": null, "flow_field_11": null, "flow_field_12": null, "flow_field_13": null, "flow_field_14": null}, "geometry": {"type": "Point", "coordinates": [59.633197, 30.540788]}}, {"type": "Feature", "properties": {"station_id": "P04", "name": "д. Аннолово", "river": "р. Ижора", "lat": 59.633197, "lon": 30.540788, "flow_station_id": "P04", "flow_date": "Февраль 2019", "flow_parameter": "PO₄³⁻", "flow_value": null, "flow_unit": "мг/л", "flow_comment": "Фосфаты по фосфору", "flow_pdk": 0.2, "flow_flow": 3.91, "flow_field_9": null, "flow_field_10": null, "flow_field_11": null, "flow_field_12": null, "flow_field_13": null, "flow_field_14": null}, "geometry": {"type": "Point", "coordinates": [59.633197, 30.540788]}}, {"type": "Feature", "properties": {"station_id": "P04", "name": "д. Аннолово", "river": "р. Ижора", "lat": 59.633197, "lon": 30.540788, "flow_station_id": "P04", "flow_date": "Январь 2019", "flow_parameter": "NO₂", "flow_value": null, "flow_unit": "мг/л", "flow_comment": "Нитриты", "flow_pdk": 0.2, "flow_flow": 5.55, "flow_field_9": null, "flow_field_10": null, "flow_field_11": null, "flow_field_12": null, "flow_field_13": null, "flow_field_14": null}, "geometry": {"type": "Point", "coordinates": [59.633197, 30.540788]}}, {"type": "Feature", "properties": {"station_id": "P04", "name": "д. Аннолово", "river": "р. Ижора", "lat": 59.633197, "lon": 30.540788, "flow_station_id": "P04", "flow_date": "Январь 2019", "flow_parameter": "БПК5", "flow_value": null, "flow_unit": "мг O₂/л", "flow_comment": "Биологическое потребление кислорода", "flow_pdk": 0.2, "flow_flow": 5.55, "flow_field_9": null, "flow_field_10": null, "flow_field_11": null, "flow_field_12": null, "flow_field_13": null, "flow_field_14": null}, "geometry": {"type": "Point", "coordinates": [59.633197, 30.540788]}}, {"type": "Feature", "properties": {"station_id": "P04", "name": "д. Аннолово", "river": "р. Ижора", "lat": 59.633197, "lon": 30.540788, "flow_station_id": "P04", "flow_date": "Январь 2019", "flow_parameter": "PO₄³⁻", "flow_value": null, "flow_unit": "мг/л", "flow_comment": "Фосфаты по фосфору", "flow_pdk": 0.2, "flow_flow": 5.55, "flow_field_9": null, "flow_field_10": null, "flow_field_11": null, "flow_field_12": null, "flow_field_13": null, "flow_field_14": null}, "geometry": {"type": "Point", "coordinates": [59.633197, 30.540788]}}, {"type": "Feature", "properties": {"station_id": "P05", "name": "г. Луга", "river": "р. Луга", "lat": 58.73, "lon": 29.84, "flow_station_id": "P05", "flow_date": "Декабрь 2022", "flow_parameter": "NO₂", "flow_value": null, "flow_unit": "мг/л", "flow_comment": "Нитриты", "flow_pdk": 0.2, "flow_flow": 2.35, "flow_field_9": null, "flow_field_10": null, "flow_field_11": null, "flow_field_12": null, "flow_field_13": null, "flow_field_14": null}, "geometry": {"type": "Point", "coordinates": [58.73, 29.84]}}, {"type": "Feature", "properties": {"station_id": "P05", "name": "г. Луга", "river": "р. Луга", "lat": 58.73, "lon": 29.84, "flow_station_id": "P05", "flow_date": "Декабрь 2022", "flow_parameter": "NH₄⁺", "flow_value": null, "flow_unit": "мг/л", "flow_comment": "Азот аммонийный", "flow_pdk": 0.2, "flow_flow": 2.35, "flow_field_9": null, "flow_field_10": null, "flow_field_11": null, "flow_field_12": null, "flow_field_13": null, "flow_field_14": null}, "geometry": {"type": "Point", "coordinates": [58.73, 29.84]}}, {"type": "Feature", "properties": {"station_id": "P05", "name": "г. Луга", "river": "р. Луга", "lat": 58.73, "lon": 29.84, "flow_station_id": "P05", "flow_date": "Декабрь 2022", "flow_parameter": "PO₄³⁻", "flow_value": null, "flow_unit": "мг/л", "flow_comment": "Фосфаты по фосфору", "flow_pdk": 0.2, "flow_flow": 2.35, "flow_field_9": null, "flow_field_10": null, "flow_field_11": null, "flow_field_12": null, "flow_field_13": null, "flow_field_14": null}, "geometry": {"type": "Point", "coordinates": [58.73, 29.84]}}, {"type": "Feature", "properties": {"station_id": "P05", "name": "г. Луга", "river": "р. Луга", "lat": 58.73, "lon": 29.84, "flow_station_id": "P05", "flow_date": "Ноябрь 2022", "flow_parameter": "NO₂", "flow_value": 0.04, "flow_unit": "мг/л", "flow_comment": "Нитриты", "flow_pdk": 0.2, "flow_flow": 3.17, "flow_field_9": null, "flow_field_10": null, "flow_field_11": null, "flow_field_12": null, "flow_field_13": null, "flow_field_14": null}, "geometry": {"type": "Point", "coordinates": [58.73, 29.84]}}, {"type": "Feature", "properties": {"station_id": "P05", "name": "г. Луга", "river": "р. Луга", "lat": 58.73, "lon": 29.84, "flow_station_id": "P05", "flow_date": "Ноябрь 2022", "flow_parameter": "NH₄⁺", "flow_value": null, "flow_unit": "мг/л", "flow_comment": "Азот аммонийный", "flow_pdk": 0.2, "flow_flow": 3.17, "flow_field_9": null, "flow_field_10": null, "flow_field_11": null, "flow_field_12": null, "flow_field_13": null, "flow_field_14": null}, "geometry": {"type": "Point", "coordinates": [58.73, 29.84]}}, {"type": "Feature", "properties": {"station_id": "P05", "name": "г. Луга", "river": "р. Луга", "lat": 58.73, "lon": 29.84, "flow_station_id": "P05", "flow_date": "Ноябрь 2022", "flow_parameter": "PO₄³⁻", "flow_value": null, "flow_unit": "мг/л", "flow_comment": "Фосфаты по фосфору", "flow_pdk": 0.2, "flow_flow": 3.17, "flow_field_9": null, "flow_field_10": null, "flow_field_11": null, "flow_field_12": null, "flow_field_13": null, "flow_field_14": null}, "geometry": {"type": "Point", "coordinates": [58.73, 29.84]}}, {"type": "Feature", "properties": {"station_id": "P05", "name": "г. Луга", "river": "р. Луга", "lat": 58.73, "lon": 29.84, "flow_station_id": "P05", "flow_date": "Октябрь 2022", "flow_parameter": "NO₂", "flow_value": null, "flow_unit": "мг/л", "flow_comment": "Нитриты", "flow_pdk": 0.2, "flow_flow": 4.55, "flow_field_9": null, "flow_field_10": null, "flow_field_11": null, "flow_field_12": null, "flow_field_13": null, "flow_field_14": null}, "geometry": {"type": "Point", "coordinates": [58.73, 29.84]}}, {"type": "Feature", "properties": {"station_id": "P05", "name": "г. Луга", "river": "р. Луга", "lat": 58.73, "lon": 29.84, "flow_station_id": "P05", "flow_date": "Октябрь 2022", "flow_parameter": "NH₄⁺", "flow_value": null, "flow_unit": "мг/л", "flow_comment": "Азот аммонийный", "flow_pdk": 0.2, "flow_flow": 4.55, "flow_field_9": null, "flow_field_10": null, "flow_field_11": null, "flow_field_12": null, "flow_field_13": null, "flow_field_14": null}, "geometry": {"type": "Point", "coordinates": [58.73, 29.84]}}, {"type": "Feature", "properties": {"station_id": "P05", "name": "г. Луга", "river": "р. Луга", "lat": 58.73, "lon": 29.84, "flow_station_id": "P05", "flow_date": "Октябрь 2022", "flow_parameter": "PO₄³⁻", "flow_value": null, "flow_unit": "мг/л", "flow_comment": "Фосфаты по фосфору", "flow_pdk": 0.2, "flow_flow": 4.55, "flow_field_9": null, "flow_field_10": null, "flow_field_11": null, "flow_field_12": null, "flow_field_13": null, "flow_field_14": null}, "geometry": {"type": "Point", "coordinates": [58.73, 29.84]}}, {"type": "Feature", "properties": {"station_id": "P05", "name": "г. Луга", "river": "р. Луга", "lat": 58.73, "lon": 29.84, "flow_station_id": "P05", "flow_date": "Сентябрь 2022", "flow_parameter": "NO₂", "flow_value": 0.088, "flow_unit": "мг/л", "flow_comment": "Нитриты", "flow_pdk": 0.2, "flow_flow": 5.07, "flow_field_9": null, "flow_field_10": null, "flow_field_11": null, "flow_field_12": null, "flow_field_13": null, "flow_field_14": null}, "geometry": {"type": "Point", "coordinates": [58.73, 29.84]}}, {"type": "Feature", "properties": {"station_id": "P05", "name": "г. Луга", "river": "р. Луга", "lat": 58.73, "lon": 29.84, "flow_station_id": "P05", "flow_date": "Сентябрь 2022", "flow_parameter": "NH₄⁺", "flow_value": null, "flow_unit": "мг/л", "flow_comment": "Азот аммонийный", "flow_pdk": 0.2, "flow_flow": 5.07, "flow_field_9": null, "flow_field_10": null, "flow_field_11": null, "flow_field_12": null, "flow_field_13": null, "flow_field_14": null}, "geometry": {"type": "Point", "coordinates": [58.73, 29.84]}}, {"type": "Feature", "properties": {"station_id": "P05", "name": "г. Луга", "river": "р. Луга", "lat": 58.73, "lon": 29.84, "flow_station_id": "P05", "flow_date": "Сентябрь 2022", "flow_parameter": "PO₄³⁻", "flow_value": 0.431, "flow_unit": "мг/л", "flow_comment": "Фосфаты по фосфору", "flow_pdk": 0.2, "flow_flow": 5.07, "flow_field_9": null, "flow_field_10": null, "flow_field_11": null, "flow_field_12": null, "flow_field_13": null, "flow_field_14": null}, "geometry": {"type": "Point", "coordinates": [58.73, 29.84]}}, {"type": "Feature", "properties": {"station_id": "P05", "name": "г. Луга", "river": "р. Луга", "lat": 58.73, "lon": 29.84, "flow_station_id": "P05", "flow_date": "Август 2022", "flow_parameter": "NO₂", "flow_value": null, "flow_unit": "мг/л", "flow_comment": "Нитриты", "flow_pdk": 0.2, "flow_flow": 5.53, "flow_field_9": null, "flow_field_10": null, "flow_field_11": null, "flow_field_12": null, "flow_field_13": null, "flow_field_14": null}, "geometry": {"type": "Point", "coordinates": [58.73, 29.84]}}, {"type": "Feature", "properties": {"station_id": "P05", "name": "г. Луга", "river": "р. Луга", "lat": 58.73, "lon": 29.84, "flow_station_id": "P05", "flow_date": "Август 2022", "flow_parameter": "NH₄⁺", "flow_value": null, "flow_unit": "мг/л", "flow_comment": "Азот аммонийный", "flow_pdk": 0.2, "flow_flow": 5.53, "flow_field_9": null, "flow_field_10": null, "flow_field_11": null, "flow_field_12": null, "flow_field_13": null, "flow_field_14": null}, "geometry": {"type": "Point", "coordinates": [58.73, 29.84]}}, {"type": "Feature", "properties": {"station_id": "P05", "name": "г. Луга", "river": "р. Луга", "lat": 58.73, "lon": 29.84, "flow_station_id": "P05", "flow_date": "Август 2022", "flow_parameter": "PO₄³⁻", "flow_value": null, "flow_unit": "мг/л", "flow_comment": "Фосфаты по фосфору", "flow_pdk": 0.2, "flow_flow": 5.53, "flow_field_9": null, "flow_field_10": null, "flow_field_11": null, "flow_field_12": null, "flow_field_13": null, "flow_field_14": null}, "geometry": {"type": "Point", "coordinates": [58.73, 29.84]}}, {"type": "Feature", "properties": {"station_id": "P05", "name": "г. Луга", "river": "р. Луга", "lat": 58.73, "lon": 29.84, "flow_station_id": "P05", "flow_date": "Июль 2022", "flow_parameter": "NO₂", "flow_value": 0.074, "flow_unit": "мг/л", "flow_comment": "Нитриты", "flow_pdk": 0.2, "flow_flow": 4.57, "flow_field_9": null, "flow_field_10": null, "flow_field_11": null, "flow_field_12": null, "flow_field_13": null, "flow_field_14": null}, "geometry": {"type": "Point", "coordinates": [58.73, 29.84]}}, {"type": "Feature", "properties": {"station_id": "P05", "name": "г. Луга", "river": "р. Луга", "lat": 58.73, "lon": 29.84, "flow_station_id": "P05", "flow_date": "Июль 2022", "flow_parameter": "NH₄⁺", "flow_value": null, "flow_unit": "мг/л", "flow_comment": "Азот аммонийный", "flow_pdk": 0.2, "flow_flow": 4.57, "flow_field_9": null, "flow_field_10": null, "flow_field_11": null, "flow_field_12": null, "flow_field_13": null, "flow_field_14": null}, "geometry": {"type": "Point", "coordinates": [58.73, 29.84]}}, {"type": "Feature", "properties": {"station_id": "P05", "name": "г. Луга", "river": "р. Луга", "lat": 58.73, "lon": 29.84, "flow_station_id": "P05", "flow_date": "Июль 2022", "flow_parameter": "PO₄³⁻", "flow_value": null, "flow_unit": "мг/л", "flow_comment": "Фосфаты по фосфору", "flow_pdk": 0.2, "flow_flow": 4.57, "flow_field_9": null, "flow_field_10": null, "flow_field_11": null, "flow_field_12": null, "flow_field_13": null, "flow_field_14": null}, "geometry": {"type": "Point", "coordinates": [58.73, 29.84]}}, {"type": "Feature", "properties": {"station_id": "P05", "name": "г. Луга", "river": "р. Луга", "lat": 58.73, "lon": 29.84, "flow_station_id": "P05", "flow_date": "Июнь 2022", "flow_parameter": "NO₂", "flow_value": null, "flow_unit": "мг/л", "flow_comment": "Нитриты", "flow_pdk": 0.2, "flow_flow": 5.57, "flow_field_9": null, "flow_field_10": null, "flow_field_11": null, "flow_field_12": null, "flow_field_13": null, "flow_field_14": null}, "geometry": {"type": "Point", "coordinates": [58.73, 29.84]}}, {"type": "Feature", "properties": {"station_id": "P05", "name": "г. Луга", "river": "р. Луга", "lat": 58.73, "lon": 29.84, "flow_station_id": "P05", "flow_date": "Июнь 2022", "flow_parameter": "NH₄⁺", "flow_value": null, "flow_unit": "мг/л", "flow_comment": "Азот аммонийный", "flow_pdk": 0.2, "flow_flow": 5.57, "flow_field_9": null, "flow_field_10": null, "flow_field_11": null, "flow_field_12": null, "flow_field_13": null, "flow_field_14": null}, "geometry": {"type": "Point", "coordinates": [58.73, 29.84]}}, {"type": "Feature", "properties": {"station_id": "P05", "name": "г. Луга", "river": "р. Луга", "lat": 58.73, "lon": 29.84, "flow_station_id": "P05", "flow_date": "Июнь 2022", "flow_parameter": "PO₄³⁻", "flow_value": null, "flow_unit": "мг/л", "flow_comment": "Фосфаты по фосфору", "flow_pdk": 0.2, "flow_flow": 5.57, "flow_field_9": null, "flow_field_10": null, "flow_field_11": null, "flow_field_12": null, "flow_field_13": null, "flow_field_14": null}, "geometry": {"type": "Point", "coordinates": [58.73, 29.84]}}, {"type": "Feature", "properties": {"station_id": "P05", "name": "г. Луга", "river": "р. Луга", "lat": 58.73, "lon": 29.84, "flow_station_id": "P05", "flow_date": "Май 2022", "flow_parameter": "NO₂", "flow_value": null, "flow_unit": "мг/л", "flow_comment": "Нитриты", "flow_pdk": 0.2, "flow_flow": 23.5, "flow_field_9": null, "flow_field_10": null, "flow_field_11": null, "flow_field_12": null, "flow_field_13": null, "flow_field_14": null}, "geometry": {"type": "Point", "coordinates": [58.73, 29.84]}}, {"type": "Feature", "properties": {"station_id": "P05", "name": "г. Луга", "river": "р. Луга", "lat": 58.73, "lon": 29.84, "flow_station_id": "P05", "flow_date": "Май 2022", "flow_parameter": "NH₄⁺", "flow_value": null, "flow_unit": "мг/л", "flow_comment": "Азот аммонийный", "flow_pdk": 0.2, "flow_flow": 23.5, "flow_field_9": null, "flow_field_10": null, "flow_field_11": null, "flow_field_12": null, "flow_field_13": null, "flow_field_14": null}, "geometry": {"type": "Point", "coordinates": [58.73, 29.84]}}, {"type": "Feature", "properties": {"station_id": "P05", "name": "г. Луга", "river": "р. Луга", "lat": 58.73, "lon": 29.84, "flow_station_id": "P05", "flow_date": "Май 2022", "flow_parameter": "PO₄³⁻", "flow_value": null, "flow_unit": "мг/л", "flow_comment": "Фосфаты по фосфору", "flow_pdk": 0.2, "flow_flow": 23.5, "flow_field_9": null, "flow_field_10": null, "flow_field_11": null, "flow_field_12": null, "flow_field_13": null, "flow_field_14": null}, "geometry": {"type": "Point", "coordinates": [58.73, 29.84]}}, {"type": "Feature", "properties": {"station_id": "P05", "name": "г. Луга", "river": "р. Луга", "lat": 58.73, "lon": 29.84, "flow_station_id": "P05", "flow_date": "Апрель 2022", "flow_parameter": "NO₂", "flow_value": 0.046, "flow_unit": "мг/л", "flow_comment": "Нитриты", "flow_pdk": 0.2, "flow_flow": 67.6, "flow_field_9": null, "flow_field_10": null, "flow_field_11": null, "flow_field_12": null, "flow_field_13": null, "flow_field_14": null}, "geometry": {"type": "Point", "coordinates": [58.73, 29.84]}}, {"type": "Feature", "properties": {"station_id": "P05", "name": "г. Луга", "river": "р. Луга", "lat": 58.73, "lon": 29.84, "flow_station_id": "P05", "flow_date": "Апрель 2022", "flow_parameter": "NH₄⁺", "flow_value": null, "flow_unit": "мг/л", "flow_comment": "Азот аммонийный", "flow_pdk": 0.2, "flow_flow": 67.6, "flow_field_9": null, "flow_field_10": null, "flow_field_11": null, "flow_field_12": null, "flow_field_13": null, "flow_field_14": null}, "geometry": {"type": "Point", "coordinates": [58.73, 29.84]}}, {"type": "Feature", "properties": {"station_id": "P05", "name": "г. Луга", "river": "р. Луга", "lat": 58.73, "lon": 29.84, "flow_station_id": "P05", "flow_date": "Апрель 2022", "flow_parameter": "PO₄³⁻", "flow_value": null, "flow_unit": "мг/л", "flow_comment": "Фосфаты по фосфору", "flow_pdk": 0.2, "flow_flow": 67.6, "flow_field_9": null, "flow_field_10": null, "flow_field_11": null, "flow_field_12": null, "flow_field_13": null, "flow_field_14": null}, "geometry": {"type": "Point", "coordinates": [58.73, 29.84]}}, {"type": "Feature", "properties": {"station_id": "P05", "name": "г. Луга", "river": "р. Луга", "lat": 58.73, "lon": 29.84, "flow_station_id": "P05", "flow_date": "Март 2022", "flow_parameter": "NO₂", "flow_value": null, "flow_unit": "мг/л", "flow_comment": "Нитриты", "flow_pdk": 0.2, "flow_flow": 22.3, "flow_field_9": null, "flow_field_10": null, "flow_field_11": null, "flow_field_12": null, "flow_field_13": null, "flow_field_14": null}, "geometry": {"type": "Point", "coordinates": [58.73, 29.84]}}, {"type": "Feature", "properties": {"station_id": "P05", "name": "г. Луга", "river": "р. Луга", "lat": 58.73, "lon": 29.84, "flow_station_id": "P05", "flow_date": "Март 2022", "flow_parameter": "NH₄⁺", "flow_value": 0.133, "flow_unit": "мг/л", "flow_comment": "Азот аммонийный", "flow_pdk": 0.2, "flow_flow": 22.3, "flow_field_9": null, "flow_field_10": null, "flow_field_11": null, "flow_field_12": null, "flow_field_13": null, "flow_field_14": null}, "geometry": {"type": "Point", "coordinates": [58.73, 29.84]}}, {"type": "Feature", "properties": {"station_id": "P05", "name": "г. Луга", "river": "р. Луга", "lat": 58.73, "lon": 29.84, "flow_station_id": "P05", "flow_date": "Март 2022", "flow_parameter": "PO₄³⁻", "flow_value": null, "flow_unit": "мг/л", "flow_comment": "Фосфаты по фосфору", "flow_pdk": 0.2, "flow_flow": 22.3, "flow_field_9": null, "flow_field_10": null, "flow_field_11": null, "flow_field_12": null, "flow_field_13": null, "flow_field_14": null}, "geometry": {"type": "Point", "coordinates": [58.73, 29.84]}}, {"type": "Feature", "properties": {"station_id": "P05", "name": "г. Луга", "river": "р. Луга", "lat": 58.73, "lon": 29.84, "flow_station_id": "P05", "flow_date": "Февраль 2022", "flow_parameter": "NO₂", "flow_value": null, "flow_unit": "мг/л", "flow_comment": "Нитриты", "flow_pdk": 0.2, "flow_flow": 13.3, "flow_field_9": null, "flow_field_10": null, "flow_field_11": null, "flow_field_12": null, "flow_field_13": null, "flow_field_14": null}, "geometry": {"type": "Point", "coordinates": [58.73, 29.84]}}, {"type": "Feature", "properties": {"station_id": "P05", "name": "г. Луга", "river": "р. Луга", "lat": 58.73, "lon": 29.84, "flow_station_id": "P05", "flow_date": "Февраль 2022", "flow_parameter": "NH₄⁺", "flow_value": null, "flow_unit": "мг/л", "flow_comment": "Азот аммонийный", "flow_pdk": 0.2, "flow_flow": 13.3, "flow_field_9": null, "flow_field_10": null, "flow_field_11": null, "flow_field_12": null, "flow_field_13": null, "flow_field_14": null}, "geometry": {"type": "Point", "coordinates": [58.73, 29.84]}}, {"type": "Feature", "properties": {"station_id": "P05", "name": "г. Луга", "river": "р. Луга", "lat": 58.73, "lon": 29.84, "flow_station_id": "P05", "flow_date": "Февраль 2022", "flow_parameter": "PO₄³⁻", "flow_value": null, "flow_unit": "мг/л", "flow_comment": "Фосфаты по фосфору", "flow_pdk": 0.2, "flow_flow": 13.3, "flow_field_9": null, "flow_field_10": null, "flow_field_11": null, "flow_field_12": null, "flow_field_13": null, "flow_field_14": null}, "geometry": {"type": "Point", "coordinates": [58.73, 29.84]}}, {"type": "Feature", "properties": {"station_id": "P05", "name": "г. Луга", "river": "р. Луга", "lat": 58.73, "lon": 29.84, "flow_station_id": "P05", "flow_date": "Январь 2022", "flow_parameter": "NO₂", "flow_value": null, "flow_unit": "мг/л", "flow_comment": "Нитриты", "flow_pdk": 0.2, "flow_flow": 12.5, "flow_field_9": null, "flow_field_10": null, "flow_field_11": null, "flow_field_12": null, "flow_field_13": null, "flow_field_14": null}, "geometry": {"type": "Point", "coordinates": [58.73, 29.84]}}, {"type": "Feature", "properties": {"station_id": "P05", "name": "г. Луга", "river": "р. Луга", "lat": 58.73, "lon": 29.84, "flow_station_id": "P05", "flow_date": "Январь 2022", "flow_parameter": "NH₄⁺", "flow_value": null, "flow_unit": "мг/л", "flow_comment": "Азот аммонийный", "flow_pdk": 0.2, "flow_flow": 12.5, "flow_field_9": null, "flow_field_10": null, "flow_field_11": null, "flow_field_12": null, "flow_field_13": null, "flow_field_14": null}, "geometry": {"type": "Point", "coordinates": [58.73, 29.84]}}, {"type": "Feature", "properties": {"station_id": "P05", "name": "г. Луга", "river": "р. Луга", "lat": 58.73, "lon": 29.84, "flow_station_id": "P05", "flow_date": "Январь 2022", "flow_parameter": "PO₄³⁻", "flow_value": null, "flow_unit": "мг/л", "flow_comment": "Фосфаты по фосфору", "flow_pdk": 0.2, "flow_flow": 12.5, "flow_field_9": null, "flow_field_10": null, "flow_field_11": null, "flow_field_12": null, "flow_field_13": null, "flow_field_14": null}, "geometry": {"type": "Point", "coordinates": [58.73, 29.84]}}, {"type": "Feature", "properties": {"station_id": "P05", "name": "г. Луга", "river": "р. Луга", "lat": 58.73, "lon": 29.84, "flow_station_id": "P05", "flow_date": "Декабрь 2021", "flow_parameter": "NO₂", "flow_value": 0.03, "flow_unit": "мг/л", "flow_comment": "Нитриты", "flow_pdk": 0.2, "flow_flow": 16.2, "flow_field_9": null, "flow_field_10": null, "flow_field_11": null, "flow_field_12": null, "flow_field_13": null, "flow_field_14": null}, "geometry": {"type": "Point", "coordinates": [58.73, 29.84]}}, {"type": "Feature", "properties": {"station_id": "P05", "name": "г. Луга", "river": "р. Луга", "lat": 58.73, "lon": 29.84, "flow_station_id": "P05", "flow_date": "Декабрь 2021", "flow_parameter": "NH₄⁺", "flow_value": null, "flow_unit": "мг/л", "flow_comment": "Азот аммонийный", "flow_pdk": 0.2, "flow_flow": 16.2, "flow_field_9": null, "flow_field_10": null, "flow_field_11": null, "flow_field_12": null, "flow_field_13": null, "flow_field_14": null}, "geometry": {"type": "Point", "coordinates": [58.73, 29.84]}}, {"type": "Feature", "properties": {"station_id": "P05", "name": "г. Луга", "river": "р. Луга", "lat": 58.73, "lon": 29.84, "flow_station_id": "P05", "flow_date": "Декабрь 2021", "flow_parameter": "PO₄³⁻", "flow_value": null, "flow_unit": "мг/л", "flow_comment": "Фосфаты по фосфору", "flow_pdk": 0.2, "flow_flow": 16.2, "flow_field_9": null, "flow_field_10": null, "flow_field_11": null, "flow_field_12": null, "flow_field_13": null, "flow_field_14": null}, "geometry": {"type": "Point", "coordinates": [58.73, 29.84]}}, {"type": "Feature", "properties": {"station_id": "P05", "name": "г. Луга", "river": "р. Луга", "lat": 58.73, "lon": 29.84, "flow_station_id": "P05", "flow_date": "Ноябрь 2021", "flow_parameter": "NO₂", "flow_value": null, "flow_unit": "мг/л", "flow_comment": "Нитриты", "flow_pdk": 0.2, "flow_flow": 14.3, "flow_field_9": null, "flow_field_10": null, "flow_field_11": null, "flow_field_12": null, "flow_field_13": null, "flow_field_14": null}, "geometry": {"type": "Point", "coordinates": [58.73, 29.84]}}, {"type": "Feature", "properties": {"station_id": "P05", "name": "г. Луга", "river": "р. Луга", "lat": 58.73, "lon": 29.84, "flow_station_id": "P05", "flow_date": "Ноябрь 2021", "flow_parameter": "NH₄⁺", "flow_value": 0.147, "flow_unit": "мг/л", "flow_comment": "Азот аммонийный", "flow_pdk": 0.2, "flow_flow": 14.3, "flow_field_9": null, "flow_field_10": null, "flow_field_11": null, "flow_field_12": null, "flow_field_13": null, "flow_field_14": null}, "geometry": {"type": "Point", "coordinates": [58.73, 29.84]}}, {"type": "Feature", "properties": {"station_id": "P05", "name": "г. Луга", "river": "р. Луга", "lat": 58.73, "lon": 29.84, "flow_station_id": "P05", "flow_date": "Ноябрь 2021", "flow_parameter": "PO₄³⁻", "flow_value": null, "flow_unit": "мг/л", "flow_comment": "Фосфаты по фосфору", "flow_pdk": 0.2, "flow_flow": 14.3, "flow_field_9": null, "flow_field_10": null, "flow_field_11": null, "flow_field_12": null, "flow_field_13": null, "flow_field_14": null}, "geometry": {"type": "Point", "coordinates": [58.73, 29.84]}}, {"type": "Feature", "properties": {"station_id": "P05", "name": "г. Луга", "river": "р. Луга", "lat": 58.73, "lon": 29.84, "flow_station_id": "P05", "flow_date": "Октябрь 2021", "flow_parameter": "NO₂", "flow_value": null, "flow_unit": "мг/л", "flow_comment": "Нитриты", "flow_pdk": 0.2, "flow_flow": 5.77, "flow_field_9": null, "flow_field_10": null, "flow_field_11": null, "flow_field_12": null, "flow_field_13": null, "flow_field_14": null}, "geometry": {"type": "Point", "coordinates": [58.73, 29.84]}}, {"type": "Feature", "properties": {"station_id": "P05", "name": "г. Луга", "river": "р. Луга", "lat": 58.73, "lon": 29.84, "flow_station_id": "P05", "flow_date": "Октябрь 2021", "flow_parameter": "NH₄⁺", "flow_value": null, "flow_unit": "мг/л", "flow_comment": "Азот аммонийный", "flow_pdk": 0.2, "flow_flow": 5.77, "flow_field_9": null, "flow_field_10": null, "flow_field_11": null, "flow_field_12": null, "flow_field_13": null, "flow_field_14": null}, "geometry": {"type": "Point", "coordinates": [58.73, 29.84]}}, {"type": "Feature", "properties": {"station_id": "P05", "name": "г. Луга", "river": "р. Луга", "lat": 58.73, "lon": 29.84, "flow_station_id": "P05", "flow_date": "Октябрь 2021", "flow_parameter": "PO₄³⁻", "flow_value": null, "flow_unit": "мг/л", "flow_comment": "Фосфаты по фосфору", "flow_pdk": 0.2, "flow_flow": 5.77, "flow_field_9": null, "flow_field_10": null, "flow_field_11": null, "flow_field_12": null, "flow_field_13": null, "flow_field_14": null}, "geometry": {"type": "Point", "coordinates": [58.73, 29.84]}}, {"type": "Feature", "properties": {"station_id": "P05", "name": "г. Луга", "river": "р. Луга", "lat": 58.73, "lon": 29.84, "flow_station_id": "P05", "flow_date": "Сентябрь 2021", "flow_parameter": "NO₂", "flow_value": 0.046, "flow_unit": "мг/л", "flow_comment": "Нитриты", "flow_pdk": 0.2, "flow_flow": 6.78, "flow_field_9": null, "flow_field_10": null, "flow_field_11": null, "flow_field_12": null, "flow_field_13": null, "flow_field_14": null}, "geometry": {"type": "Point", "coordinates": [58.73, 29.84]}}, {"type": "Feature", "properties": {"station_id": "P05", "name": "г. Луга", "river": "р. Луга", "lat": 58.73, "lon": 29.84, "flow_station_id": "P05", "flow_date": "Сентябрь 2021", "flow_parameter": "NH₄⁺", "flow_value": 0.191, "flow_unit": "мг/л", "flow_comment": "Азот аммонийный", "flow_pdk": 0.2, "flow_flow": 6.78, "flow_field_9": null, "flow_field_10": null, "flow_field_11": null, "flow_field_12": null, "flow_field_13": null, "flow_field_14": null}, "geometry": {"type": "Point", "coordinates": [58.73, 29.84]}}, {"type": "Feature", "properties": {"station_id": "P05", "name": "г. Луга", "river": "р. Луга", "lat": 58.73, "lon": 29.84, "flow_station_id": "P05", "flow_date": "Сентябрь 2021", "flow_parameter": "PO₄³⁻", "flow_value": null, "flow_unit": "мг/л", "flow_comment": "Фосфаты по фосфору", "flow_pdk": 0.2, "flow_flow": 6.78, "flow_field_9": null, "flow_field_10": null, "flow_field_11": null, "flow_field_12": null, "flow_field_13": null, "flow_field_14": null}, "geometry": {"type": "Point", "coordinates": [58.73, 29.84]}}, {"type": "Feature", "properties": {"station_id": "P05", "name": "г. Луга", "river": "р. Луга", "lat": 58.73, "lon": 29.84, "flow_station_id": "P05", "flow_date": "Август 2021", "flow_parameter": "NO₂", "flow_value": null, "flow_unit": "мг/л", "flow_comment": "Нитриты", "flow_pdk": 0.2, "flow_flow": 5.49, "flow_field_9": null, "flow_field_10": null, "flow_field_11": null, "flow_field_12": null, "flow_field_13": null, "flow_field_14": null}, "geometry": {"type": "Point", "coordinates": [58.73, 29.84]}}, {"type": "Feature", "properties": {"station_id": "P05", "name": "г. Луга", "river": "р. Луга", "lat": 58.73, "lon": 29.84, "flow_station_id": "P05", "flow_date": "Август 2021", "flow_parameter": "NH₄⁺", "flow_value": null, "flow_unit": "мг/л", "flow_comment": "Азот аммонийный", "flow_pdk": 0.2, "flow_flow": 5.49, "flow_field_9": null, "flow_field_10": null, "flow_field_11": null, "flow_field_12": null, "flow_field_13": null, "flow_field_14": null}, "geometry": {"type": "Point", "coordinates": [58.73, 29.84]}}, {"type": "Feature", "properties": {"station_id": "P05", "name": "г. Луга", "river": "р. Луга", "lat": 58.73, "lon": 29.84, "flow_station_id": "P05", "flow_date": "Август 2021", "flow_parameter": "PO₄³⁻", "flow_value": null, "flow_unit": "мг/л", "flow_comment": "Фосфаты по фосфору", "flow_pdk": 0.2, "flow_flow": 5.49, "flow_field_9": null, "flow_field_10": null, "flow_field_11": null, "flow_field_12": null, "flow_field_13": null, "flow_field_14": null}, "geometry": {"type": "Point", "coordinates": [58.73, 29.84]}}, {"type": "Feature", "properties": {"station_id": "P05", "name": "г. Луга", "river": "р. Луга", "lat": 58.73, "lon": 29.84, "flow_station_id": "P05", "flow_date": "Июль 2021", "flow_parameter": "NO₂", "flow_value": null, "flow_unit": "мг/л", "flow_comment": "Нитриты", "flow_pdk": 0.2, "flow_flow": 5.98, "flow_field_9": null, "flow_field_10": null, "flow_field_11": null, "flow_field_12": null, "flow_field_13": null, "flow_field_14": null}, "geometry": {"type": "Point", "coordinates": [58.73, 29.84]}}, {"type": "Feature", "properties": {"station_id": "P05", "name": "г. Луга", "river": "р. Луга", "lat": 58.73, "lon": 29.84, "flow_station_id": "P05", "flow_date": "Июль 2021", "flow_parameter": "NH₄⁺", "flow_value": null, "flow_unit": "мг/л", "flow_comment": "Азот аммонийный", "flow_pdk": 0.2, "flow_flow": 5.98, "flow_field_9": null, "flow_field_10": null, "flow_field_11": null, "flow_field_12": null, "flow_field_13": null, "flow_field_14": null}, "geometry": {"type": "Point", "coordinates": [58.73, 29.84]}}, {"type": "Feature", "properties": {"station_id": "P05", "name": "г. Луга", "river": "р. Луга", "lat": 58.73, "lon": 29.84, "flow_station_id": "P05", "flow_date": "Июль 2021", "flow_parameter": "PO₄³⁻", "flow_value": null, "flow_unit": "мг/л", "flow_comment": "Фосфаты по фосфору", "flow_pdk": 0.2, "flow_flow": 5.98, "flow_field_9": null, "flow_field_10": null, "flow_field_11": null, "flow_field_12": null, "flow_field_13": null, "flow_field_14": null}, "geometry": {"type": "Point", "coordinates": [58.73, 29.84]}}, {"type": "Feature", "properties": {"station_id": "P05", "name": "г. Луга", "river": "р. Луга", "lat": 58.73, "lon": 29.84, "flow_station_id": "P05", "flow_date": "Июнь 2021", "flow_parameter": "NO₂", "flow_value": null, "flow_unit": "мг/л", "flow_comment": "Нитриты", "flow_pdk": 0.2, "flow_flow": 15.2, "flow_field_9": null, "flow_field_10": null, "flow_field_11": null, "flow_field_12": null, "flow_field_13": null, "flow_field_14": null}, "geometry": {"type": "Point", "coordinates": [58.73, 29.84]}}, {"type": "Feature", "properties": {"station_id": "P05", "name": "г. Луга", "river": "р. Луга", "lat": 58.73, "lon": 29.84, "flow_station_id": "P05", "flow_date": "Июнь 2021", "flow_parameter": "NH₄⁺", "flow_value": null, "flow_unit": "мг/л", "flow_comment": "Азот аммонийный", "flow_pdk": 0.2, "flow_flow": 15.2, "flow_field_9": null, "flow_field_10": null, "flow_field_11": null, "flow_field_12": null, "flow_field_13": null, "flow_field_14": null}, "geometry": {"type": "Point", "coordinates": [58.73, 29.84]}}, {"type": "Feature", "properties": {"station_id": "P05", "name": "г. Луга", "river": "р. Луга", "lat": 58.73, "lon": 29.84, "flow_station_id": "P05", "flow_date": "Июнь 2021", "flow_parameter": "PO₄³⁻", "flow_value": null, "flow_unit": "мг/л", "flow_comment": "Фосфаты по фосфору", "flow_pdk": 0.2, "flow_flow": 15.2, "flow_field_9": null, "flow_field_10": null, "flow_field_11": null, "flow_field_12": null, "flow_field_13": null, "flow_field_14": null}, "geometry": {"type": "Point", "coordinates": [58.73, 29.84]}}, {"type": "Feature", "properties": {"station_id": "P05", "name": "г. Луга", "river": "р. Луга", "lat": 58.73, "lon": 29.84, "flow_station_id": "P05", "flow_date": "Май 2021", "flow_parameter": "NO₂", "flow_value": null, "flow_unit": "мг/л", "flow_comment": "Нитриты", "flow_pdk": 0.2, "flow_flow": 39.0, "flow_field_9": null, "flow_field_10": null, "flow_field_11": null, "flow_field_12": null, "flow_field_13": null, "flow_field_14": null}, "geometry": {"type": "Point", "coordinates": [58.73, 29.84]}}, {"type": "Feature", "properties": {"station_id": "P05", "name": "г. Луга", "river": "р. Луга", "lat": 58.73, "lon": 29.84, "flow_station_id": "P05", "flow_date": "Май 2021", "flow_parameter": "NH₄⁺", "flow_value": null, "flow_unit": "мг/л", "flow_comment": "Азот аммонийный", "flow_pdk": 0.2, "flow_flow": 39.0, "flow_field_9": null, "flow_field_10": null, "flow_field_11": null, "flow_field_12": null, "flow_field_13": null, "flow_field_14": null}, "geometry": {"type": "Point", "coordinates": [58.73, 29.84]}}, {"type": "Feature", "properties": {"station_id": "P05", "name": "г. Луга", "river": "р. Луга", "lat": 58.73, "lon": 29.84, "flow_station_id": "P05", "flow_date": "Май 2021", "flow_parameter": "PO₄³⁻", "flow_value": null, "flow_unit": "мг/л", "flow_comment": "Фосфаты по фосфору", "flow_pdk": 0.2, "flow_flow": 39.0, "flow_field_9": null, "flow_field_10": null, "flow_field_11": null, "flow_field_12": null, "flow_field_13": null, "flow_field_14": null}, "geometry": {"type": "Point", "coordinates": [58.73, 29.84]}}, {"type": "Feature", "properties": {"station_id": "P05", "name": "г. Луга", "river": "р. Луга", "lat": 58.73, "lon": 29.84, "flow_station_id": "P05", "flow_date": "Апрель 2021", "flow_parameter": "NO₂", "flow_value": null, "flow_unit": "мг/л", "flow_comment": "Нитриты", "flow_pdk": 0.2, "flow_flow": 54.1, "flow_field_9": null, "flow_field_10": null, "flow_field_11": null, "flow_field_12": null, "flow_field_13": null, "flow_field_14": null}, "geometry": {"type": "Point", "coordinates": [58.73, 29.84]}}, {"type": "Feature", "properties": {"station_id": "P05", "name": "г. Луга", "river": "р. Луга", "lat": 58.73, "lon": 29.84, "flow_station_id": "P05", "flow_date": "Апрель 2021", "flow_parameter": "NH₄⁺", "flow_value": null, "flow_unit": "мг/л", "flow_comment": "Азот аммонийный", "flow_pdk": 0.2, "flow_flow": 54.1, "flow_field_9": null, "flow_field_10": null, "flow_field_11": null, "flow_field_12": null, "flow_field_13": null, "flow_field_14": null}, "geometry": {"type": "Point", "coordinates": [58.73, 29.84]}}, {"type": "Feature", "properties": {"station_id": "P05", "name": "г. Луга", "river": "р. Луга", "lat": 58.73, "lon": 29.84, "flow_station_id": "P05", "flow_date": "Апрель 2021", "flow_parameter": "PO₄³⁻", "flow_value": null, "flow_unit": "мг/л", "flow_comment": "Фосфаты по фосфору", "flow_pdk": 0.2, "flow_flow": 54.1, "flow_field_9": null, "flow_field_10": null, "flow_field_11": null, "flow_field_12": null, "flow_field_13": null, "flow_field_14": null}, "geometry": {"type": "Point", "coordinates": [58.73, 29.84]}}, {"type": "Feature", "properties": {"station_id": "P05", "name": "г. Луга", "river": "р. Луга", "lat": 58.73, "lon": 29.84, "flow_station_id": "P05", "flow_date": "Март 2021", "flow_parameter": "NO₂", "flow_value": null, "flow_unit": "мг/л", "flow_comment": "Нитриты", "flow_pdk": 0.2, "flow_flow": 9.3, "flow_field_9": null, "flow_field_10": null, "flow_field_11": null, "flow_field_12": null, "flow_field_13": null, "flow_field_14": null}, "geometry": {"type": "Point", "coordinates": [58.73, 29.84]}}, {"type": "Feature", "properties": {"station_id": "P05", "name": "г. Луга", "river": "р. Луга", "lat": 58.73, "lon": 29.84, "flow_station_id": "P05", "flow_date": "Март 2021", "flow_parameter": "NH₄⁺", "flow_value": null, "flow_unit": "мг/л", "flow_comment": "Азот аммонийный", "flow_pdk": 0.2, "flow_flow": 9.3, "flow_field_9": null, "flow_field_10": null, "flow_field_11": null, "flow_field_12": null, "flow_field_13": null, "flow_field_14": null}, "geometry": {"type": "Point", "coordinates": [58.73, 29.84]}}, {"type": "Feature", "properties": {"station_id": "P05", "name": "г. Луга", "river": "р. Луга", "lat": 58.73, "lon": 29.84, "flow_station_id": "P05", "flow_date": "Март 2021", "flow_parameter": "PO₄³⁻", "flow_value": null, "flow_unit": "мг/л", "flow_comment": "Фосфаты по фосфору", "flow_pdk": 0.2, "flow_flow": 9.3, "flow_field_9": null, "flow_field_10": null, "flow_field_11": null, "flow_field_12": null, "flow_field_13": null, "flow_field_14": null}, "geometry": {"type": "Point", "coordinates": [58.73, 29.84]}}, {"type": "Feature", "properties": {"station_id": "P05", "name": "г. Луга", "river": "р. Луга", "lat": 58.73, "lon": 29.84, "flow_station_id": "P05", "flow_date": "Февраль 2021", "flow_parameter": "NO₂", "flow_value": 0.18, "flow_unit": "мг/л", "flow_comment": "Нитриты", "flow_pdk": 0.2, "flow_flow": 3.98, "flow_field_9": null, "flow_field_10": null, "flow_field_11": null, "flow_field_12": null, "flow_field_13": null, "flow_field_14": null}, "geometry": {"type": "Point", "coordinates": [58.73, 29.84]}}, {"type": "Feature", "properties": {"station_id": "P05", "name": "г. Луга", "river": "р. Луга", "lat": 58.73, "lon": 29.84, "flow_station_id": "P05", "flow_date": "Февраль 2021", "flow_parameter": "NH₄⁺", "flow_value": null, "flow_unit": "мг/л", "flow_comment": "Азот аммонийный", "flow_pdk": 0.2, "flow_flow": 3.98, "flow_field_9": null, "flow_field_10": null, "flow_field_11": null, "flow_field_12": null, "flow_field_13": null, "flow_field_14": null}, "geometry": {"type": "Point", "coordinates": [58.73, 29.84]}}, {"type": "Feature", "properties": {"station_id": "P05", "name": "г. Луга", "river": "р. Луга", "lat": 58.73, "lon": 29.84, "flow_station_id": "P05", "flow_date": "Февраль 2021", "flow_parameter": "PO₄³⁻", "flow_value": null, "flow_unit": "мг/л", "flow_comment": "Фосфаты по фосфору", "flow_pdk": 0.2, "flow_flow": 3.98, "flow_field_9": null, "flow_field_10": null, "flow_field_11": null, "flow_field_12": null, "flow_field_13": null, "flow_field_14": null}, "geometry": {"type": "Point", "coordinates": [58.73, 29.84]}}, {"type": "Feature", "properties": {"station_id": "P05", "name": "г. Луга", "river": "р. Луга", "lat": 58.73, "lon": 29.84, "flow_station_id": "P05", "flow_date": "Январь 2021", "flow_parameter": "NO₂", "flow_value": null, "flow_unit": "мг/л", "flow_comment": "Нитриты", "flow_pdk": 0.2, "flow_flow": 3.1, "flow_field_9": null, "flow_field_10": null, "flow_field_11": null, "flow_field_12": null, "flow_field_13": null, "flow_field_14": null}, "geometry": {"type": "Point", "coordinates": [58.73, 29.84]}}, {"type": "Feature", "properties": {"station_id": "P05", "name": "г. Луга", "river": "р. Луга", "lat": 58.73, "lon": 29.84, "flow_station_id": "P05", "flow_date": "Январь 2021", "flow_parameter": "NH₄⁺", "flow_value": null, "flow_unit": "мг/л", "flow_comment": "Азот аммонийный", "flow_pdk": 0.2, "flow_flow": 3.1, "flow_field_9": null, "flow_field_10": null, "flow_field_11": null, "flow_field_12": null, "flow_field_13": null, "flow_field_14": null}, "geometry": {"type": "Point", "coordinates": [58.73, 29.84]}}, {"type": "Feature", "properties": {"station_id": "P05", "name": "г. Луга", "river": "р. Луга", "lat": 58.73, "lon": 29.84, "flow_station_id": "P05", "flow_date": "Январь 2021", "flow_parameter": "PO₄³⁻", "flow_value": null, "flow_unit": "мг/л", "flow_comment": "Фосфаты по фосфору", "flow_pdk": 0.2, "flow_flow": 3.1, "flow_field_9": null, "flow_field_10": null, "flow_field_11": null, "flow_field_12": null, "flow_field_13": null, "flow_field_14": null}, "geometry": {"type": "Point", "coordinates": [58.73, 29.84]}}, {"type": "Feature", "properties": {"station_id": "P05", "name": "г. Луга", "river": "р. Луга", "lat": 58.73, "lon": 29.84, "flow_station_id": "P05", "flow_date": "Декабрь 2020", "flow_parameter": "NO₂", "flow_value": 0.074, "flow_unit": "мг/л", "flow_comment": "Нитриты", "flow_pdk": 0.2, "flow_flow": 3.24, "flow_field_9": null, "flow_field_10": null, "flow_field_11": null, "flow_field_12": null, "flow_field_13": null, "flow_field_14": null}, "geometry": {"type": "Point", "coordinates": [58.73, 29.84]}}, {"type": "Feature", "properties": {"station_id": "P05", "name": "г. Луга", "river": "р. Луга", "lat": 58.73, "lon": 29.84, "flow_station_id": "P05", "flow_date": "Декабрь 2020", "flow_parameter": "NH₄⁺", "flow_value": null, "flow_unit": "мг/л", "flow_comment": "Азот аммонийный", "flow_pdk": 0.2, "flow_flow": 3.24, "flow_field_9": null, "flow_field_10": null, "flow_field_11": null, "flow_field_12": null, "flow_field_13": null, "flow_field_14": null}, "geometry": {"type": "Point", "coordinates": [58.73, 29.84]}}, {"type": "Feature", "properties": {"station_id": "P05", "name": "г. Луга", "river": "р. Луга", "lat": 58.73, "lon": 29.84, "flow_station_id": "P05", "flow_date": "Декабрь 2020", "flow_parameter": "PO₄³⁻", "flow_value": null, "flow_unit": "мг/л", "flow_comment": "Фосфаты по фосфору", "flow_pdk": 0.2, "flow_flow": 3.24, "flow_field_9": null, "flow_field_10": null, "flow_field_11": null, "flow_field_12": null, "flow_field_13": null, "flow_field_14": null}, "geometry": {"type": "Point", "coordinates": [58.73, 29.84]}}, {"type": "Feature", "properties": {"station_id": "P05", "name": "г. Луга", "river": "р. Луга", "lat": 58.73, "lon": 29.84, "flow_station_id": "P05", "flow_date": "Ноябрь 2020", "flow_parameter": "NO₂", "flow_value": 0.148, "flow_unit": "мг/л", "flow_comment": "Нитриты", "flow_pdk": 0.2, "flow_flow": 2.25, "flow_field_9": null, "flow_field_10": null, "flow_field_11": null, "flow_field_12": null, "flow_field_13": null, "flow_field_14": null}, "geometry": {"type": "Point", "coordinates": [58.73, 29.84]}}, {"type": "Feature", "properties": {"station_id": "P05", "name": "г. Луга", "river": "р. Луга", "lat": 58.73, "lon": 29.84, "flow_station_id": "P05", "flow_date": "Ноябрь 2020", "flow_parameter": "NH₄⁺", "flow_value": 0.119, "flow_unit": "мг/л", "flow_comment": "Азот аммонийный", "flow_pdk": 0.2, "flow_flow": 2.25, "flow_field_9": null, "flow_field_10": null, "flow_field_11": null, "flow_field_12": null, "flow_field_13": null, "flow_field_14": null}, "geometry": {"type": "Point", "coordinates": [58.73, 29.84]}}, {"type": "Feature", "properties": {"station_id": "P05", "name": "г. Луга", "river": "р. Луга", "lat": 58.73, "lon": 29.84, "flow_station_id": "P05", "flow_date": "Ноябрь 2020", "flow_parameter": "PO₄³⁻", "flow_value": null, "flow_unit": "мг/л", "flow_comment": "Фосфаты по фосфору", "flow_pdk": 0.2, "flow_flow": 2.25, "flow_field_9": null, "flow_field_10": null, "flow_field_11": null, "flow_field_12": null, "flow_field_13": null, "flow_field_14": null}, "geometry": {"type": "Point", "coordinates": [58.73, 29.84]}}, {"type": "Feature", "properties": {"station_id": "P05", "name": "г. Луга", "river": "р. Луга", "lat": 58.73, "lon": 29.84, "flow_station_id": "P05", "flow_date": "Октябрь 2020", "flow_parameter": "NO₂", "flow_value": null, "flow_unit": "мг/л", "flow_comment": "Нитриты", "flow_pdk": 0.2, "flow_flow": 2.65, "flow_field_9": null, "flow_field_10": null, "flow_field_11": null, "flow_field_12": null, "flow_field_13": null, "flow_field_14": null}, "geometry": {"type": "Point", "coordinates": [58.73, 29.84]}}, {"type": "Feature", "properties": {"station_id": "P05", "name": "г. Луга", "river": "р. Луга", "lat": 58.73, "lon": 29.84, "flow_station_id": "P05", "flow_date": "Октябрь 2020", "flow_parameter": "NH₄⁺", "flow_value": null, "flow_unit": "мг/л", "flow_comment": "Азот аммонийный", "flow_pdk": 0.2, "flow_flow": 2.65, "flow_field_9": null, "flow_field_10": null, "flow_field_11": null, "flow_field_12": null, "flow_field_13": null, "flow_field_14": null}, "geometry": {"type": "Point", "coordinates": [58.73, 29.84]}}, {"type": "Feature", "properties": {"station_id": "P05", "name": "г. Луга", "river": "р. Луга", "lat": 58.73, "lon": 29.84, "flow_station_id": "P05", "flow_date": "Октябрь 2020", "flow_parameter": "PO₄³⁻", "flow_value": null, "flow_unit": "мг/л", "flow_comment": "Фосфаты по фосфору", "flow_pdk": 0.2, "flow_flow": 2.65, "flow_field_9": null, "flow_field_10": null, "flow_field_11": null, "flow_field_12": null, "flow_field_13": null, "flow_field_14": null}, "geometry": {"type": "Point", "coordinates": [58.73, 29.84]}}, {"type": "Feature", "properties": {"station_id": "P05", "name": "г. Луга", "river": "р. Луга", "lat": 58.73, "lon": 29.84, "flow_station_id": "P05", "flow_date": "Сентябрь 2020", "flow_parameter": "NO₂", "flow_value": 0.048, "flow_unit": "мг/л", "flow_comment": "Нитриты", "flow_pdk": 0.2, "flow_flow": 4.89, "flow_field_9": null, "flow_field_10": null, "flow_field_11": null, "flow_field_12": null, "flow_field_13": null, "flow_field_14": null}, "geometry": {"type": "Point", "coordinates": [58.73, 29.84]}}, {"type": "Feature", "properties": {"station_id": "P05", "name": "г. Луга", "river": "р. Луга", "lat": 58.73, "lon": 29.84, "flow_station_id": "P05", "flow_date": "Сентябрь 2020", "flow_parameter": "NH₄⁺", "flow_value": 0.096, "flow_unit": "мг/л", "flow_comment": "Азот аммонийный", "flow_pdk": 0.2, "flow_flow": 4.89, "flow_field_9": null, "flow_field_10": null, "flow_field_11": null, "flow_field_12": null, "flow_field_13": null, "flow_field_14": null}, "geometry": {"type": "Point", "coordinates": [58.73, 29.84]}}, {"type": "Feature", "properties": {"station_id": "P05", "name": "г. Луга", "river": "р. Луга", "lat": 58.73, "lon": 29.84, "flow_station_id": "P05", "flow_date": "Сентябрь 2020", "flow_parameter": "PO₄³⁻", "flow_value": null, "flow_unit": "мг/л", "flow_comment": "Фосфаты по фосфору", "flow_pdk": 0.2, "flow_flow": 4.89, "flow_field_9": null, "flow_field_10": null, "flow_field_11": null, "flow_field_12": null, "flow_field_13": null, "flow_field_14": null}, "geometry": {"type": "Point", "coordinates": [58.73, 29.84]}}, {"type": "Feature", "properties": {"station_id": "P05", "name": "г. Луга", "river": "р. Луга", "lat": 58.73, "lon": 29.84, "flow_station_id": "P05", "flow_date": "Август 2020", "flow_parameter": "NO₂", "flow_value": null, "flow_unit": "мг/л", "flow_comment": "Нитриты", "flow_pdk": 0.2, "flow_flow": 5.85, "flow_field_9": null, "flow_field_10": null, "flow_field_11": null, "flow_field_12": null, "flow_field_13": null, "flow_field_14": null}, "geometry": {"type": "Point", "coordinates": [58.73, 29.84]}}, {"type": "Feature", "properties": {"station_id": "P05", "name": "г. Луга", "river": "р. Луга", "lat": 58.73, "lon": 29.84, "flow_station_id": "P05", "flow_date": "Август 2020", "flow_parameter": "NH₄⁺", "flow_value": null, "flow_unit": "мг/л", "flow_comment": "Азот аммонийный", "flow_pdk": 0.2, "flow_flow": 5.85, "flow_field_9": null, "flow_field_10": null, "flow_field_11": null, "flow_field_12": null, "flow_field_13": null, "flow_field_14": null}, "geometry": {"type": "Point", "coordinates": [58.73, 29.84]}}, {"type": "Feature", "properties": {"station_id": "P05", "name": "г. Луга", "river": "р. Луга", "lat": 58.73, "lon": 29.84, "flow_station_id": "P05", "flow_date": "Август 2020", "flow_parameter": "PO₄³⁻", "flow_value": null, "flow_unit": "мг/л", "flow_comment": "Фосфаты по фосфору", "flow_pdk": 0.2, "flow_flow": 5.85, "flow_field_9": null, "flow_field_10": null, "flow_field_11": null, "flow_field_12": null, "flow_field_13": null, "flow_field_14": null}, "geometry": {"type": "Point", "coordinates": [58.73, 29.84]}}, {"type": "Feature", "properties": {"station_id": "P05", "name": "г. Луга", "river": "р. Луга", "lat": 58.73, "lon": 29.84, "flow_station_id": "P05", "flow_date": "Июль 2020", "flow_parameter": "NO₂", "flow_value": null, "flow_unit": "мг/л", "flow_comment": "Нитриты", "flow_pdk": 0.2, "flow_flow": 6.22, "flow_field_9": null, "flow_field_10": null, "flow_field_11": null, "flow_field_12": null, "flow_field_13": null, "flow_field_14": null}, "geometry": {"type": "Point", "coordinates": [58.73, 29.84]}}, {"type": "Feature", "properties": {"station_id": "P05", "name": "г. Луга", "river": "р. Луга", "lat": 58.73, "lon": 29.84, "flow_station_id": "P05", "flow_date": "Июль 2020", "flow_parameter": "NH₄⁺", "flow_value": null, "flow_unit": "мг/л", "flow_comment": "Азот аммонийный", "flow_pdk": 0.2, "flow_flow": 6.22, "flow_field_9": null, "flow_field_10": null, "flow_field_11": null, "flow_field_12": null, "flow_field_13": null, "flow_field_14": null}, "geometry": {"type": "Point", "coordinates": [58.73, 29.84]}}, {"type": "Feature", "properties": {"station_id": "P05", "name": "г. Луга", "river": "р. Луга", "lat": 58.73, "lon": 29.84, "flow_station_id": "P05", "flow_date": "Июль 2020", "flow_parameter": "PO₄³⁻", "flow_value": null, "flow_unit": "мг/л", "flow_comment": "Фосфаты по фосфору", "flow_pdk": 0.2, "flow_flow": 6.22, "flow_field_9": null, "flow_field_10": null, "flow_field_11": null, "flow_field_12": null, "flow_field_13": null, "flow_field_14": null}, "geometry": {"type": "Point", "coordinates": [58.73, 29.84]}}, {"type": "Feature", "properties": {"station_id": "P05", "name": "г. Луга", "river": "р. Луга", "lat": 58.73, "lon": 29.84, "flow_station_id": "P05", "flow_date": "Июнь 2020", "flow_parameter": "NO₂", "flow_value": 0.058, "flow_unit": "мг/л", "flow_comment": "Нитриты", "flow_pdk": 0.2, "flow_flow": 11.4, "flow_field_9": null, "flow_field_10": null, "flow_field_11": null, "flow_field_12": null, "flow_field_13": null, "flow_field_14": null}, "geometry": {"type": "Point", "coordinates": [58.73, 29.84]}}, {"type": "Feature", "properties": {"station_id": "P05", "name": "г. Луга", "river": "р. Луга", "lat": 58.73, "lon": 29.84, "flow_station_id": "P05", "flow_date": "Июнь 2020", "flow_parameter": "NH₄⁺", "flow_value": null, "flow_unit": "мг/л", "flow_comment": "Азот аммонийный", "flow_pdk": 0.2, "flow_flow": 11.4, "flow_field_9": null, "flow_field_10": null, "flow_field_11": null, "flow_field_12": null, "flow_field_13": null, "flow_field_14": null}, "geometry": {"type": "Point", "coordinates": [58.73, 29.84]}}, {"type": "Feature", "properties": {"station_id": "P05", "name": "г. Луга", "river": "р. Луга", "lat": 58.73, "lon": 29.84, "flow_station_id": "P05", "flow_date": "Июнь 2020", "flow_parameter": "PO₄³⁻", "flow_value": 0.017, "flow_unit": "мг/л", "flow_comment": "Фосфаты по фосфору", "flow_pdk": 0.2, "flow_flow": 11.4, "flow_field_9": null, "flow_field_10": null, "flow_field_11": null, "flow_field_12": null, "flow_field_13": null, "flow_field_14": null}, "geometry": {"type": "Point", "coordinates": [58.73, 29.84]}}, {"type": "Feature", "properties": {"station_id": "P05", "name": "г. Луга", "river": "р. Луга", "lat": 58.73, "lon": 29.84, "flow_station_id": "P05", "flow_date": "Май 2020", "flow_parameter": "NO₂", "flow_value": null, "flow_unit": "мг/л", "flow_comment": "Нитриты", "flow_pdk": 0.2, "flow_flow": 18.3, "flow_field_9": null, "flow_field_10": null, "flow_field_11": null, "flow_field_12": null, "flow_field_13": null, "flow_field_14": null}, "geometry": {"type": "Point", "coordinates": [58.73, 29.84]}}, {"type": "Feature", "properties": {"station_id": "P05", "name": "г. Луга", "river": "р. Луга", "lat": 58.73, "lon": 29.84, "flow_station_id": "P05", "flow_date": "Май 2020", "flow_parameter": "NH₄⁺", "flow_value": null, "flow_unit": "мг/л", "flow_comment": "Азот аммонийный", "flow_pdk": 0.2, "flow_flow": 18.3, "flow_field_9": null, "flow_field_10": null, "flow_field_11": null, "flow_field_12": null, "flow_field_13": null, "flow_field_14": null}, "geometry": {"type": "Point", "coordinates": [58.73, 29.84]}}, {"type": "Feature", "properties": {"station_id": "P05", "name": "г. Луга", "river": "р. Луга", "lat": 58.73, "lon": 29.84, "flow_station_id": "P05", "flow_date": "Май 2020", "flow_parameter": "PO₄³⁻", "flow_value": null, "flow_unit": "мг/л", "flow_comment": "Фосфаты по фосфору", "flow_pdk": 0.2, "flow_flow": 18.3, "flow_field_9": null, "flow_field_10": null, "flow_field_11": null, "flow_field_12": null, "flow_field_13": null, "flow_field_14": null}, "geometry": {"type": "Point", "coordinates": [58.73, 29.84]}}, {"type": "Feature", "properties": {"station_id": "P05", "name": "г. Луга", "river": "р. Луга", "lat": 58.73, "lon": 29.84, "flow_station_id": "P05", "flow_date": "Апрель 2020", "flow_parameter": "NO₂", "flow_value": null, "flow_unit": "мг/л", "flow_comment": "Нитриты", "flow_pdk": 0.2, "flow_flow": 16.5, "flow_field_9": null, "flow_field_10": null, "flow_field_11": null, "flow_field_12": null, "flow_field_13": null, "flow_field_14": null}, "geometry": {"type": "Point", "coordinates": [58.73, 29.84]}}, {"type": "Feature", "properties": {"station_id": "P05", "name": "г. Луга", "river": "р. Луга", "lat": 58.73, "lon": 29.84, "flow_station_id": "P05", "flow_date": "Апрель 2020", "flow_parameter": "NH₄⁺", "flow_value": null, "flow_unit": "мг/л", "flow_comment": "Азот аммонийный", "flow_pdk": 0.2, "flow_flow": 16.5, "flow_field_9": null, "flow_field_10": null, "flow_field_11": null, "flow_field_12": null, "flow_field_13": null, "flow_field_14": null}, "geometry": {"type": "Point", "coordinates": [58.73, 29.84]}}, {"type": "Feature", "properties": {"station_id": "P05", "name": "г. Луга", "river": "р. Луга", "lat": 58.73, "lon": 29.84, "flow_station_id": "P05", "flow_date": "Апрель 2020", "flow_parameter": "PO₄³⁻", "flow_value": null, "flow_unit": "мг/л", "flow_comment": "Фосфаты по фосфору", "flow_pdk": 0.2, "flow_flow": 16.5, "flow_field_9": null, "flow_field_10": null, "flow_field_11": null, "flow_field_12": null, "flow_field_13": null, "flow_field_14": null}, "geometry": {"type": "Point", "coordinates": [58.73, 29.84]}}, {"type": "Feature", "properties": {"station_id": "P05", "name": "г. Луга", "river": "р. Луга", "lat": 58.73, "lon": 29.84, "flow_station_id": "P05", "flow_date": "Март 2020", "flow_parameter": "NO₂", "flow_value": null, "flow_unit": "мг/л", "flow_comment": "Нитриты", "flow_pdk": 0.2, "flow_flow": 47.7, "flow_field_9": null, "flow_field_10": null, "flow_field_11": null, "flow_field_12": null, "flow_field_13": null, "flow_field_14": null}, "geometry": {"type": "Point", "coordinates": [58.73, 29.84]}}, {"type": "Feature", "properties": {"station_id": "P05", "name": "г. Луга", "river": "р. Луга", "lat": 58.73, "lon": 29.84, "flow_station_id": "P05", "flow_date": "Март 2020", "flow_parameter": "NH₄⁺", "flow_value": null, "flow_unit": "мг/л", "flow_comment": "Азот аммонийный", "flow_pdk": 0.2, "flow_flow": 47.7, "flow_field_9": null, "flow_field_10": null, "flow_field_11": null, "flow_field_12": null, "flow_field_13": null, "flow_field_14": null}, "geometry": {"type": "Point", "coordinates": [58.73, 29.84]}}, {"type": "Feature", "properties": {"station_id": "P05", "name": "г. Луга", "river": "р. Луга", "lat": 58.73, "lon": 29.84, "flow_station_id": "P05", "flow_date": "Март 2020", "flow_parameter": "PO₄³⁻", "flow_value": null, "flow_unit": "мг/л", "flow_comment": "Фосфаты по фосфору", "flow_pdk": 0.2, "flow_flow": 47.7, "flow_field_9": null, "flow_field_10": null, "flow_field_11": null, "flow_field_12": null, "flow_field_13": null, "flow_field_14": null}, "geometry": {"type": "Point", "coordinates": [58.73, 29.84]}}, {"type": "Feature", "properties": {"station_id": "P05", "name": "г. Луга", "river": "р. Луга", "lat": 58.73, "lon": 29.84, "flow_station_id": "P05", "flow_date": "Февраль 2020", "flow_parameter": "NO₂", "flow_value": null, "flow_unit": "мг/л", "flow_comment": "Нитриты", "flow_pdk": 0.2, "flow_flow": 29.0, "flow_field_9": null, "flow_field_10": null, "flow_field_11": null, "flow_field_12": null, "flow_field_13": null, "flow_field_14": null}, "geometry": {"type": "Point", "coordinates": [58.73, 29.84]}}, {"type": "Feature", "properties": {"station_id": "P05", "name": "г. Луга", "river": "р. Луга", "lat": 58.73, "lon": 29.84, "flow_station_id": "P05", "flow_date": "Февраль 2020", "flow_parameter": "NH₄⁺", "flow_value": null, "flow_unit": "мг/л", "flow_comment": "Азот аммонийный", "flow_pdk": 0.2, "flow_flow": 29.0, "flow_field_9": null, "flow_field_10": null, "flow_field_11": null, "flow_field_12": null, "flow_field_13": null, "flow_field_14": null}, "geometry": {"type": "Point", "coordinates": [58.73, 29.84]}}, {"type": "Feature", "properties": {"station_id": "P05", "name": "г. Луга", "river": "р. Луга", "lat": 58.73, "lon": 29.84, "flow_station_id": "P05", "flow_date": "Февраль 2020", "flow_parameter": "PO₄³⁻", "flow_value": null, "flow_unit": "мг/л", "flow_comment": "Фосфаты по фосфору", "flow_pdk": 0.2, "flow_flow": 29.0, "flow_field_9": null, "flow_field_10": null, "flow_field_11": null, "flow_field_12": null, "flow_field_13": null, "flow_field_14": null}, "geometry": {"type": "Point", "coordinates": [58.73, 29.84]}}, {"type": "Feature", "properties": {"station_id": "P05", "name": "г. Луга", "river": "р. Луга", "lat": 58.73, "lon": 29.84, "flow_station_id": "P05", "flow_date": "Январь 2020", "flow_parameter": "NO₂", "flow_value": null, "flow_unit": "мг/л", "flow_comment": "Нитриты", "flow_pdk": 0.2, "flow_flow": 36.5, "flow_field_9": null, "flow_field_10": null, "flow_field_11": null, "flow_field_12": null, "flow_field_13": null, "flow_field_14": null}, "geometry": {"type": "Point", "coordinates": [58.73, 29.84]}}, {"type": "Feature", "properties": {"station_id": "P05", "name": "г. Луга", "river": "р. Луга", "lat": 58.73, "lon": 29.84, "flow_station_id": "P05", "flow_date": "Январь 2020", "flow_parameter": "NH₄⁺", "flow_value": null, "flow_unit": "мг/л", "flow_comment": "Азот аммонийный", "flow_pdk": 0.2, "flow_flow": 36.5, "flow_field_9": null, "flow_field_10": null, "flow_field_11": null, "flow_field_12": null, "flow_field_13": null, "flow_field_14": null}, "geometry": {"type": "Point", "coordinates": [58.73, 29.84]}}, {"type": "Feature", "properties": {"station_id": "P05", "name": "г. Луга", "river": "р. Луга", "lat": 58.73, "lon": 29.84, "flow_station_id": "P05", "flow_date": "Январь 2020", "flow_parameter": "PO₄³⁻", "flow_value": null, "flow_unit": "мг/л", "flow_comment": "Фосфаты по фосфору", "flow_pdk": 0.2, "flow_flow": 36.5, "flow_field_9": null, "flow_field_10": null, "flow_field_11": null, "flow_field_12": null, "flow_field_13": null, "flow_field_14": null}, "geometry": {"type": "Point", "coordinates": [58.73, 29.84]}}, {"type": "Feature", "properties": {"station_id": "P05", "name": "г. Луга", "river": "р. Луга", "lat": 58.73, "lon": 29.84, "flow_station_id": "P05", "flow_date": "Декабрь 2019", "flow_parameter": "NO₂", "flow_value": null, "flow_unit": "мг/л", "flow_comment": "Нитриты", "flow_pdk": 0.2, "flow_flow": 46.4, "flow_field_9": null, "flow_field_10": null, "flow_field_11": null, "flow_field_12": null, "flow_field_13": null, "flow_field_14": null}, "geometry": {"type": "Point", "coordinates": [58.73, 29.84]}}, {"type": "Feature", "properties": {"station_id": "P05", "name": "г. Луга", "river": "р. Луга", "lat": 58.73, "lon": 29.84, "flow_station_id": "P05", "flow_date": "Декабрь 2019", "flow_parameter": "NH₄⁺", "flow_value": null, "flow_unit": "мг/л", "flow_comment": "Азот аммонийный", "flow_pdk": 0.2, "flow_flow": 46.4, "flow_field_9": null, "flow_field_10": null, "flow_field_11": null, "flow_field_12": null, "flow_field_13": null, "flow_field_14": null}, "geometry": {"type": "Point", "coordinates": [58.73, 29.84]}}, {"type": "Feature", "properties": {"station_id": "P05", "name": "г. Луга", "river": "р. Луга", "lat": 58.73, "lon": 29.84, "flow_station_id": "P05", "flow_date": "Декабрь 2019", "flow_parameter": "PO₄³⁻", "flow_value": null, "flow_unit": "мг/л", "flow_comment": "Фосфаты по фосфору", "flow_pdk": 0.2, "flow_flow": 46.4, "flow_field_9": null, "flow_field_10": null, "flow_field_11": null, "flow_field_12": null, "flow_field_13": null, "flow_field_14": null}, "geometry": {"type": "Point", "coordinates": [58.73, 29.84]}}, {"type": "Feature", "properties": {"station_id": "P05", "name": "г. Луга", "river": "р. Луга", "lat": 58.73, "lon": 29.84, "flow_station_id": "P05", "flow_date": "Ноябрь 2019", "flow_parameter": "NO₂", "flow_value": null, "flow_unit": "мг/л", "flow_comment": "Нитриты", "flow_pdk": 0.2, "flow_flow": 83.8, "flow_field_9": null, "flow_field_10": null, "flow_field_11": null, "flow_field_12": null, "flow_field_13": null, "flow_field_14": null}, "geometry": {"type": "Point", "coordinates": [58.73, 29.84]}}, {"type": "Feature", "properties": {"station_id": "P05", "name": "г. Луга", "river": "р. Луга", "lat": 58.73, "lon": 29.84, "flow_station_id": "P05", "flow_date": "Ноябрь 2019", "flow_parameter": "NH₄⁺", "flow_value": null, "flow_unit": "мг/л", "flow_comment": "Азот аммонийный", "flow_pdk": 0.2, "flow_flow": 83.8, "flow_field_9": null, "flow_field_10": null, "flow_field_11": null, "flow_field_12": null, "flow_field_13": null, "flow_field_14": null}, "geometry": {"type": "Point", "coordinates": [58.73, 29.84]}}, {"type": "Feature", "properties": {"station_id": "P05", "name": "г. Луга", "river": "р. Луга", "lat": 58.73, "lon": 29.84, "flow_station_id": "P05", "flow_date": "Ноябрь 2019", "flow_parameter": "PO₄³⁻", "flow_value": null, "flow_unit": "мг/л", "flow_comment": "Фосфаты по фосфору", "flow_pdk": 0.2, "flow_flow": 83.8, "flow_field_9": null, "flow_field_10": null, "flow_field_11": null, "flow_field_12": null, "flow_field_13": null, "flow_field_14": null}, "geometry": {"type": "Point", "coordinates": [58.73, 29.84]}}, {"type": "Feature", "properties": {"station_id": "P05", "name": "г. Луга", "river": "р. Луга", "lat": 58.73, "lon": 29.84, "flow_station_id": "P05", "flow_date": "Октябрь 2019", "flow_parameter": "NO₂", "flow_value": null, "flow_unit": "мг/л", "flow_comment": "Нитриты", "flow_pdk": 0.2, "flow_flow": 13.9, "flow_field_9": null, "flow_field_10": null, "flow_field_11": null, "flow_field_12": null, "flow_field_13": null, "flow_field_14": null}, "geometry": {"type": "Point", "coordinates": [58.73, 29.84]}}, {"type": "Feature", "properties": {"station_id": "P05", "name": "г. Луга", "river": "р. Луга", "lat": 58.73, "lon": 29.84, "flow_station_id": "P05", "flow_date": "Октябрь 2019", "flow_parameter": "NH₄⁺", "flow_value": null, "flow_unit": "мг/л", "flow_comment": "Азот аммонийный", "flow_pdk": 0.2, "flow_flow": 13.9, "flow_field_9": null, "flow_field_10": null, "flow_field_11": null, "flow_field_12": null, "flow_field_13": null, "flow_field_14": null}, "geometry": {"type": "Point", "coordinates": [58.73, 29.84]}}, {"type": "Feature", "properties": {"station_id": "P05", "name": "г. Луга", "river": "р. Луга", "lat": 58.73, "lon": 29.84, "flow_station_id": "P05", "flow_date": "Октябрь 2019", "flow_parameter": "PO₄³⁻", "flow_value": null, "flow_unit": "мг/л", "flow_comment": "Фосфаты по фосфору", "flow_pdk": 0.2, "flow_flow": 13.9, "flow_field_9": null, "flow_field_10": null, "flow_field_11": null, "flow_field_12": null, "flow_field_13": null, "flow_field_14": null}, "geometry": {"type": "Point", "coordinates": [58.73, 29.84]}}, {"type": "Feature", "properties": {"station_id": "P05", "name": "г. Луга", "river": "р. Луга", "lat": 58.73, "lon": 29.84, "flow_station_id": "P05", "flow_date": "Сентябрь 2019", "flow_parameter": "NO₂", "flow_value": null, "flow_unit": "мг/л", "flow_comment": "Нитриты", "flow_pdk": 0.2, "flow_flow": 6.34, "flow_field_9": null, "flow_field_10": null, "flow_field_11": null, "flow_field_12": null, "flow_field_13": null, "flow_field_14": null}, "geometry": {"type": "Point", "coordinates": [58.73, 29.84]}}, {"type": "Feature", "properties": {"station_id": "P05", "name": "г. Луга", "river": "р. Луга", "lat": 58.73, "lon": 29.84, "flow_station_id": "P05", "flow_date": "Сентябрь 2019", "flow_parameter": "NH₄⁺", "flow_value": null, "flow_unit": "мг/л", "flow_comment": "Азот аммонийный", "flow_pdk": 0.2, "flow_flow": 6.34, "flow_field_9": null, "flow_field_10": null, "flow_field_11": null, "flow_field_12": null, "flow_field_13": null, "flow_field_14": null}, "geometry": {"type": "Point", "coordinates": [58.73, 29.84]}}, {"type": "Feature", "properties": {"station_id": "P05", "name": "г. Луга", "river": "р. Луга", "lat": 58.73, "lon": 29.84, "flow_station_id": "P05", "flow_date": "Сентябрь 2019", "flow_parameter": "PO₄³⁻", "flow_value": null, "flow_unit": "мг/л", "flow_comment": "Фосфаты по фосфору", "flow_pdk": 0.2, "flow_flow": 6.34, "flow_field_9": null, "flow_field_10": null, "flow_field_11": null, "flow_field_12": null, "flow_field_13": null, "flow_field_14": null}, "geometry": {"type": "Point", "coordinates": [58.73, 29.84]}}, {"type": "Feature", "properties": {"station_id": "P05", "name": "г. Луга", "river": "р. Луга", "lat": 58.73, "lon": 29.84, "flow_station_id": "P05", "flow_date": "Август 2019", "flow_parameter": "NO₂", "flow_value": null, "flow_unit": "мг/л", "flow_comment": "Нитриты", "flow_pdk": 0.2, "flow_flow": 7.39, "flow_field_9": null, "flow_field_10": null, "flow_field_11": null, "flow_field_12": null, "flow_field_13": null, "flow_field_14": null}, "geometry": {"type": "Point", "coordinates": [58.73, 29.84]}}, {"type": "Feature", "properties": {"station_id": "P05", "name": "г. Луга", "river": "р. Луга", "lat": 58.73, "lon": 29.84, "flow_station_id": "P05", "flow_date": "Август 2019", "flow_parameter": "NH₄⁺", "flow_value": null, "flow_unit": "мг/л", "flow_comment": "Азот аммонийный", "flow_pdk": 0.2, "flow_flow": 7.39, "flow_field_9": null, "flow_field_10": null, "flow_field_11": null, "flow_field_12": null, "flow_field_13": null, "flow_field_14": null}, "geometry": {"type": "Point", "coordinates": [58.73, 29.84]}}, {"type": "Feature", "properties": {"station_id": "P05", "name": "г. Луга", "river": "р. Луга", "lat": 58.73, "lon": 29.84, "flow_station_id": "P05", "flow_date": "Август 2019", "flow_parameter": "PO₄³⁻", "flow_value": null, "flow_unit": "мг/л", "flow_comment": "Фосфаты по фосфору", "flow_pdk": 0.2, "flow_flow": 7.39, "flow_field_9": null, "flow_field_10": null, "flow_field_11": null, "flow_field_12": null, "flow_field_13": null, "flow_field_14": null}, "geometry": {"type": "Point", "coordinates": [58.73, 29.84]}}, {"type": "Feature", "properties": {"station_id": "P05", "name": "г. Луга", "river": "р. Луга", "lat": 58.73, "lon": 29.84, "flow_station_id": "P05", "flow_date": "Июль 2019", "flow_parameter": "NO₂", "flow_value": null, "flow_unit": "мг/л", "flow_comment": "Нитриты", "flow_pdk": 0.2, "flow_flow": 8.98, "flow_field_9": null, "flow_field_10": null, "flow_field_11": null, "flow_field_12": null, "flow_field_13": null, "flow_field_14": null}, "geometry": {"type": "Point", "coordinates": [58.73, 29.84]}}, {"type": "Feature", "properties": {"station_id": "P05", "name": "г. Луга", "river": "р. Луга", "lat": 58.73, "lon": 29.84, "flow_station_id": "P05", "flow_date": "Июль 2019", "flow_parameter": "NH₄⁺", "flow_value": null, "flow_unit": "мг/л", "flow_comment": "Азот аммонийный", "flow_pdk": 0.2, "flow_flow": 8.98, "flow_field_9": null, "flow_field_10": null, "flow_field_11": null, "flow_field_12": null, "flow_field_13": null, "flow_field_14": null}, "geometry": {"type": "Point", "coordinates": [58.73, 29.84]}}, {"type": "Feature", "properties": {"station_id": "P05", "name": "г. Луга", "river": "р. Луга", "lat": 58.73, "lon": 29.84, "flow_station_id": "P05", "flow_date": "Июль 2019", "flow_parameter": "PO₄³⁻", "flow_value": null, "flow_unit": "мг/л", "flow_comment": "Фосфаты по фосфору", "flow_pdk": 0.2, "flow_flow": 8.98, "flow_field_9": null, "flow_field_10": null, "flow_field_11": null, "flow_field_12": null, "flow_field_13": null, "flow_field_14": null}, "geometry": {"type": "Point", "coordinates": [58.73, 29.84]}}, {"type": "Feature", "properties": {"station_id": "P05", "name": "г. Луга", "river": "р. Луга", "lat": 58.73, "lon": 29.84, "flow_station_id": "P05", "flow_date": "Июнь 2019", "flow_parameter": "NO₂", "flow_value": null, "flow_unit": "мг/л", "flow_comment": "Нитриты", "flow_pdk": 0.2, "flow_flow": 6.46, "flow_field_9": null, "flow_field_10": null, "flow_field_11": null, "flow_field_12": null, "flow_field_13": null, "flow_field_14": null}, "geometry": {"type": "Point", "coordinates": [58.73, 29.84]}}, {"type": "Feature", "properties": {"station_id": "P05", "name": "г. Луга", "river": "р. Луга", "lat": 58.73, "lon": 29.84, "flow_station_id": "P05", "flow_date": "Июнь 2019", "flow_parameter": "NH₄⁺", "flow_value": null, "flow_unit": "мг/л", "flow_comment": "Азот аммонийный", "flow_pdk": 0.2, "flow_flow": 6.46, "flow_field_9": null, "flow_field_10": null, "flow_field_11": null, "flow_field_12": null, "flow_field_13": null, "flow_field_14": null}, "geometry": {"type": "Point", "coordinates": [58.73, 29.84]}}, {"type": "Feature", "properties": {"station_id": "P05", "name": "г. Луга", "river": "р. Луга", "lat": 58.73, "lon": 29.84, "flow_station_id": "P05", "flow_date": "Июнь 2019", "flow_parameter": "PO₄³⁻", "flow_value": 0.033, "flow_unit": "мг/л", "flow_comment": "Фосфаты по фосфору", "flow_pdk": 0.2, "flow_flow": 6.46, "flow_field_9": null, "flow_field_10": null, "flow_field_11": null, "flow_field_12": null, "flow_field_13": null, "flow_field_14": null}, "geometry": {"type": "Point", "coordinates": [58.73, 29.84]}}, {"type": "Feature", "properties": {"station_id": "P05", "name": "г. Луга", "river": "р. Луга", "lat": 58.73, "lon": 29.84, "flow_station_id": "P05", "flow_date": "Май 2019", "flow_parameter": "NO₂", "flow_value": null, "flow_unit": "мг/л", "flow_comment": "Нитриты", "flow_pdk": 0.2, "flow_flow": 10.2, "flow_field_9": null, "flow_field_10": null, "flow_field_11": null, "flow_field_12": null, "flow_field_13": null, "flow_field_14": null}, "geometry": {"type": "Point", "coordinates": [58.73, 29.84]}}, {"type": "Feature", "properties": {"station_id": "P05", "name": "г. Луга", "river": "р. Луга", "lat": 58.73, "lon": 29.84, "flow_station_id": "P05", "flow_date": "Май 2019", "flow_parameter": "NH₄⁺", "flow_value": null, "flow_unit": "мг/л", "flow_comment": "Азот аммонийный", "flow_pdk": 0.2, "flow_flow": 10.2, "flow_field_9": null, "flow_field_10": null, "flow_field_11": null, "flow_field_12": null, "flow_field_13": null, "flow_field_14": null}, "geometry": {"type": "Point", "coordinates": [58.73, 29.84]}}, {"type": "Feature", "properties": {"station_id": "P05", "name": "г. Луга", "river": "р. Луга", "lat": 58.73, "lon": 29.84, "flow_station_id": "P05", "flow_date": "Май 2019", "flow_parameter": "PO₄³⁻", "flow_value": null, "flow_unit": "мг/л", "flow_comment": "Фосфаты по фосфору", "flow_pdk": 0.2, "flow_flow": 10.2, "flow_field_9": null, "flow_field_10": null, "flow_field_11": null, "flow_field_12": null, "flow_field_13": null, "flow_field_14": null}, "geometry": {"type": "Point", "coordinates": [58.73, 29.84]}}, {"type": "Feature", "properties": {"station_id": "P05", "name": "г. Луга", "river": "р. Луга", "lat": 58.73, "lon": 29.84, "flow_station_id": "P05", "flow_date": "Апрель 2019", "flow_parameter": "NO₂", "flow_value": null, "flow_unit": "мг/л", "flow_comment": "Нитриты", "flow_pdk": 0.2, "flow_flow": 57.1, "flow_field_9": null, "flow_field_10": null, "flow_field_11": null, "flow_field_12": null, "flow_field_13": null, "flow_field_14": null}, "geometry": {"type": "Point", "coordinates": [58.73, 29.84]}}, {"type": "Feature", "properties": {"station_id": "P05", "name": "г. Луга", "river": "р. Луга", "lat": 58.73, "lon": 29.84, "flow_station_id": "P05", "flow_date": "Апрель 2019", "flow_parameter": "NH₄⁺", "flow_value": null, "flow_unit": "мг/л", "flow_comment": "Азот аммонийный", "flow_pdk": 0.2, "flow_flow": 57.1, "flow_field_9": null, "flow_field_10": null, "flow_field_11": null, "flow_field_12": null, "flow_field_13": null, "flow_field_14": null}, "geometry": {"type": "Point", "coordinates": [58.73, 29.84]}}, {"type": "Feature", "properties": {"station_id": "P05", "name": "г. Луга", "river": "р. Луга", "lat": 58.73, "lon": 29.84, "flow_station_id": "P05", "flow_date": "Апрель 2019", "flow_parameter": "PO₄³⁻", "flow_value": null, "flow_unit": "мг/л", "flow_comment": "Фосфаты по фосфору", "flow_pdk": 0.2, "flow_flow": 57.1, "flow_field_9": null, "flow_field_10": null, "flow_field_11": null, "flow_field_12": null, "flow_field_13": null, "flow_field_14": null}, "geometry": {"type": "Point", "coordinates": [58.73, 29.84]}}, {"type": "Feature", "properties": {"station_id": "P05", "name": "г. Луга", "river": "р. Луга", "lat": 58.73, "lon": 29.84, "flow_station_id": "P05", "flow_date": "Март 2019", "flow_parameter": "NO₂", "flow_value": null, "flow_unit": "мг/л", "flow_comment": "Нитриты", "flow_pdk": 0.2, "flow_flow": 24.9, "flow_field_9": null, "flow_field_10": null, "flow_field_11": null, "flow_field_12": null, "flow_field_13": null, "flow_field_14": null}, "geometry": {"type": "Point", "coordinates": [58.73, 29.84]}}, {"type": "Feature", "properties": {"station_id": "P05", "name": "г. Луга", "river": "р. Луга", "lat": 58.73, "lon": 29.84, "flow_station_id": "P05", "flow_date": "Март 2019", "flow_parameter": "NH₄⁺", "flow_value": null, "flow_unit": "мг/л", "flow_comment": "Азот аммонийный", "flow_pdk": 0.2, "flow_flow": 24.9, "flow_field_9": null, "flow_field_10": null, "flow_field_11": null, "flow_field_12": null, "flow_field_13": null, "flow_field_14": null}, "geometry": {"type": "Point", "coordinates": [58.73, 29.84]}}, {"type": "Feature", "properties": {"station_id": "P05", "name": "г. Луга", "river": "р. Луга", "lat": 58.73, "lon": 29.84, "flow_station_id": "P05", "flow_date": "Март 2019", "flow_parameter": "PO₄³⁻", "flow_value": null, "flow_unit": "мг/л", "flow_comment": "Фосфаты по фосфору", "flow_pdk": 0.2, "flow_flow": 24.9, "flow_field_9": null, "flow_field_10": null, "flow_field_11": null, "flow_field_12": null, "flow_field_13": null, "flow_field_14": null}, "geometry": {"type": "Point", "coordinates": [58.73, 29.84]}}, {"type": "Feature", "properties": {"station_id": "P05", "name": "г. Луга", "river": "р. Луга", "lat": 58.73, "lon": 29.84, "flow_station_id": "P05", "flow_date": "Февраль 2019", "flow_parameter": "NO₂", "flow_value": null, "flow_unit": "мг/л", "flow_comment": "Нитриты", "flow_pdk": 0.2, "flow_flow": 3.31, "flow_field_9": null, "flow_field_10": null, "flow_field_11": null, "flow_field_12": null, "flow_field_13": null, "flow_field_14": null}, "geometry": {"type": "Point", "coordinates": [58.73, 29.84]}}, {"type": "Feature", "properties": {"station_id": "P05", "name": "г. Луга", "river": "р. Луга", "lat": 58.73, "lon": 29.84, "flow_station_id": "P05", "flow_date": "Февраль 2019", "flow_parameter": "NH₄⁺", "flow_value": null, "flow_unit": "мг/л", "flow_comment": "Азот аммонийный", "flow_pdk": 0.2, "flow_flow": 3.31, "flow_field_9": null, "flow_field_10": null, "flow_field_11": null, "flow_field_12": null, "flow_field_13": null, "flow_field_14": null}, "geometry": {"type": "Point", "coordinates": [58.73, 29.84]}}, {"type": "Feature", "properties": {"station_id": "P05", "name": "г. Луга", "river": "р. Луга", "lat": 58.73, "lon": 29.84, "flow_station_id": "P05", "flow_date": "Февраль 2019", "flow_parameter": "PO₄³⁻", "flow_value": null, "flow_unit": "мг/л", "flow_comment": "Фосфаты по фосфору", "flow_pdk": 0.2, "flow_flow": 3.31, "flow_field_9": null, "flow_field_10": null, "flow_field_11": null, "flow_field_12": null, "flow_field_13": null, "flow_field_14": null}, "geometry": {"type": "Point", "coordinates": [58.73, 29.84]}}, {"type": "Feature", "properties": {"station_id": "P05", "name": "г. Луга", "river": "р. Луга", "lat": 58.73, "lon": 29.84, "flow_station_id": "P05", "flow_date": "Январь 2019", "flow_parameter": "NO₂", "flow_value": null, "flow_unit": "мг/л", "flow_comment": "Нитриты", "flow_pdk": 0.2, "flow_flow": 2.14, "flow_field_9": null, "flow_field_10": null, "flow_field_11": null, "flow_field_12": null, "flow_field_13": null, "flow_field_14": null}, "geometry": {"type": "Point", "coordinates": [58.73, 29.84]}}, {"type": "Feature", "properties": {"station_id": "P05", "name": "г. Луга", "river": "р. Луга", "lat": 58.73, "lon": 29.84, "flow_station_id": "P05", "flow_date": "Январь 2019", "flow_parameter": "NH₄⁺", "flow_value": null, "flow_unit": "мг/л", "flow_comment": "Азот аммонийный", "flow_pdk": 0.2, "flow_flow": 2.14, "flow_field_9": null, "flow_field_10": null, "flow_field_11": null, "flow_field_12": null, "flow_field_13": null, "flow_field_14": null}, "geometry": {"type": "Point", "coordinates": [58.73, 29.84]}}, {"type": "Feature", "properties": {"station_id": "P05", "name": "г. Луга", "river": "р. Луга", "lat": 58.73, "lon": 29.84, "flow_station_id": "P05", "flow_date": "Январь 2019", "flow_parameter": "PO₄³⁻", "flow_value": null, "flow_unit": "мг/л", "flow_comment": "Фосфаты по фосфору", "flow_pdk": 0.2, "flow_flow": 2.14, "flow_field_9": null, "flow_field_10": null, "flow_field_11": null, "flow_field_12": null, "flow_field_13": null, "flow_field_14": null}, "geometry": {"type": "Point", "coordinates": [58.73, 29.84]}}]}