{"type": "FeatureCollection", "name": "stations_avg", "crs": {"type": "name", "properties": {"name": "urn:ogc:def:crs:OGC:1.3:CRS84"}}, "features": [{"type": "Feature", "properties": {"station_id": "P01", "name": "д. Горы", "river": "р. Мга", "lat": 59.761454, "lon": 30.977288, "avg_river": "р. Мга", "avg_year": 2024, "avg_parameter": "Mn", "avg_value": 3.1, "avg_unit": "мг/л", "avg_comment": "Марганец", "avg_field_7": null, "avg_field_8": null, "avg_field_9": null, "avg_field_10": null}, "geometry": {"type": "Point", "coordinates": [59.761454, 30.977288]}}, {"type": "Feature", "properties": {"station_id": "P01", "name": "д. Горы", "river": "р. Мга", "lat": 59.761454, "lon": 30.977288, "avg_river": "р. Мга", "avg_year": 2024, "avg_parameter": "Zn", "avg_value": 2.9, "avg_unit": "мг/л", "avg_comment": "Цинк", "avg_field_7": null, "avg_field_8": null, "avg_field_9": null, "avg_field_10": null}, "geometry": {"type": "Point", "coordinates": [59.761454, 30.977288]}}, {"type": "Feature", "properties": {"station_id": "P01", "name": "д. Горы", "river": "р. Мга", "lat": 59.761454, "lon": 30.977288, "avg_river": "р. Мга", "avg_year": 2024, "avg_parameter": "Cu", "avg_value": 9.1, "avg_unit": "мг/л", "avg_comment": "Медь", "avg_field_7": null, "avg_field_8": null, "avg_field_9": null, "avg_field_10": null}, "geometry": {"type": "Point", "coordinates": [59.761454, 30.977288]}}, {"type": "Feature", "properties": {"station_id": "P01", "name": "д. Горы", "river": "р. Мга", "lat": 59.761454, "lon": 30.977288, "avg_river": "р. Мга", "avg_year": 2024, "avg_parameter": "Feобщ", "avg_value": 4.4, "avg_unit": "мг/л", "avg_comment": "Железо общее", "avg_field_7": null, "avg_field_8": null, "avg_field_9": null, "avg_field_10": null}, "geometry": {"type": "Point", "coordinates": [59.761454, 30.977288]}}, {"type": "Feature", "properties": {"station_id": "P01", "name": "д. Горы", "river": "р. Мга", "lat": 59.761454, "lon": 30.977288, "avg_river": "р. Мга", "avg_year": 2024, "avg_parameter": "ХПК", "avg_value": 3.6, "avg_unit": "мг О2/л", "avg_comment": "Химическое потрепление кислорода", "avg_field_7": null, "avg_field_8": null, "avg_field_9": null, "avg_field_10": null}, "geometry": {"type": "Point", "coordinates": [59.761454, 30.977288]}}, {"type": "Feature", "properties": {"station_id": "P01", "name": "д. Горы", "river": "р. Мга", "lat": 59.761454, "lon": 30.977288, "avg_river": "р. Мга", "avg_year": 2023, "avg_parameter": "Mn", "avg_value": null, "avg_unit": "мг/л", "avg_comment": "Марганец", "avg_field_7": null, "avg_field_8": null, "avg_field_9": null, "avg_field_10": null}, "geometry": {"type": "Point", "coordinates": [59.761454, 30.977288]}}, {"type": "Feature", "properties": {"station_id": "P01", "name": "д. Горы", "river": "р. Мга", "lat": 59.761454, "lon": 30.977288, "avg_river": "р. Мга", "avg_year": 2023, "avg_parameter": "Zn", "avg_value": null, "avg_unit": "мг/л", "avg_comment": "Цинк", "avg_field_7": null, "avg_field_8": null, "avg_field_9": null, "avg_field_10": null}, "geometry": {"type": "Point", "coordinates": [59.761454, 30.977288]}}, {"type": "Feature", "properties": {"station_id": "P01", "name": "д. Горы", "river": "р. Мга", "lat": 59.761454, "lon": 30.977288, "avg_river": "р. Мга", "avg_year": 2023, "avg_parameter": "Cu", "avg_value": null, "avg_unit": "мг/л", "avg_comment": "Медь", "avg_field_7": null, "avg_field_8": null, "avg_field_9": null, "avg_field_10": null}, "geometry": {"type": "Point", "coordinates": [59.761454, 30.977288]}}, {"type": "Feature", "properties": {"station_id": "P01", "name": "д. Горы", "river": "р. Мга", "lat": 59.761454, "lon": 30.977288, "avg_river": "р. Мга", "avg_year": 2023, "avg_parameter": "Feобщ", "avg_value": null, "avg_unit": "мг/л", "avg_comment": "Железо общее", "avg_field_7": null, "avg_field_8": null, "avg_field_9": null, "avg_field_10": null}, "geometry": {"type": "Point", "coordinates": [59.761454, 30.977288]}}, {"type": "Feature", "properties": {"station_id": "P01", "name": "д. Горы", "river": "р. Мга", "lat": 59.761454, "lon": 30.977288, "avg_river": "р. Мга", "avg_year": 2023, "avg_parameter": "ХПК", "avg_value": null, "avg_unit": "мг О2/л", "avg_comment": "Химическое потрепление кислорода", "avg_field_7": null, "avg_field_8": null, "avg_field_9": null, "avg_field_10": null}, "geometry": {"type": "Point", "coordinates": [59.761454, 30.977288]}}, {"type": "Feature", "properties": {"station_id": "P01", "name": "д. Горы", "river": "р. Мга", "lat": 59.761454, "lon": 30.977288, "avg_river": "р. Мга", "avg_year": 2022, "avg_parameter": "Mn", "avg_value": 5.1, "avg_unit": "мг/л", "avg_comment": "Марганец", "avg_field_7": null, "avg_field_8": null, "avg_field_9": null, "avg_field_10": null}, "geometry": {"type": "Point", "coordinates": [59.761454, 30.977288]}}, {"type": "Feature", "properties": {"station_id": "P01", "name": "д. Горы", "river": "р. Мга", "lat": 59.761454, "lon": 30.977288, "avg_river": "р. Мга", "avg_year": 2022, "avg_parameter": "Zn", "avg_value": 1.6, "avg_unit": "мг/л", "avg_comment": "Цинк", "avg_field_7": null, "avg_field_8": null, "avg_field_9": null, "avg_field_10": null}, "geometry": {"type": "Point", "coordinates": [59.761454, 30.977288]}}, {"type": "Feature", "properties": {"station_id": "P01", "name": "д. Горы", "river": "р. Мга", "lat": 59.761454, "lon": 30.977288, "avg_river": "р. Мга", "avg_year": 2022, "avg_parameter": "Cu", "avg_value": 8.2, "avg_unit": "мг/л", "avg_comment": "Медь", "avg_field_7": null, "avg_field_8": null, "avg_field_9": null, "avg_field_10": null}, "geometry": {"type": "Point", "coordinates": [59.761454, 30.977288]}}, {"type": "Feature", "properties": {"station_id": "P01", "name": "д. Горы", "river": "р. Мга", "lat": 59.761454, "lon": 30.977288, "avg_river": "р. Мга", "avg_year": 2022, "avg_parameter": "Feобщ", "avg_value": 6.3, "avg_unit": "мг/л", "avg_comment": "Железо общее", "avg_field_7": null, "avg_field_8": null, "avg_field_9": null, "avg_field_10": null}, "geometry": {"type": "Point", "coordinates": [59.761454, 30.977288]}}, {"type": "Feature", "properties": {"station_id": "P01", "name": "д. Горы", "river": "р. Мга", "lat": 59.761454, "lon": 30.977288, "avg_river": "р. Мга", "avg_year": 2022, "avg_parameter": "ХПК", "avg_value": 3.7, "avg_unit": "мг О2/л", "avg_comment": "Химическое потрепление кислорода", "avg_field_7": null, "avg_field_8": null, "avg_field_9": null, "avg_field_10": null}, "geometry": {"type": "Point", "coordinates": [59.761454, 30.977288]}}, {"type": "Feature", "properties": {"station_id": "P01", "name": "д. Горы", "river": "р. Мга", "lat": 59.761454, "lon": 30.977288, "avg_river": "р. Мга", "avg_year": 2021, "avg_parameter": "Mn", "avg_value": 3.6, "avg_unit": "мг/л", "avg_comment": "Марганец", "avg_field_7": null, "avg_field_8": null, "avg_field_9": null, "avg_field_10": null}, "geometry": {"type": "Point", "coordinates": [59.761454, 30.977288]}}, {"type": "Feature", "properties": {"station_id": "P01", "name": "д. Горы", "river": "р. Мга", "lat": 59.761454, "lon": 30.977288, "avg_river": "р. Мга", "avg_year": 2021, "avg_parameter": "Zn", "avg_value": 1.6, "avg_unit": "мг/л", "avg_comment": "Цинк", "avg_field_7": null, "avg_field_8": null, "avg_field_9": null, "avg_field_10": null}, "geometry": {"type": "Point", "coordinates": [59.761454, 30.977288]}}, {"type": "Feature", "properties": {"station_id": "P01", "name": "д. Горы", "river": "р. Мга", "lat": 59.761454, "lon": 30.977288, "avg_river": "р. Мга", "avg_year": 2021, "avg_parameter": "Cu", "avg_value": 7.0, "avg_unit": "мг/л", "avg_comment": "Медь", "avg_field_7": null, "avg_field_8": null, "avg_field_9": null, "avg_field_10": null}, "geometry": {"type": "Point", "coordinates": [59.761454, 30.977288]}}, {"type": "Feature", "properties": {"station_id": "P01", "name": "д. Горы", "river": "р. Мга", "lat": 59.761454, "lon": 30.977288, "avg_river": "р. Мга", "avg_year": 2021, "avg_parameter": "Feобщ", "avg_value": 3.1, "avg_unit": "мг/л", "avg_comment": "Железо общее", "avg_field_7": null, "avg_field_8": null, "avg_field_9": null, "avg_field_10": null}, "geometry": {"type": "Point", "coordinates": [59.761454, 30.977288]}}, {"type": "Feature", "properties": {"station_id": "P01", "name": "д. Горы", "river": "р. Мга", "lat": 59.761454, "lon": 30.977288, "avg_river": "р. Мга", "avg_year": 2021, "avg_parameter": "ХПК", "avg_value": 2.2, "avg_unit": "мг О2/л", "avg_comment": "Химическое потрепление кислорода", "avg_field_7": null, "avg_field_8": null, "avg_field_9": null, "avg_field_10": null}, "geometry": {"type": "Point", "coordinates": [59.761454, 30.977288]}}, {"type": "Feature", "properties": {"station_id": "P01", "name": "д. Горы", "river": "р. Мга", "lat": 59.761454, "lon": 30.977288, "avg_river": "р. Мга", "avg_year": 2020, "avg_parameter": "Mn", "avg_value": 3.4, "avg_unit": "мг/л", "avg_comment": "Марганец", "avg_field_7": null, "avg_field_8": null, "avg_field_9": null, "avg_field_10": null}, "geometry": {"type": "Point", "coordinates": [59.761454, 30.977288]}}, {"type": "Feature", "properties": {"station_id": "P01", "name": "д. Горы", "river": "р. Мга", "lat": 59.761454, "lon": 30.977288, "avg_river": "р. Мга", "avg_year": 2020, "avg_parameter": "Zn", "avg_value": 1.7, "avg_unit": "мг/л", "avg_comment": "Цинк", "avg_field_7": null, "avg_field_8": null, "avg_field_9": null, "avg_field_10": null}, "geometry": {"type": "Point", "coordinates": [59.761454, 30.977288]}}, {"type": "Feature", "properties": {"station_id": "P01", "name": "д. Горы", "river": "р. Мга", "lat": 59.761454, "lon": 30.977288, "avg_river": "р. Мга", "avg_year": 2020, "avg_parameter": "Cu", "avg_value": 5.3, "avg_unit": "мг/л", "avg_comment": "Медь", "avg_field_7": null, "avg_field_8": null, "avg_field_9": null, "avg_field_10": null}, "geometry": {"type": "Point", "coordinates": [59.761454, 30.977288]}}, {"type": "Feature", "properties": {"station_id": "P01", "name": "д. Горы", "river": "р. Мга", "lat": 59.761454, "lon": 30.977288, "avg_river": "р. Мга", "avg_year": 2020, "avg_parameter": "Feобщ", "avg_value": 5.6, "avg_unit": "мг/л", "avg_comment": "Железо общее", "avg_field_7": null, "avg_field_8": null, "avg_field_9": null, "avg_field_10": null}, "geometry": {"type": "Point", "coordinates": [59.761454, 30.977288]}}, {"type": "Feature", "properties": {"station_id": "P01", "name": "д. Горы", "river": "р. Мга", "lat": 59.761454, "lon": 30.977288, "avg_river": "р. Мга", "avg_year": 2020, "avg_parameter": "ХПК", "avg_value": 3.0, "avg_unit": "мг О2/л", "avg_comment": "Химическое потрепление кислорода", "avg_field_7": null, "avg_field_8": null, "avg_field_9": null, "avg_field_10": null}, "geometry": {"type": "Point", "coordinates": [59.761454, 30.977288]}}, {"type": "Feature", "properties": {"station_id": "P01", "name": "д. Горы", "river": "р. Мга", "lat": 59.761454, "lon": 30.977288, "avg_river": "р. Мга", "avg_year": 2019, "avg_parameter": "Mn", "avg_value": 4.5, "avg_unit": "мг/л", "avg_comment": "Марганец", "avg_field_7": null, "avg_field_8": null, "avg_field_9": null, "avg_field_10": null}, "geometry": {"type": "Point", "coordinates": [59.761454, 30.977288]}}, {"type": "Feature", "properties": {"station_id": "P01", "name": "д. Горы", "river": "р. Мга", "lat": 59.761454, "lon": 30.977288, "avg_river": "р. Мга", "avg_year": 2019, "avg_parameter": "Zn", "avg_value": 1.8, "avg_unit": "мг/л", "avg_comment": "Цинк", "avg_field_7": null, "avg_field_8": null, "avg_field_9": null, "avg_field_10": null}, "geometry": {"type": "Point", "coordinates": [59.761454, 30.977288]}}, {"type": "Feature", "properties": {"station_id": "P01", "name": "д. Горы", "river": "р. Мга", "lat": 59.761454, "lon": 30.977288, "avg_river": "р. Мга", "avg_year": 2019, "avg_parameter": "Cu", "avg_value": 5.3, "avg_unit": "мг/л", "avg_comment": "Медь", "avg_field_7": null, "avg_field_8": null, "avg_field_9": null, "avg_field_10": null}, "geometry": {"type": "Point", "coordinates": [59.761454, 30.977288]}}, {"type": "Feature", "properties": {"station_id": "P01", "name": "д. Горы", "river": "р. Мга", "lat": 59.761454, "lon": 30.977288, "avg_river": "р. Мга", "avg_year": 2019, "avg_parameter": "Feобщ", "avg_value": 6.0, "avg_unit": "мг/л", "avg_comment": "Железо общее", "avg_field_7": null, "avg_field_8": null, "avg_field_9": null, "avg_field_10": null}, "geometry": {"type": "Point", "coordinates": [59.761454, 30.977288]}}, {"type": "Feature", "properties": {"station_id": "P01", "name": "д. Горы", "river": "р. Мга", "lat": 59.761454, "lon": 30.977288, "avg_river": "р. Мга", "avg_year": 2019, "avg_parameter": "ХПК", "avg_value": 3.0, "avg_unit": "мг О2/л", "avg_comment": "Химическое потрепление кислорода", "avg_field_7": null, "avg_field_8": null, "avg_field_9": null, "avg_field_10": null}, "geometry": {"type": "Point", "coordinates": [59.761454, 30.977288]}}, {"type": "Feature", "properties": {"station_id": "P01", "name": "д. Горы", "river": "р. Мга", "lat": 59.761454, "lon": 30.977288, "avg_river": "р. Мга", "avg_year": 2018, "avg_parameter": "Mn", "avg_value": 7.5, "avg_unit": "мг/л", "avg_comment": "Марганец", "avg_field_7": null, "avg_field_8": null, "avg_field_9": null, "avg_field_10": null}, "geometry": {"type": "Point", "coordinates": [59.761454, 30.977288]}}, {"type": "Feature", "properties": {"station_id": "P01", "name": "д. Горы", "river": "р. Мга", "lat": 59.761454, "lon": 30.977288, "avg_river": "р. Мга", "avg_year": 2018, "avg_parameter": "Zn", "avg_value": 3.6, "avg_unit": "мг/л", "avg_comment": "Цинк", "avg_field_7": null, "avg_field_8": null, "avg_field_9": null, "avg_field_10": null}, "geometry": {"type": "Point", "coordinates": [59.761454, 30.977288]}}, {"type": "Feature", "properties": {"station_id": "P01", "name": "д. Горы", "river": "р. Мга", "lat": 59.761454, "lon": 30.977288, "avg_river": "р. Мга", "avg_year": 2018, "avg_parameter": "Cu", "avg_value": 4.9, "avg_unit": "мг/л", "avg_comment": "Медь", "avg_field_7": null, "avg_field_8": null, "avg_field_9": null, "avg_field_10": null}, "geometry": {"type": "Point", "coordinates": [59.761454, 30.977288]}}, {"type": "Feature", "properties": {"station_id": "P01", "name": "д. Горы", "river": "р. Мга", "lat": 59.761454, "lon": 30.977288, "avg_river": "р. Мга", "avg_year": 2018, "avg_parameter": "Feобщ", "avg_value": 8.7, "avg_unit": "мг/л", "avg_comment": "Железо общее", "avg_field_7": null, "avg_field_8": null, "avg_field_9": null, "avg_field_10": null}, "geometry": {"type": "Point", "coordinates": [59.761454, 30.977288]}}, {"type": "Feature", "properties": {"station_id": "P01", "name": "д. Горы", "river": "р. Мга", "lat": 59.761454, "lon": 30.977288, "avg_river": "р. Мга", "avg_year": 2018, "avg_parameter": "ХПК", "avg_value": 3.5, "avg_unit": "мг О2/л", "avg_comment": "Химическое потрепление кислорода", "avg_field_7": null, "avg_field_8": null, "avg_field_9": null, "avg_field_10": null}, "geometry": {"type": "Point", "coordinates": [59.761454, 30.977288]}}, {"type": "Feature", "properties": {"station_id": "P01", "name": "д. Горы", "river": "р. Мга", "lat": 59.761454, "lon": 30.977288, "avg_river": "р. Мга", "avg_year": 2017, "avg_parameter": "Mn", "avg_value": 2.3, "avg_unit": "мг/л", "avg_comment": "Марганец", "avg_field_7": null, "avg_field_8": null, "avg_field_9": null, "avg_field_10": null}, "geometry": {"type": "Point", "coordinates": [59.761454, 30.977288]}}, {"type": "Feature", "properties": {"station_id": "P01", "name": "д. Горы", "river": "р. Мга", "lat": 59.761454, "lon": 30.977288, "avg_river": "р. Мга", "avg_year": 2017, "avg_parameter": "Zn", "avg_value": 3.0, "avg_unit": "мг/л", "avg_comment": "Цинк", "avg_field_7": null, "avg_field_8": null, "avg_field_9": null, "avg_field_10": null}, "geometry": {"type": "Point", "coordinates": [59.761454, 30.977288]}}, {"type": "Feature", "properties": {"station_id": "P01", "name": "д. Горы", "river": "р. Мга", "lat": 59.761454, "lon": 30.977288, "avg_river": "р. Мга", "avg_year": 2017, "avg_parameter": "Cu", "avg_value": 5.3, "avg_unit": "мг/л", "avg_comment": "Медь", "avg_field_7": null, "avg_field_8": null, "avg_field_9": null, "avg_field_10": null}, "geometry": {"type": "Point", "coordinates": [59.761454, 30.977288]}}, {"type": "Feature", "properties": {"station_id": "P01", "name": "д. Горы", "river": "р. Мга", "lat": 59.761454, "lon": 30.977288, "avg_river": "р. Мга", "avg_year": 2017, "avg_parameter": "Feобщ", "avg_value": 6.5, "avg_unit": "мг/л", "avg_comment": "Железо общее", "avg_field_7": null, "avg_field_8": null, "avg_field_9": null, "avg_field_10": null}, "geometry": {"type": "Point", "coordinates": [59.761454, 30.977288]}}, {"type": "Feature", "properties": {"station_id": "P01", "name": "д. Горы", "river": "р. Мга", "lat": 59.761454, "lon": 30.977288, "avg_river": "р. Мга", "avg_year": 2017, "avg_parameter": "ХПК", "avg_value": 3.5, "avg_unit": "мг О2/л", "avg_comment": "Химическое потрепление кислорода", "avg_field_7": null, "avg_field_8": null, "avg_field_9": null, "avg_field_10": null}, "geometry": {"type": "Point", "coordinates": [59.761454, 30.977288]}}, {"type": "Feature", "properties": {"station_id": "P01", "name": "д. Горы", "river": "р. Мга", "lat": 59.761454, "lon": 30.977288, "avg_river": "р. Мга", "avg_year": 2016, "avg_parameter": "Mn", "avg_value": null, "avg_unit": "мг/л", "avg_comment": "Марганец", "avg_field_7": null, "avg_field_8": null, "avg_field_9": null, "avg_field_10": null}, "geometry": {"type": "Point", "coordinates": [59.761454, 30.977288]}}, {"type": "Feature", "properties": {"station_id": "P01", "name": "д. Горы", "river": "р. Мга", "lat": 59.761454, "lon": 30.977288, "avg_river": "р. Мга", "avg_year": 2016, "avg_parameter": "Zn", "avg_value": null, "avg_unit": "мг/л", "avg_comment": "Кадмий", "avg_field_7": null, "avg_field_8": null, "avg_field_9": null, "avg_field_10": null}, "geometry": {"type": "Point", "coordinates": [59.761454, 30.977288]}}, {"type": "Feature", "properties": {"station_id": "P01", "name": "д. Горы", "river": "р. Мга", "lat": 59.761454, "lon": 30.977288, "avg_river": "р. Мга", "avg_year": 2016, "avg_parameter": "Cu", "avg_value": null, "avg_unit": "мг/л", "avg_comment": "Медь", "avg_field_7": null, "avg_field_8": null, "avg_field_9": null, "avg_field_10": null}, "geometry": {"type": "Point", "coordinates": [59.761454, 30.977288]}}, {"type": "Feature", "properties": {"station_id": "P01", "name": "д. Горы", "river": "р. Мга", "lat": 59.761454, "lon": 30.977288, "avg_river": "р. Мга", "avg_year": 2016, "avg_parameter": "Feобщ", "avg_value": null, "avg_unit": "мг/л", "avg_comment": "Железо общее", "avg_field_7": null, "avg_field_8": null, "avg_field_9": null, "avg_field_10": null}, "geometry": {"type": "Point", "coordinates": [59.761454, 30.977288]}}, {"type": "Feature", "properties": {"station_id": "P01", "name": "д. Горы", "river": "р. Мга", "lat": 59.761454, "lon": 30.977288, "avg_river": "р. Мга", "avg_year": 2016, "avg_parameter": "ХПК", "avg_value": null, "avg_unit": "мг О2/л", "avg_comment": "Химическое потрепление кислорода", "avg_field_7": null, "avg_field_8": null, "avg_field_9": null, "avg_field_10": null}, "geometry": {"type": "Point", "coordinates": [59.761454, 30.977288]}}, {"type": "Feature", "properties": {"station_id": "P01", "name": "д. Горы", "river": "р. Мга", "lat": 59.761454, "lon": 30.977288, "avg_river": "р. Мга", "avg_year": 2015, "avg_parameter": "Mn", "avg_value": 7.5, "avg_unit": "мг/л", "avg_comment": "Марганец", "avg_field_7": null, "avg_field_8": null, "avg_field_9": null, "avg_field_10": null}, "geometry": {"type": "Point", "coordinates": [59.761454, 30.977288]}}, {"type": "Feature", "properties": {"station_id": "P01", "name": "д. Горы", "river": "р. Мга", "lat": 59.761454, "lon": 30.977288, "avg_river": "р. Мга", "avg_year": 2015, "avg_parameter": "Zn", "avg_value": 2.3, "avg_unit": "мг/л", "avg_comment": "Цинк", "avg_field_7": null, "avg_field_8": null, "avg_field_9": null, "avg_field_10": null}, "geometry": {"type": "Point", "coordinates": [59.761454, 30.977288]}}, {"type": "Feature", "properties": {"station_id": "P01", "name": "д. Горы", "river": "р. Мга", "lat": 59.761454, "lon": 30.977288, "avg_river": "р. Мга", "avg_year": 2015, "avg_parameter": "Cu", "avg_value": 4.4, "avg_unit": "мг/л", "avg_comment": "Медь", "avg_field_7": null, "avg_field_8": null, "avg_field_9": null, "avg_field_10": null}, "geometry": {"type": "Point", "coordinates": [59.761454, 30.977288]}}, {"type": "Feature", "properties": {"station_id": "P01", "name": "д. Горы", "river": "р. Мга", "lat": 59.761454, "lon": 30.977288, "avg_river": "р. Мга", "avg_year": 2015, "avg_parameter": "Feобщ", "avg_value": 5.6, "avg_unit": "мг/л", "avg_comment": "Железо общее", "avg_field_7": null, "avg_field_8": null, "avg_field_9": null, "avg_field_10": null}, "geometry": {"type": "Point", "coordinates": [59.761454, 30.977288]}}, {"type": "Feature", "properties": {"station_id": "P01", "name": "д. Горы", "river": "р. Мга", "lat": 59.761454, "lon": 30.977288, "avg_river": "р. Мга", "avg_year": 2015, "avg_parameter": "ХПК", "avg_value": 3.2, "avg_unit": "мг О2/л", "avg_comment": "Химическое потрепление кислорода", "avg_field_7": null, "avg_field_8": null, "avg_field_9": null, "avg_field_10": null}, "geometry": {"type": "Point", "coordinates": [59.761454, 30.977288]}}, {"type": "Feature", "properties": {"station_id": "P01", "name": "д. Горы", "river": "р. Мга", "lat": 59.761454, "lon": 30.977288, "avg_river": "р. Мга", "avg_year": 2014, "avg_parameter": "Mn", "avg_value": 3.6, "avg_unit": "мг/л", "avg_comment": "Марганец", "avg_field_7": null, "avg_field_8": null, "avg_field_9": null, "avg_field_10": null}, "geometry": {"type": "Point", "coordinates": [59.761454, 30.977288]}}, {"type": "Feature", "properties": {"station_id": "P01", "name": "д. Горы", "river": "р. Мга", "lat": 59.761454, "lon": 30.977288, "avg_river": "р. Мга", "avg_year": 2014, "avg_parameter": "Zn", "avg_value": 1.2, "avg_unit": "мг/л", "avg_comment": "Цинк", "avg_field_7": null, "avg_field_8": null, "avg_field_9": null, "avg_field_10": null}, "geometry": {"type": "Point", "coordinates": [59.761454, 30.977288]}}, {"type": "Feature", "properties": {"station_id": "P01", "name": "д. Горы", "river": "р. Мга", "lat": 59.761454, "lon": 30.977288, "avg_river": "р. Мга", "avg_year": 2014, "avg_parameter": "Cu", "avg_value": 2.7, "avg_unit": "мг/л", "avg_comment": "Медь", "avg_field_7": null, "avg_field_8": null, "avg_field_9": null, "avg_field_10": null}, "geometry": {"type": "Point", "coordinates": [59.761454, 30.977288]}}, {"type": "Feature", "properties": {"station_id": "P01", "name": "д. Горы", "river": "р. Мга", "lat": 59.761454, "lon": 30.977288, "avg_river": "р. Мга", "avg_year": 2014, "avg_parameter": "Feобщ", "avg_value": 5.2, "avg_unit": "мг/л", "avg_comment": "Железо общее", "avg_field_7": null, "avg_field_8": null, "avg_field_9": null, "avg_field_10": null}, "geometry": {"type": "Point", "coordinates": [59.761454, 30.977288]}}, {"type": "Feature", "properties": {"station_id": "P01", "name": "д. Горы", "river": "р. Мга", "lat": 59.761454, "lon": 30.977288, "avg_river": "р. Мга", "avg_year": 2014, "avg_parameter": "ХПК", "avg_value": 2.8, "avg_unit": "мг О2/л", "avg_comment": "Химическое потрепление кислорода", "avg_field_7": null, "avg_field_8": null, "avg_field_9": null, "avg_field_10": null}, "geometry": {"type": "Point", "coordinates": [59.761454, 30.977288]}}, {"type": "Feature", "properties": {"station_id": "P01", "name": "д. Горы", "river": "р. Мга", "lat": 59.761454, "lon": 30.977288, "avg_river": "р. Мга", "avg_year": 2013, "avg_parameter": "Mn", "avg_value": 4.4, "avg_unit": "мг/л", "avg_comment": "Марганец", "avg_field_7": null, "avg_field_8": null, "avg_field_9": null, "avg_field_10": null}, "geometry": {"type": "Point", "coordinates": [59.761454, 30.977288]}}, {"type": "Feature", "properties": {"station_id": "P01", "name": "д. Горы", "river": "р. Мга", "lat": 59.761454, "lon": 30.977288, "avg_river": "р. Мга", "avg_year": 2013, "avg_parameter": "Zn", "avg_value": 1.3, "avg_unit": "мг/л", "avg_comment": "Цинк", "avg_field_7": null, "avg_field_8": null, "avg_field_9": null, "avg_field_10": null}, "geometry": {"type": "Point", "coordinates": [59.761454, 30.977288]}}, {"type": "Feature", "properties": {"station_id": "P01", "name": "д. Горы", "river": "р. Мга", "lat": 59.761454, "lon": 30.977288, "avg_river": "р. Мга", "avg_year": 2013, "avg_parameter": "Cu", "avg_value": 2.7, "avg_unit": "мг/л", "avg_comment": "Медь", "avg_field_7": null, "avg_field_8": null, "avg_field_9": null, "avg_field_10": null}, "geometry": {"type": "Point", "coordinates": [59.761454, 30.977288]}}, {"type": "Feature", "properties": {"station_id": "P01", "name": "д. Горы", "river": "р. Мга", "lat": 59.761454, "lon": 30.977288, "avg_river": "р. Мга", "avg_year": 2013, "avg_parameter": "Feобщ", "avg_value": 9.4, "avg_unit": "мг/л", "avg_comment": "Железо общее", "avg_field_7": null, "avg_field_8": null, "avg_field_9": null, "avg_field_10": null}, "geometry": {"type": "Point", "coordinates": [59.761454, 30.977288]}}, {"type": "Feature", "properties": {"station_id": "P01", "name": "д. Горы", "river": "р. Мга", "lat": 59.761454, "lon": 30.977288, "avg_river": "р. Мга", "avg_year": 2013, "avg_parameter": "ХПК", "avg_value": 3.5, "avg_unit": "мг О2/л", "avg_comment": "Химическое потрепление кислорода", "avg_field_7": null, "avg_field_8": null, "avg_field_9": null, "avg_field_10": null}, "geometry": {"type": "Point", "coordinates": [59.761454, 30.977288]}}, {"type": "Feature", "properties": {"station_id": "P01", "name": "д. Горы", "river": "р. Мга", "lat": 59.761454, "lon": 30.977288, "avg_river": "р. Мга", "avg_year": 2012, "avg_parameter": "Mn", "avg_value": 3.6, "avg_unit": "мг/л", "avg_comment": "Марганец", "avg_field_7": null, "avg_field_8": null, "avg_field_9": null, "avg_field_10": null}, "geometry": {"type": "Point", "coordinates": [59.761454, 30.977288]}}, {"type": "Feature", "properties": {"station_id": "P01", "name": "д. Горы", "river": "р. Мга", "lat": 59.761454, "lon": 30.977288, "avg_river": "р. Мга", "avg_year": 2012, "avg_parameter": "Zn", "avg_value": 1.6, "avg_unit": "мг/л", "avg_comment": "Цинк", "avg_field_7": null, "avg_field_8": null, "avg_field_9": null, "avg_field_10": null}, "geometry": {"type": "Point", "coordinates": [59.761454, 30.977288]}}, {"type": "Feature", "properties": {"station_id": "P01", "name": "д. Горы", "river": "р. Мга", "lat": 59.761454, "lon": 30.977288, "avg_river": "р. Мга", "avg_year": 2012, "avg_parameter": "Cu", "avg_value": 3.7, "avg_unit": "мг/л", "avg_comment": "Медь", "avg_field_7": null, "avg_field_8": null, "avg_field_9": null, "avg_field_10": null}, "geometry": {"type": "Point", "coordinates": [59.761454, 30.977288]}}, {"type": "Feature", "properties": {"station_id": "P01", "name": "д. Горы", "river": "р. Мга", "lat": 59.761454, "lon": 30.977288, "avg_river": "р. Мга", "avg_year": 2012, "avg_parameter": "Feобщ", "avg_value": 9.8, "avg_unit": "мг/л", "avg_comment": "Железо общее", "avg_field_7": null, "avg_field_8": null, "avg_field_9": null, "avg_field_10": null}, "geometry": {"type": "Point", "coordinates": [59.761454, 30.977288]}}, {"type": "Feature", "properties": {"station_id": "P01", "name": "д. Горы", "river": "р. Мга", "lat": 59.761454, "lon": 30.977288, "avg_river": "р. Мга", "avg_year": 2012, "avg_parameter": "ХПК", "avg_value": 3.7, "avg_unit": "мг О2/л", "avg_comment": "Химическое потрепление кислорода", "avg_field_7": null, "avg_field_8": null, "avg_field_9": null, "avg_field_10": null}, "geometry": {"type": "Point", "coordinates": [59.761454, 30.977288]}}, {"type": "Feature", "properties": {"station_id": "P01", "name": "д. Горы", "river": "р. Мга", "lat": 59.761454, "lon": 30.977288, "avg_river": "р. Мга", "avg_year": 2011, "avg_parameter": "Mn", "avg_value": 5.5, "avg_unit": "мг/л", "avg_comment": "Марганец", "avg_field_7": null, "avg_field_8": null, "avg_field_9": null, "avg_field_10": null}, "geometry": {"type": "Point", "coordinates": [59.761454, 30.977288]}}, {"type": "Feature", "properties": {"station_id": "P01", "name": "д. Горы", "river": "р. Мга", "lat": 59.761454, "lon": 30.977288, "avg_river": "р. Мга", "avg_year": 2011, "avg_parameter": "Zn", "avg_value": 1.6, "avg_unit": "мг/л", "avg_comment": "Цинк", "avg_field_7": null, "avg_field_8": null, "avg_field_9": null, "avg_field_10": null}, "geometry": {"type": "Point", "coordinates": [59.761454, 30.977288]}}, {"type": "Feature", "properties": {"station_id": "P01", "name": "д. Горы", "river": "р. Мга", "lat": 59.761454, "lon": 30.977288, "avg_river": "р. Мга", "avg_year": 2011, "avg_parameter": "Cu", "avg_value": 3.6, "avg_unit": "мг/л", "avg_comment": "Медь", "avg_field_7": null, "avg_field_8": null, "avg_field_9": null, "avg_field_10": null}, "geometry": {"type": "Point", "coordinates": [59.761454, 30.977288]}}, {"type": "Feature", "properties": {"station_id": "P01", "name": "д. Горы", "river": "р. Мга", "lat": 59.761454, "lon": 30.977288, "avg_river": "р. Мга", "avg_year": 2011, "avg_parameter": "Feобщ", "avg_value": 6.9, "avg_unit": "мг/л", "avg_comment": "Железо общее", "avg_field_7": null, "avg_field_8": null, "avg_field_9": null, "avg_field_10": null}, "geometry": {"type": "Point", "coordinates": [59.761454, 30.977288]}}, {"type": "Feature", "properties": {"station_id": "P01", "name": "д. Горы", "river": "р. Мга", "lat": 59.761454, "lon": 30.977288, "avg_river": "р. Мга", "avg_year": 2011, "avg_parameter": "ХПК", "avg_value": 3.1, "avg_unit": "мг О2/л", "avg_comment": "Химическое потрепление кислорода", "avg_field_7": null, "avg_field_8": null, "avg_field_9": null, "avg_field_10": null}, "geometry": {"type": "Point", "coordinates": [59.761454, 30.977288]}}, {"type": "Feature", "properties": {"station_id": "P01", "name": "д. Горы", "river": "р. Мга", "lat": 59.761454, "lon": 30.977288, "avg_river": "р. Мга", "avg_year": 2010, "avg_parameter": "Mn", "avg_value": 3.7, "avg_unit": "мг/л", "avg_comment": "Марганец", "avg_field_7": null, "avg_field_8": null, "avg_field_9": null, "avg_field_10": null}, "geometry": {"type": "Point", "coordinates": [59.761454, 30.977288]}}, {"type": "Feature", "properties": {"station_id": "P01", "name": "д. Горы", "river": "р. Мга", "lat": 59.761454, "lon": 30.977288, "avg_river": "р. Мга", "avg_year": 2010, "avg_parameter": "Zn", "avg_value": 1.9, "avg_unit": "мг/л", "avg_comment": "Цинк", "avg_field_7": null, "avg_field_8": null, "avg_field_9": null, "avg_field_10": null}, "geometry": {"type": "Point", "coordinates": [59.761454, 30.977288]}}, {"type": "Feature", "properties": {"station_id": "P01", "name": "д. Горы", "river": "р. Мга", "lat": 59.761454, "lon": 30.977288, "avg_river": "р. Мга", "avg_year": 2010, "avg_parameter": "Cu", "avg_value": 3.9, "avg_unit": "мг/л", "avg_comment": "Медь", "avg_field_7": null, "avg_field_8": null, "avg_field_9": null, "avg_field_10": null}, "geometry": {"type": "Point", "coordinates": [59.761454, 30.977288]}}, {"type": "Feature", "properties": {"station_id": "P01", "name": "д. Горы", "river": "р. Мга", "lat": 59.761454, "lon": 30.977288, "avg_river": "р. Мга", "avg_year": 2010, "avg_parameter": "Feобщ", "avg_value": 5.9, "avg_unit": "мг/л", "avg_comment": "Железо общее", "avg_field_7": null, "avg_field_8": null, "avg_field_9": null, "avg_field_10": null}, "geometry": {"type": "Point", "coordinates": [59.761454, 30.977288]}}, {"type": "Feature", "properties": {"station_id": "P01", "name": "д. Горы", "river": "р. Мга", "lat": 59.761454, "lon": 30.977288, "avg_river": "р. Мга", "avg_year": 2010, "avg_parameter": "ХПК", "avg_value": 3.4, "avg_unit": "мг О2/л", "avg_comment": "Химическое потрепление кислорода", "avg_field_7": null, "avg_field_8": null, "avg_field_9": null, "avg_field_10": null}, "geometry": {"type": "Point", "coordinates": [59.761454, 30.977288]}}, {"type": "Feature", "properties": {"station_id": "P02", "name": "г. Тосно", "river": "р. Тосна", "lat": 59.541282, "lon": 30.874426, "avg_river": "р. Тосна", "avg_year": 2022, "avg_parameter": "Mn", "avg_value": 3.0, "avg_unit": "мг/л", "avg_comment": "Марганец", "avg_field_7": null, "avg_field_8": null, "avg_field_9": null, "avg_field_10": null}, "geometry": {"type": "Point", "coordinates": [59.541282, 30.874426]}}, {"type": "Feature", "properties": {"station_id": "P02", "name": "г. Тосно", "river": "р. Тосна", "lat": 59.541282, "lon": 30.874426, "avg_river": "р. Тосна", "avg_year": 2022, "avg_parameter": "Zn", "avg_value": 1.2, "avg_unit": "мг/л", "avg_comment": "Цинк", "avg_field_7": null, "avg_field_8": null, "avg_field_9": null, "avg_field_10": null}, "geometry": {"type": "Point", "coordinates": [59.541282, 30.874426]}}, {"type": "Feature", "properties": {"station_id": "P02", "name": "г. Тосно", "river": "р. Тосна", "lat": 59.541282, "lon": 30.874426, "avg_river": "р. Тосна", "avg_year": 2022, "avg_parameter": "Cu", "avg_value": 5.3, "avg_unit": "мг/л", "avg_comment": "Медь", "avg_field_7": null, "avg_field_8": null, "avg_field_9": null, "avg_field_10": null}, "geometry": {"type": "Point", "coordinates": [59.541282, 30.874426]}}, {"type": "Feature", "properties": {"station_id": "P02", "name": "г. Тосно", "river": "р. Тосна", "lat": 59.541282, "lon": 30.874426, "avg_river": "р. Тосна", "avg_year": 2022, "avg_parameter": "Feобщ", "avg_value": 5.7, "avg_unit": "мг/л", "avg_comment": "Железо общее", "avg_field_7": null, "avg_field_8": null, "avg_field_9": null, "avg_field_10": null}, "geometry": {"type": "Point", "coordinates": [59.541282, 30.874426]}}, {"type": "Feature", "properties": {"station_id": "P02", "name": "г. Тосно", "river": "р. Тосна", "lat": 59.541282, "lon": 30.874426, "avg_river": "р. Тосна", "avg_year": 2022, "avg_parameter": "NO₂", "avg_value": 1.2, "avg_unit": "мг/л", "avg_comment": "Нитриты", "avg_field_7": null, "avg_field_8": null, "avg_field_9": null, "avg_field_10": null}, "geometry": {"type": "Point", "coordinates": [59.541282, 30.874426]}}, {"type": "Feature", "properties": {"station_id": "P02", "name": "г. Тосно", "river": "р. Тосна", "lat": 59.541282, "lon": 30.874426, "avg_river": "р. Тосна", "avg_year": 2022, "avg_parameter": "ХПК", "avg_value": 3.5, "avg_unit": "мг О2/л", "avg_comment": "Химическое потрепление кислорода", "avg_field_7": null, "avg_field_8": null, "avg_field_9": null, "avg_field_10": null}, "geometry": {"type": "Point", "coordinates": [59.541282, 30.874426]}}, {"type": "Feature", "properties": {"station_id": "P02", "name": "г. Тосно", "river": "р. Тосна", "lat": 59.541282, "lon": 30.874426, "avg_river": "р. Тосна", "avg_year": 2021, "avg_parameter": "Mn", "avg_value": 2.1, "avg_unit": "мг/л", "avg_comment": "Марганец", "avg_field_7": null, "avg_field_8": null, "avg_field_9": null, "avg_field_10": null}, "geometry": {"type": "Point", "coordinates": [59.541282, 30.874426]}}, {"type": "Feature", "properties": {"station_id": "P02", "name": "г. Тосно", "river": "р. Тосна", "lat": 59.541282, "lon": 30.874426, "avg_river": "р. Тосна", "avg_year": 2021, "avg_parameter": "Zn", "avg_value": 1.6, "avg_unit": "мг/л", "avg_comment": "Цинк", "avg_field_7": null, "avg_field_8": null, "avg_field_9": null, "avg_field_10": null}, "geometry": {"type": "Point", "coordinates": [59.541282, 30.874426]}}, {"type": "Feature", "properties": {"station_id": "P02", "name": "г. Тосно", "river": "р. Тосна", "lat": 59.541282, "lon": 30.874426, "avg_river": "р. Тосна", "avg_year": 2021, "avg_parameter": "Cu", "avg_value": 5.4, "avg_unit": "мг/л", "avg_comment": "Медь", "avg_field_7": null, "avg_field_8": null, "avg_field_9": null, "avg_field_10": null}, "geometry": {"type": "Point", "coordinates": [59.541282, 30.874426]}}, {"type": "Feature", "properties": {"station_id": "P02", "name": "г. Тосно", "river": "р. Тосна", "lat": 59.541282, "lon": 30.874426, "avg_river": "р. Тосна", "avg_year": 2021, "avg_parameter": "Feобщ", "avg_value": 5.1, "avg_unit": "мг/л", "avg_comment": "Железо общее", "avg_field_7": null, "avg_field_8": null, "avg_field_9": null, "avg_field_10": null}, "geometry": {"type": "Point", "coordinates": [59.541282, 30.874426]}}, {"type": "Feature", "properties": {"station_id": "P02", "name": "г. Тосно", "river": "р. Тосна", "lat": 59.541282, "lon": 30.874426, "avg_river": "р. Тосна", "avg_year": 2021, "avg_parameter": "NO₂", "avg_value": 3.1, "avg_unit": "мг/л", "avg_comment": "Нитриты", "avg_field_7": null, "avg_field_8": null, "avg_field_9": null, "avg_field_10": null}, "geometry": {"type": "Point", "coordinates": [59.541282, 30.874426]}}, {"type": "Feature", "properties": {"station_id": "P02", "name": "г. Тосно", "river": "р. Тосна", "lat": 59.541282, "lon": 30.874426, "avg_river": "р. Тосна", "avg_year": 2021, "avg_parameter": "ХПК", "avg_value": 3.3, "avg_unit": "мг О2/л", "avg_comment": "Химическое потрепление кислорода", "avg_field_7": null, "avg_field_8": null, "avg_field_9": null, "avg_field_10": null}, "geometry": {"type": "Point", "coordinates": [59.541282, 30.874426]}}, {"type": "Feature", "properties": {"station_id": "P02", "name": "г. Тосно", "river": "р. Тосна", "lat": 59.541282, "lon": 30.874426, "avg_river": "р. Тосна", "avg_year": 2020, "avg_parameter": "Mn", "avg_value": 3.1, "avg_unit": "мг/л", "avg_comment": "Марганец", "avg_field_7": null, "avg_field_8": null, "avg_field_9": null, "avg_field_10": null}, "geometry": {"type": "Point", "coordinates": [59.541282, 30.874426]}}, {"type": "Feature", "properties": {"station_id": "P02", "name": "г. Тосно", "river": "р. Тосна", "lat": 59.541282, "lon": 30.874426, "avg_river": "р. Тосна", "avg_year": 2020, "avg_parameter": "Zn", "avg_value": 1.6, "avg_unit": "мг/л", "avg_comment": "Цинк", "avg_field_7": null, "avg_field_8": null, "avg_field_9": null, "avg_field_10": null}, "geometry": {"type": "Point", "coordinates": [59.541282, 30.874426]}}, {"type": "Feature", "properties": {"station_id": "P02", "name": "г. Тосно", "river": "р. Тосна", "lat": 59.541282, "lon": 30.874426, "avg_river": "р. Тосна", "avg_year": 2020, "avg_parameter": "Cu", "avg_value": 5.7, "avg_unit": "мг/л", "avg_comment": "Медь", "avg_field_7": null, "avg_field_8": null, "avg_field_9": null, "avg_field_10": null}, "geometry": {"type": "Point", "coordinates": [59.541282, 30.874426]}}, {"type": "Feature", "properties": {"station_id": "P02", "name": "г. Тосно", "river": "р. Тосна", "lat": 59.541282, "lon": 30.874426, "avg_river": "р. Тосна", "avg_year": 2020, "avg_parameter": "Feобщ", "avg_value": 5.2, "avg_unit": "мг/л", "avg_comment": "Железо общее", "avg_field_7": null, "avg_field_8": null, "avg_field_9": null, "avg_field_10": null}, "geometry": {"type": "Point", "coordinates": [59.541282, 30.874426]}}, {"type": "Feature", "properties": {"station_id": "P02", "name": "г. Тосно", "river": "р. Тосна", "lat": 59.541282, "lon": 30.874426, "avg_river": "р. Тосна", "avg_year": 2020, "avg_parameter": "NO₂", "avg_value": null, "avg_unit": "мг/л", "avg_comment": "Нитриты", "avg_field_7": null, "avg_field_8": null, "avg_field_9": null, "avg_field_10": null}, "geometry": {"type": "Point", "coordinates": [59.541282, 30.874426]}}, {"type": "Feature", "properties": {"station_id": "P02", "name": "г. Тосно", "river": "р. Тосна", "lat": 59.541282, "lon": 30.874426, "avg_river": "р. Тосна", "avg_year": 2020, "avg_parameter": "ХПК", "avg_value": 2.7, "avg_unit": "мг О2/л", "avg_comment": "Химическое потрепление кислорода", "avg_field_7": null, "avg_field_8": null, "avg_field_9": null, "avg_field_10": null}, "geometry": {"type": "Point", "coordinates": [59.541282, 30.874426]}}, {"type": "Feature", "properties": {"station_id": "P02", "name": "г. Тосно", "river": "р. Тосна", "lat": 59.541282, "lon": 30.874426, "avg_river": "р. Тосна", "avg_year": 2019, "avg_parameter": "Mn", "avg_value": 3.5, "avg_unit": "мг/л", "avg_comment": "Марганец", "avg_field_7": null, "avg_field_8": null, "avg_field_9": null, "avg_field_10": null}, "geometry": {"type": "Point", "coordinates": [59.541282, 30.874426]}}, {"type": "Feature", "properties": {"station_id": "P02", "name": "г. Тосно", "river": "р. Тосна", "lat": 59.541282, "lon": 30.874426, "avg_river": "р. Тосна", "avg_year": 2019, "avg_parameter": "Zn", "avg_value": 2.5, "avg_unit": "мг/л", "avg_comment": "Цинк", "avg_field_7": null, "avg_field_8": null, "avg_field_9": null, "avg_field_10": null}, "geometry": {"type": "Point", "coordinates": [59.541282, 30.874426]}}, {"type": "Feature", "properties": {"station_id": "P02", "name": "г. Тосно", "river": "р. Тосна", "lat": 59.541282, "lon": 30.874426, "avg_river": "р. Тосна", "avg_year": 2019, "avg_parameter": "Cu", "avg_value": 4.8, "avg_unit": "мг/л", "avg_comment": "Медь", "avg_field_7": null, "avg_field_8": null, "avg_field_9": null, "avg_field_10": null}, "geometry": {"type": "Point", "coordinates": [59.541282, 30.874426]}}, {"type": "Feature", "properties": {"station_id": "P02", "name": "г. Тосно", "river": "р. Тосна", "lat": 59.541282, "lon": 30.874426, "avg_river": "р. Тосна", "avg_year": 2019, "avg_parameter": "Feобщ", "avg_value": 6.0, "avg_unit": "мг/л", "avg_comment": "Железо общее", "avg_field_7": null, "avg_field_8": null, "avg_field_9": null, "avg_field_10": null}, "geometry": {"type": "Point", "coordinates": [59.541282, 30.874426]}}, {"type": "Feature", "properties": {"station_id": "P02", "name": "г. Тосно", "river": "р. Тосна", "lat": 59.541282, "lon": 30.874426, "avg_river": "р. Тосна", "avg_year": 2019, "avg_parameter": "NO₂", "avg_value": null, "avg_unit": "мг/л", "avg_comment": "Нитриты", "avg_field_7": null, "avg_field_8": null, "avg_field_9": null, "avg_field_10": null}, "geometry": {"type": "Point", "coordinates": [59.541282, 30.874426]}}, {"type": "Feature", "properties": {"station_id": "P02", "name": "г. Тосно", "river": "р. Тосна", "lat": 59.541282, "lon": 30.874426, "avg_river": "р. Тосна", "avg_year": 2019, "avg_parameter": "ХПК", "avg_value": 3.0, "avg_unit": "мг О2/л", "avg_comment": "Химическое потрепление кислорода", "avg_field_7": null, "avg_field_8": null, "avg_field_9": null, "avg_field_10": null}, "geometry": {"type": "Point", "coordinates": [59.541282, 30.874426]}}, {"type": "Feature", "properties": {"station_id": "P02", "name": "г. Тосно", "river": "р. Тосна", "lat": 59.541282, "lon": 30.874426, "avg_river": "р. Тосна", "avg_year": 2018, "avg_parameter": "Mn", "avg_value": 2.8, "avg_unit": "мг/л", "avg_comment": "Марганец", "avg_field_7": null, "avg_field_8": null, "avg_field_9": null, "avg_field_10": null}, "geometry": {"type": "Point", "coordinates": [59.541282, 30.874426]}}, {"type": "Feature", "properties": {"station_id": "P02", "name": "г. Тосно", "river": "р. Тосна", "lat": 59.541282, "lon": 30.874426, "avg_river": "р. Тосна", "avg_year": 2018, "avg_parameter": "Zn", "avg_value": 3.3, "avg_unit": "мг/л", "avg_comment": "Цинк", "avg_field_7": null, "avg_field_8": null, "avg_field_9": null, "avg_field_10": null}, "geometry": {"type": "Point", "coordinates": [59.541282, 30.874426]}}, {"type": "Feature", "properties": {"station_id": "P02", "name": "г. Тосно", "river": "р. Тосна", "lat": 59.541282, "lon": 30.874426, "avg_river": "р. Тосна", "avg_year": 2018, "avg_parameter": "Cu", "avg_value": 4.7, "avg_unit": "мг/л", "avg_comment": "Медь", "avg_field_7": null, "avg_field_8": null, "avg_field_9": null, "avg_field_10": null}, "geometry": {"type": "Point", "coordinates": [59.541282, 30.874426]}}, {"type": "Feature", "properties": {"station_id": "P02", "name": "г. Тосно", "river": "р. Тосна", "lat": 59.541282, "lon": 30.874426, "avg_river": "р. Тосна", "avg_year": 2018, "avg_parameter": "Feобщ", "avg_value": 5.0, "avg_unit": "мг/л", "avg_comment": "Железо общее", "avg_field_7": null, "avg_field_8": null, "avg_field_9": null, "avg_field_10": null}, "geometry": {"type": "Point", "coordinates": [59.541282, 30.874426]}}, {"type": "Feature", "properties": {"station_id": "P02", "name": "г. Тосно", "river": "р. Тосна", "lat": 59.541282, "lon": 30.874426, "avg_river": "р. Тосна", "avg_year": 2018, "avg_parameter": "NO₂", "avg_value": null, "avg_unit": "мг/л", "avg_comment": "Нитриты", "avg_field_7": null, "avg_field_8": null, "avg_field_9": null, "avg_field_10": null}, "geometry": {"type": "Point", "coordinates": [59.541282, 30.874426]}}, {"type": "Feature", "properties": {"station_id": "P02", "name": "г. Тосно", "river": "р. Тосна", "lat": 59.541282, "lon": 30.874426, "avg_river": "р. Тосна", "avg_year": 2018, "avg_parameter": "ХПК", "avg_value": 2.9, "avg_unit": "мг О2/л", "avg_comment": "Химическое потрепление кислорода", "avg_field_7": null, "avg_field_8": null, "avg_field_9": null, "avg_field_10": null}, "geometry": {"type": "Point", "coordinates": [59.541282, 30.874426]}}, {"type": "Feature", "properties": {"station_id": "P02", "name": "г. Тосно", "river": "р. Тосна", "lat": 59.541282, "lon": 30.874426, "avg_river": "р. Тосна", "avg_year": 2017, "avg_parameter": "Mn", "avg_value": 4.1, "avg_unit": "мг/л", "avg_comment": "Марганец", "avg_field_7": null, "avg_field_8": null, "avg_field_9": null, "avg_field_10": null}, "geometry": {"type": "Point", "coordinates": [59.541282, 30.874426]}}, {"type": "Feature", "properties": {"station_id": "P02", "name": "г. Тосно", "river": "р. Тосна", "lat": 59.541282, "lon": 30.874426, "avg_river": "р. Тосна", "avg_year": 2017, "avg_parameter": "Zn", "avg_value": 2.5, "avg_unit": "мг/л", "avg_comment": "Цинк", "avg_field_7": null, "avg_field_8": null, "avg_field_9": null, "avg_field_10": null}, "geometry": {"type": "Point", "coordinates": [59.541282, 30.874426]}}, {"type": "Feature", "properties": {"station_id": "P02", "name": "г. Тосно", "river": "р. Тосна", "lat": 59.541282, "lon": 30.874426, "avg_river": "р. Тосна", "avg_year": 2017, "avg_parameter": "Cu", "avg_value": 4.7, "avg_unit": "мг/л", "avg_comment": "Медь", "avg_field_7": null, "avg_field_8": null, "avg_field_9": null, "avg_field_10": null}, "geometry": {"type": "Point", "coordinates": [59.541282, 30.874426]}}, {"type": "Feature", "properties": {"station_id": "P02", "name": "г. Тосно", "river": "р. Тосна", "lat": 59.541282, "lon": 30.874426, "avg_river": "р. Тосна", "avg_year": 2017, "avg_parameter": "Feобщ", "avg_value": 8.9, "avg_unit": "мг/л", "avg_comment": "Железо общее", "avg_field_7": null, "avg_field_8": null, "avg_field_9": null, "avg_field_10": null}, "geometry": {"type": "Point", "coordinates": [59.541282, 30.874426]}}, {"type": "Feature", "properties": {"station_id": "P02", "name": "г. Тосно", "river": "р. Тосна", "lat": 59.541282, "lon": 30.874426, "avg_river": "р. Тосна", "avg_year": 2017, "avg_parameter": "NO₂", "avg_value": null, "avg_unit": "мг/л", "avg_comment": "Нитриты", "avg_field_7": null, "avg_field_8": null, "avg_field_9": null, "avg_field_10": null}, "geometry": {"type": "Point", "coordinates": [59.541282, 30.874426]}}, {"type": "Feature", "properties": {"station_id": "P02", "name": "г. Тосно", "river": "р. Тосна", "lat": 59.541282, "lon": 30.874426, "avg_river": "р. Тосна", "avg_year": 2017, "avg_parameter": "ХПК", "avg_value": 3.9, "avg_unit": "мг О2/л", "avg_comment": "Химическое потрепление кислорода", "avg_field_7": null, "avg_field_8": null, "avg_field_9": null, "avg_field_10": null}, "geometry": {"type": "Point", "coordinates": [59.541282, 30.874426]}}, {"type": "Feature", "properties": {"station_id": "P02", "name": "г. Тосно", "river": "р. Тосна", "lat": 59.541282, "lon": 30.874426, "avg_river": "р. Тосна", "avg_year": 2016, "avg_parameter": "Mn", "avg_value": null, "avg_unit": "мг/л", "avg_comment": "Марганец", "avg_field_7": null, "avg_field_8": null, "avg_field_9": null, "avg_field_10": null}, "geometry": {"type": "Point", "coordinates": [59.541282, 30.874426]}}, {"type": "Feature", "properties": {"station_id": "P02", "name": "г. Тосно", "river": "р. Тосна", "lat": 59.541282, "lon": 30.874426, "avg_river": "р. Тосна", "avg_year": 2016, "avg_parameter": "Zn", "avg_value": null, "avg_unit": "мг/л", "avg_comment": "Цинк", "avg_field_7": null, "avg_field_8": null, "avg_field_9": null, "avg_field_10": null}, "geometry": {"type": "Point", "coordinates": [59.541282, 30.874426]}}, {"type": "Feature", "properties": {"station_id": "P02", "name": "г. Тосно", "river": "р. Тосна", "lat": 59.541282, "lon": 30.874426, "avg_river": "р. Тосна", "avg_year": 2016, "avg_parameter": "Cu", "avg_value": null, "avg_unit": "мг/л", "avg_comment": "Медь", "avg_field_7": null, "avg_field_8": null, "avg_field_9": null, "avg_field_10": null}, "geometry": {"type": "Point", "coordinates": [59.541282, 30.874426]}}, {"type": "Feature", "properties": {"station_id": "P02", "name": "г. Тосно", "river": "р. Тосна", "lat": 59.541282, "lon": 30.874426, "avg_river": "р. Тосна", "avg_year": 2016, "avg_parameter": "Feобщ", "avg_value": null, "avg_unit": "мг/л", "avg_comment": "Железо общее", "avg_field_7": null, "avg_field_8": null, "avg_field_9": null, "avg_field_10": null}, "geometry": {"type": "Point", "coordinates": [59.541282, 30.874426]}}, {"type": "Feature", "properties": {"station_id": "P02", "name": "г. Тосно", "river": "р. Тосна", "lat": 59.541282, "lon": 30.874426, "avg_river": "р. Тосна", "avg_year": 2016, "avg_parameter": "NO₂", "avg_value": null, "avg_unit": "мг/л", "avg_comment": "Нитриты", "avg_field_7": null, "avg_field_8": null, "avg_field_9": null, "avg_field_10": null}, "geometry": {"type": "Point", "coordinates": [59.541282, 30.874426]}}, {"type": "Feature", "properties": {"station_id": "P02", "name": "г. Тосно", "river": "р. Тосна", "lat": 59.541282, "lon": 30.874426, "avg_river": "р. Тосна", "avg_year": 2016, "avg_parameter": "ХПК", "avg_value": null, "avg_unit": "мг О2/л", "avg_comment": "Химическое потрепление кислорода", "avg_field_7": null, "avg_field_8": null, "avg_field_9": null, "avg_field_10": null}, "geometry": {"type": "Point", "coordinates": [59.541282, 30.874426]}}, {"type": "Feature", "properties": {"station_id": "P02", "name": "г. Тосно", "river": "р. Тосна", "lat": 59.541282, "lon": 30.874426, "avg_river": "р. Тосна", "avg_year": 2015, "avg_parameter": "Mn", "avg_value": 6.0, "avg_unit": "мг/л", "avg_comment": "Марганец", "avg_field_7": null, "avg_field_8": null, "avg_field_9": null, "avg_field_10": null}, "geometry": {"type": "Point", "coordinates": [59.541282, 30.874426]}}, {"type": "Feature", "properties": {"station_id": "P02", "name": "г. Тосно", "river": "р. Тосна", "lat": 59.541282, "lon": 30.874426, "avg_river": "р. Тосна", "avg_year": 2015, "avg_parameter": "Zn", "avg_value": 1.4, "avg_unit": "мг/л", "avg_comment": "Цинк", "avg_field_7": null, "avg_field_8": null, "avg_field_9": null, "avg_field_10": null}, "geometry": {"type": "Point", "coordinates": [59.541282, 30.874426]}}, {"type": "Feature", "properties": {"station_id": "P02", "name": "г. Тосно", "river": "р. Тосна", "lat": 59.541282, "lon": 30.874426, "avg_river": "р. Тосна", "avg_year": 2015, "avg_parameter": "Cu", "avg_value": 4.0, "avg_unit": "мг/л", "avg_comment": "Медь", "avg_field_7": null, "avg_field_8": null, "avg_field_9": null, "avg_field_10": null}, "geometry": {"type": "Point", "coordinates": [59.541282, 30.874426]}}, {"type": "Feature", "properties": {"station_id": "P02", "name": "г. Тосно", "river": "р. Тосна", "lat": 59.541282, "lon": 30.874426, "avg_river": "р. Тосна", "avg_year": 2015, "avg_parameter": "Feобщ", "avg_value": 4.0, "avg_unit": "мг/л", "avg_comment": "Железо общее", "avg_field_7": null, "avg_field_8": null, "avg_field_9": null, "avg_field_10": null}, "geometry": {"type": "Point", "coordinates": [59.541282, 30.874426]}}, {"type": "Feature", "properties": {"station_id": "P02", "name": "г. Тосно", "river": "р. Тосна", "lat": 59.541282, "lon": 30.874426, "avg_river": "р. Тосна", "avg_year": 2015, "avg_parameter": "NO₂", "avg_value": 1.2, "avg_unit": "мг/л", "avg_comment": "Нитриты", "avg_field_7": null, "avg_field_8": null, "avg_field_9": null, "avg_field_10": null}, "geometry": {"type": "Point", "coordinates": [59.541282, 30.874426]}}, {"type": "Feature", "properties": {"station_id": "P02", "name": "г. Тосно", "river": "р. Тосна", "lat": 59.541282, "lon": 30.874426, "avg_river": "р. Тосна", "avg_year": 2015, "avg_parameter": "ХПК", "avg_value": 3.0, "avg_unit": "мг О2/л", "avg_comment": "Химическое потрепление кислорода", "avg_field_7": null, "avg_field_8": null, "avg_field_9": null, "avg_field_10": null}, "geometry": {"type": "Point", "coordinates": [59.541282, 30.874426]}}, {"type": "Feature", "properties": {"station_id": "P02", "name": "г. Тосно", "river": "р. Тосна", "lat": 59.541282, "lon": 30.874426, "avg_river": "р. Тосна", "avg_year": 2014, "avg_parameter": "Mn", "avg_value": 3.2, "avg_unit": "мг/л", "avg_comment": "Марганец", "avg_field_7": null, "avg_field_8": null, "avg_field_9": null, "avg_field_10": null}, "geometry": {"type": "Point", "coordinates": [59.541282, 30.874426]}}, {"type": "Feature", "properties": {"station_id": "P02", "name": "г. Тосно", "river": "р. Тосна", "lat": 59.541282, "lon": 30.874426, "avg_river": "р. Тосна", "avg_year": 2014, "avg_parameter": "Zn", "avg_value": 1.2, "avg_unit": "мг/л", "avg_comment": "Цинк", "avg_field_7": null, "avg_field_8": null, "avg_field_9": null, "avg_field_10": null}, "geometry": {"type": "Point", "coordinates": [59.541282, 30.874426]}}, {"type": "Feature", "properties": {"station_id": "P02", "name": "г. Тосно", "river": "р. Тосна", "lat": 59.541282, "lon": 30.874426, "avg_river": "р. Тосна", "avg_year": 2014, "avg_parameter": "Cu", "avg_value": 5.6, "avg_unit": "мг/л", "avg_comment": "Медь", "avg_field_7": null, "avg_field_8": null, "avg_field_9": null, "avg_field_10": null}, "geometry": {"type": "Point", "coordinates": [59.541282, 30.874426]}}, {"type": "Feature", "properties": {"station_id": "P02", "name": "г. Тосно", "river": "р. Тосна", "lat": 59.541282, "lon": 30.874426, "avg_river": "р. Тосна", "avg_year": 2014, "avg_parameter": "Feобщ", "avg_value": 5.3, "avg_unit": "мг/л", "avg_comment": "Железо общее", "avg_field_7": null, "avg_field_8": null, "avg_field_9": null, "avg_field_10": null}, "geometry": {"type": "Point", "coordinates": [59.541282, 30.874426]}}, {"type": "Feature", "properties": {"station_id": "P02", "name": "г. Тосно", "river": "р. Тосна", "lat": 59.541282, "lon": 30.874426, "avg_river": "р. Тосна", "avg_year": 2014, "avg_parameter": "NO₂", "avg_value": null, "avg_unit": "мг/л", "avg_comment": "Нитриты", "avg_field_7": null, "avg_field_8": null, "avg_field_9": null, "avg_field_10": null}, "geometry": {"type": "Point", "coordinates": [59.541282, 30.874426]}}, {"type": "Feature", "properties": {"station_id": "P02", "name": "г. Тосно", "river": "р. Тосна", "lat": 59.541282, "lon": 30.874426, "avg_river": "р. Тосна", "avg_year": 2014, "avg_parameter": "ХПК", "avg_value": 3.0, "avg_unit": "мг О2/л", "avg_comment": "Химическое потрепление кислорода", "avg_field_7": null, "avg_field_8": null, "avg_field_9": null, "avg_field_10": null}, "geometry": {"type": "Point", "coordinates": [59.541282, 30.874426]}}, {"type": "Feature", "properties": {"station_id": "P02", "name": "г. Тосно", "river": "р. Тосна", "lat": 59.541282, "lon": 30.874426, "avg_river": "р. Тосна", "avg_year": 2013, "avg_parameter": "Mn", "avg_value": 16.0, "avg_unit": "мг/л", "avg_comment": "Марганец", "avg_field_7": null, "avg_field_8": null, "avg_field_9": null, "avg_field_10": null}, "geometry": {"type": "Point", "coordinates": [59.541282, 30.874426]}}, {"type": "Feature", "properties": {"station_id": "P02", "name": "г. Тосно", "river": "р. Тосна", "lat": 59.541282, "lon": 30.874426, "avg_river": "р. Тосна", "avg_year": 2013, "avg_parameter": "Zn", "avg_value": 1.2, "avg_unit": "мг/л", "avg_comment": "Цинк", "avg_field_7": null, "avg_field_8": null, "avg_field_9": null, "avg_field_10": null}, "geometry": {"type": "Point", "coordinates": [59.541282, 30.874426]}}, {"type": "Feature", "properties": {"station_id": "P02", "name": "г. Тосно", "river": "р. Тосна", "lat": 59.541282, "lon": 30.874426, "avg_river": "р. Тосна", "avg_year": 2013, "avg_parameter": "Cu", "avg_value": 3.0, "avg_unit": "мг/л", "avg_comment": "Медь", "avg_field_7": null, "avg_field_8": null, "avg_field_9": null, "avg_field_10": null}, "geometry": {"type": "Point", "coordinates": [59.541282, 30.874426]}}, {"type": "Feature", "properties": {"station_id": "P02", "name": "г. Тосно", "river": "р. Тосна", "lat": 59.541282, "lon": 30.874426, "avg_river": "р. Тосна", "avg_year": 2013, "avg_parameter": "Feобщ", "avg_value": 6.6, "avg_unit": "мг/л", "avg_comment": "Железо общее", "avg_field_7": null, "avg_field_8": null, "avg_field_9": null, "avg_field_10": null}, "geometry": {"type": "Point", "coordinates": [59.541282, 30.874426]}}, {"type": "Feature", "properties": {"station_id": "P02", "name": "г. Тосно", "river": "р. Тосна", "lat": 59.541282, "lon": 30.874426, "avg_river": "р. Тосна", "avg_year": 2013, "avg_parameter": "NO₂", "avg_value": null, "avg_unit": "мг/л", "avg_comment": "Нитриты", "avg_field_7": null, "avg_field_8": null, "avg_field_9": null, "avg_field_10": null}, "geometry": {"type": "Point", "coordinates": [59.541282, 30.874426]}}, {"type": "Feature", "properties": {"station_id": "P02", "name": "г. Тосно", "river": "р. Тосна", "lat": 59.541282, "lon": 30.874426, "avg_river": "р. Тосна", "avg_year": 2013, "avg_parameter": "ХПК", "avg_value": 2.9, "avg_unit": "мг О2/л", "avg_comment": "Химическое потрепление кислорода", "avg_field_7": null, "avg_field_8": null, "avg_field_9": null, "avg_field_10": null}, "geometry": {"type": "Point", "coordinates": [59.541282, 30.874426]}}, {"type": "Feature", "properties": {"station_id": "P02", "name": "г. Тосно", "river": "р. Тосна", "lat": 59.541282, "lon": 30.874426, "avg_river": "р. Тосна", "avg_year": 2012, "avg_parameter": "Mn", "avg_value": 1.7, "avg_unit": "мг/л", "avg_comment": "Марганец", "avg_field_7": null, "avg_field_8": null, "avg_field_9": null, "avg_field_10": null}, "geometry": {"type": "Point", "coordinates": [59.541282, 30.874426]}}, {"type": "Feature", "properties": {"station_id": "P02", "name": "г. Тосно", "river": "р. Тосна", "lat": 59.541282, "lon": 30.874426, "avg_river": "р. Тосна", "avg_year": 2012, "avg_parameter": "Zn", "avg_value": 1.5, "avg_unit": "мг/л", "avg_comment": "Цинк", "avg_field_7": null, "avg_field_8": null, "avg_field_9": null, "avg_field_10": null}, "geometry": {"type": "Point", "coordinates": [59.541282, 30.874426]}}, {"type": "Feature", "properties": {"station_id": "P02", "name": "г. Тосно", "river": "р. Тосна", "lat": 59.541282, "lon": 30.874426, "avg_river": "р. Тосна", "avg_year": 2012, "avg_parameter": "Cu", "avg_value": 2.6, "avg_unit": "мг/л", "avg_comment": "Медь", "avg_field_7": null, "avg_field_8": null, "avg_field_9": null, "avg_field_10": null}, "geometry": {"type": "Point", "coordinates": [59.541282, 30.874426]}}, {"type": "Feature", "properties": {"station_id": "P02", "name": "г. Тосно", "river": "р. Тосна", "lat": 59.541282, "lon": 30.874426, "avg_river": "р. Тосна", "avg_year": 2012, "avg_parameter": "Feобщ", "avg_value": 7.0, "avg_unit": "мг/л", "avg_comment": "Железо общее", "avg_field_7": null, "avg_field_8": null, "avg_field_9": null, "avg_field_10": null}, "geometry": {"type": "Point", "coordinates": [59.541282, 30.874426]}}, {"type": "Feature", "properties": {"station_id": "P02", "name": "г. Тосно", "river": "р. Тосна", "lat": 59.541282, "lon": 30.874426, "avg_river": "р. Тосна", "avg_year": 2012, "avg_parameter": "NO₂", "avg_value": null, "avg_unit": "мг/л", "avg_comment": "Нитриты", "avg_field_7": null, "avg_field_8": null, "avg_field_9": null, "avg_field_10": null}, "geometry": {"type": "Point", "coordinates": [59.541282, 30.874426]}}, {"type": "Feature", "properties": {"station_id": "P02", "name": "г. Тосно", "river": "р. Тосна", "lat": 59.541282, "lon": 30.874426, "avg_river": "р. Тосна", "avg_year": 2012, "avg_parameter": "ХПК", "avg_value": 3.6, "avg_unit": "мг О2/л", "avg_comment": "Химическое потрепление кислорода", "avg_field_7": null, "avg_field_8": null, "avg_field_9": null, "avg_field_10": null}, "geometry": {"type": "Point", "coordinates": [59.541282, 30.874426]}}, {"type": "Feature", "properties": {"station_id": "P02", "name": "г. Тосно", "river": "р. Тосна", "lat": 59.541282, "lon": 30.874426, "avg_river": "р. Тосна", "avg_year": 2011, "avg_parameter": "Mn", "avg_value": 1.4, "avg_unit": "мг/л", "avg_comment": "Марганец", "avg_field_7": null, "avg_field_8": null, "avg_field_9": null, "avg_field_10": null}, "geometry": {"type": "Point", "coordinates": [59.541282, 30.874426]}}, {"type": "Feature", "properties": {"station_id": "P02", "name": "г. Тосно", "river": "р. Тосна", "lat": 59.541282, "lon": 30.874426, "avg_river": "р. Тосна", "avg_year": 2011, "avg_parameter": "Zn", "avg_value": 1.3, "avg_unit": "мг/л", "avg_comment": "Цинк", "avg_field_7": null, "avg_field_8": null, "avg_field_9": null, "avg_field_10": null}, "geometry": {"type": "Point", "coordinates": [59.541282, 30.874426]}}, {"type": "Feature", "properties": {"station_id": "P02", "name": "г. Тосно", "river": "р. Тосна", "lat": 59.541282, "lon": 30.874426, "avg_river": "р. Тосна", "avg_year": 2011, "avg_parameter": "Cu", "avg_value": 3.4, "avg_unit": "мг/л", "avg_comment": "Медь", "avg_field_7": null, "avg_field_8": null, "avg_field_9": null, "avg_field_10": null}, "geometry": {"type": "Point", "coordinates": [59.541282, 30.874426]}}, {"type": "Feature", "properties": {"station_id": "P02", "name": "г. Тосно", "river": "р. Тосна", "lat": 59.541282, "lon": 30.874426, "avg_river": "р. Тосна", "avg_year": 2011, "avg_parameter": "Feобщ", "avg_value": 4.6, "avg_unit": "мг/л", "avg_comment": "Железо общее", "avg_field_7": null, "avg_field_8": null, "avg_field_9": null, "avg_field_10": null}, "geometry": {"type": "Point", "coordinates": [59.541282, 30.874426]}}, {"type": "Feature", "properties": {"station_id": "P02", "name": "г. Тосно", "river": "р. Тосна", "lat": 59.541282, "lon": 30.874426, "avg_river": "р. Тосна", "avg_year": 2011, "avg_parameter": "NO₂", "avg_value": 1.1, "avg_unit": "мг/л", "avg_comment": "Нитриты", "avg_field_7": null, "avg_field_8": null, "avg_field_9": null, "avg_field_10": null}, "geometry": {"type": "Point", "coordinates": [59.541282, 30.874426]}}, {"type": "Feature", "properties": {"station_id": "P02", "name": "г. Тосно", "river": "р. Тосна", "lat": 59.541282, "lon": 30.874426, "avg_river": "р. Тосна", "avg_year": 2011, "avg_parameter": "ХПК", "avg_value": 2.4, "avg_unit": "мг О2/л", "avg_comment": "Химическое потрепление кислорода", "avg_field_7": null, "avg_field_8": null, "avg_field_9": null, "avg_field_10": null}, "geometry": {"type": "Point", "coordinates": [59.541282, 30.874426]}}, {"type": "Feature", "properties": {"station_id": "P02", "name": "г. Тосно", "river": "р. Тосна", "lat": 59.541282, "lon": 30.874426, "avg_river": "р. Тосна", "avg_year": 2010, "avg_parameter": "Mn", "avg_value": 1.9, "avg_unit": "мг/л", "avg_comment": "Марганец", "avg_field_7": null, "avg_field_8": null, "avg_field_9": null, "avg_field_10": null}, "geometry": {"type": "Point", "coordinates": [59.541282, 30.874426]}}, {"type": "Feature", "properties": {"station_id": "P02", "name": "г. Тосно", "river": "р. Тосна", "lat": 59.541282, "lon": 30.874426, "avg_river": "р. Тосна", "avg_year": 2010, "avg_parameter": "Zn", "avg_value": 1.7, "avg_unit": "мг/л", "avg_comment": "Цинк", "avg_field_7": null, "avg_field_8": null, "avg_field_9": null, "avg_field_10": null}, "geometry": {"type": "Point", "coordinates": [59.541282, 30.874426]}}, {"type": "Feature", "properties": {"station_id": "P02", "name": "г. Тосно", "river": "р. Тосна", "lat": 59.541282, "lon": 30.874426, "avg_river": "р. Тосна", "avg_year": 2010, "avg_parameter": "Cu", "avg_value": 3.4, "avg_unit": "мг/л", "avg_comment": "Медь", "avg_field_7": null, "avg_field_8": null, "avg_field_9": null, "avg_field_10": null}, "geometry": {"type": "Point", "coordinates": [59.541282, 30.874426]}}, {"type": "Feature", "properties": {"station_id": "P02", "name": "г. Тосно", "river": "р. Тосна", "lat": 59.541282, "lon": 30.874426, "avg_river": "р. Тосна", "avg_year": 2010, "avg_parameter": "Feобщ", "avg_value": 4.5, "avg_unit": "мг/л", "avg_comment": "Железо общее", "avg_field_7": null, "avg_field_8": null, "avg_field_9": null, "avg_field_10": null}, "geometry": {"type": "Point", "coordinates": [59.541282, 30.874426]}}, {"type": "Feature", "properties": {"station_id": "P02", "name": "г. Тосно", "river": "р. Тосна", "lat": 59.541282, "lon": 30.874426, "avg_river": "р. Тосна", "avg_year": 2010, "avg_parameter": "NO₂", "avg_value": 1.2, "avg_unit": "мг/л", "avg_comment": "Нитриты", "avg_field_7": null, "avg_field_8": null, "avg_field_9": null, "avg_field_10": null}, "geometry": {"type": "Point", "coordinates": [59.541282, 30.874426]}}, {"type": "Feature", "properties": {"station_id": "P02", "name": "г. Тосно", "river": "р. Тосна", "lat": 59.541282, "lon": 30.874426, "avg_river": "р. Тосна", "avg_year": 2010, "avg_parameter": "ХПК", "avg_value": 3.2, "avg_unit": "мг О2/л", "avg_comment": "Химическое потрепление кислорода", "avg_field_7": null, "avg_field_8": null, "avg_field_9": null, "avg_field_10": null}, "geometry": {"type": "Point", "coordinates": [59.541282, 30.874426]}}, {"type": "Feature", "properties": {"station_id": "P03", "name": "Лисинский", "river": "р. Тосна", "lat": 59.423601, "lon": 30.828809, "avg_river": "р. Тосна", "avg_year": 2022, "avg_parameter": "Mn", "avg_value": 3.0, "avg_unit": "мг/л", "avg_comment": "Марганец", "avg_field_7": null, "avg_field_8": null, "avg_field_9": null, "avg_field_10": null}, "geometry": {"type": "Point", "coordinates": [59.423601, 30.828809]}}, {"type": "Feature", "properties": {"station_id": "P03", "name": "Лисинский", "river": "р. Тосна", "lat": 59.423601, "lon": 30.828809, "avg_river": "р. Тосна", "avg_year": 2022, "avg_parameter": "Zn", "avg_value": 1.2, "avg_unit": "мг/л", "avg_comment": "Цинк", "avg_field_7": null, "avg_field_8": null, "avg_field_9": null, "avg_field_10": null}, "geometry": {"type": "Point", "coordinates": [59.423601, 30.828809]}}, {"type": "Feature", "properties": {"station_id": "P03", "name": "Лисинский", "river": "р. Тосна", "lat": 59.423601, "lon": 30.828809, "avg_river": "р. Тосна", "avg_year": 2022, "avg_parameter": "Cu", "avg_value": 5.3, "avg_unit": "мг/л", "avg_comment": "Медь", "avg_field_7": null, "avg_field_8": null, "avg_field_9": null, "avg_field_10": null}, "geometry": {"type": "Point", "coordinates": [59.423601, 30.828809]}}, {"type": "Feature", "properties": {"station_id": "P03", "name": "Лисинский", "river": "р. Тосна", "lat": 59.423601, "lon": 30.828809, "avg_river": "р. Тосна", "avg_year": 2022, "avg_parameter": "Feобщ", "avg_value": 5.7, "avg_unit": "мг/л", "avg_comment": "Железо общее", "avg_field_7": null, "avg_field_8": null, "avg_field_9": null, "avg_field_10": null}, "geometry": {"type": "Point", "coordinates": [59.423601, 30.828809]}}, {"type": "Feature", "properties": {"station_id": "P03", "name": "Лисинский", "river": "р. Тосна", "lat": 59.423601, "lon": 30.828809, "avg_river": "р. Тосна", "avg_year": 2022, "avg_parameter": "NO₂", "avg_value": 1.2, "avg_unit": "мг/л", "avg_comment": "Нитриты", "avg_field_7": null, "avg_field_8": null, "avg_field_9": null, "avg_field_10": null}, "geometry": {"type": "Point", "coordinates": [59.423601, 30.828809]}}, {"type": "Feature", "properties": {"station_id": "P03", "name": "Лисинский", "river": "р. Тосна", "lat": 59.423601, "lon": 30.828809, "avg_river": "р. Тосна", "avg_year": 2022, "avg_parameter": "ХПК", "avg_value": 3.5, "avg_unit": "мг О2/л", "avg_comment": "Химическое потрепление кислорода", "avg_field_7": null, "avg_field_8": null, "avg_field_9": null, "avg_field_10": null}, "geometry": {"type": "Point", "coordinates": [59.423601, 30.828809]}}, {"type": "Feature", "properties": {"station_id": "P03", "name": "Лисинский", "river": "р. Тосна", "lat": 59.423601, "lon": 30.828809, "avg_river": "р. Тосна", "avg_year": 2021, "avg_parameter": "Mn", "avg_value": 2.1, "avg_unit": "мг/л", "avg_comment": "Марганец", "avg_field_7": null, "avg_field_8": null, "avg_field_9": null, "avg_field_10": null}, "geometry": {"type": "Point", "coordinates": [59.423601, 30.828809]}}, {"type": "Feature", "properties": {"station_id": "P03", "name": "Лисинский", "river": "р. Тосна", "lat": 59.423601, "lon": 30.828809, "avg_river": "р. Тосна", "avg_year": 2021, "avg_parameter": "Zn", "avg_value": 1.6, "avg_unit": "мг/л", "avg_comment": "Цинк", "avg_field_7": null, "avg_field_8": null, "avg_field_9": null, "avg_field_10": null}, "geometry": {"type": "Point", "coordinates": [59.423601, 30.828809]}}, {"type": "Feature", "properties": {"station_id": "P03", "name": "Лисинский", "river": "р. Тосна", "lat": 59.423601, "lon": 30.828809, "avg_river": "р. Тосна", "avg_year": 2021, "avg_parameter": "Cu", "avg_value": 5.4, "avg_unit": "мг/л", "avg_comment": "Медь", "avg_field_7": null, "avg_field_8": null, "avg_field_9": null, "avg_field_10": null}, "geometry": {"type": "Point", "coordinates": [59.423601, 30.828809]}}, {"type": "Feature", "properties": {"station_id": "P03", "name": "Лисинский", "river": "р. Тосна", "lat": 59.423601, "lon": 30.828809, "avg_river": "р. Тосна", "avg_year": 2021, "avg_parameter": "Feобщ", "avg_value": 5.1, "avg_unit": "мг/л", "avg_comment": "Железо общее", "avg_field_7": null, "avg_field_8": null, "avg_field_9": null, "avg_field_10": null}, "geometry": {"type": "Point", "coordinates": [59.423601, 30.828809]}}, {"type": "Feature", "properties": {"station_id": "P03", "name": "Лисинский", "river": "р. Тосна", "lat": 59.423601, "lon": 30.828809, "avg_river": "р. Тосна", "avg_year": 2021, "avg_parameter": "NO₂", "avg_value": 3.1, "avg_unit": "мг/л", "avg_comment": "Нитриты", "avg_field_7": null, "avg_field_8": null, "avg_field_9": null, "avg_field_10": null}, "geometry": {"type": "Point", "coordinates": [59.423601, 30.828809]}}, {"type": "Feature", "properties": {"station_id": "P03", "name": "Лисинский", "river": "р. Тосна", "lat": 59.423601, "lon": 30.828809, "avg_river": "р. Тосна", "avg_year": 2021, "avg_parameter": "ХПК", "avg_value": 3.3, "avg_unit": "мг О2/л", "avg_comment": "Химическое потрепление кислорода", "avg_field_7": null, "avg_field_8": null, "avg_field_9": null, "avg_field_10": null}, "geometry": {"type": "Point", "coordinates": [59.423601, 30.828809]}}, {"type": "Feature", "properties": {"station_id": "P03", "name": "Лисинский", "river": "р. Тосна", "lat": 59.423601, "lon": 30.828809, "avg_river": "р. Тосна", "avg_year": 2020, "avg_parameter": "Mn", "avg_value": 3.1, "avg_unit": "мг/л", "avg_comment": "Марганец", "avg_field_7": null, "avg_field_8": null, "avg_field_9": null, "avg_field_10": null}, "geometry": {"type": "Point", "coordinates": [59.423601, 30.828809]}}, {"type": "Feature", "properties": {"station_id": "P03", "name": "Лисинский", "river": "р. Тосна", "lat": 59.423601, "lon": 30.828809, "avg_river": "р. Тосна", "avg_year": 2020, "avg_parameter": "Zn", "avg_value": 1.6, "avg_unit": "мг/л", "avg_comment": "Цинк", "avg_field_7": null, "avg_field_8": null, "avg_field_9": null, "avg_field_10": null}, "geometry": {"type": "Point", "coordinates": [59.423601, 30.828809]}}, {"type": "Feature", "properties": {"station_id": "P03", "name": "Лисинский", "river": "р. Тосна", "lat": 59.423601, "lon": 30.828809, "avg_river": "р. Тосна", "avg_year": 2020, "avg_parameter": "Cu", "avg_value": 5.7, "avg_unit": "мг/л", "avg_comment": "Медь", "avg_field_7": null, "avg_field_8": null, "avg_field_9": null, "avg_field_10": null}, "geometry": {"type": "Point", "coordinates": [59.423601, 30.828809]}}, {"type": "Feature", "properties": {"station_id": "P03", "name": "Лисинский", "river": "р. Тосна", "lat": 59.423601, "lon": 30.828809, "avg_river": "р. Тосна", "avg_year": 2020, "avg_parameter": "Feобщ", "avg_value": 5.2, "avg_unit": "мг/л", "avg_comment": "Железо общее", "avg_field_7": null, "avg_field_8": null, "avg_field_9": null, "avg_field_10": null}, "geometry": {"type": "Point", "coordinates": [59.423601, 30.828809]}}, {"type": "Feature", "properties": {"station_id": "P03", "name": "Лисинский", "river": "р. Тосна", "lat": 59.423601, "lon": 30.828809, "avg_river": "р. Тосна", "avg_year": 2020, "avg_parameter": "NO₂", "avg_value": null, "avg_unit": "мг/л", "avg_comment": "Нитриты", "avg_field_7": null, "avg_field_8": null, "avg_field_9": null, "avg_field_10": null}, "geometry": {"type": "Point", "coordinates": [59.423601, 30.828809]}}, {"type": "Feature", "properties": {"station_id": "P03", "name": "Лисинский", "river": "р. Тосна", "lat": 59.423601, "lon": 30.828809, "avg_river": "р. Тосна", "avg_year": 2020, "avg_parameter": "ХПК", "avg_value": 2.7, "avg_unit": "мг О2/л", "avg_comment": "Химическое потрепление кислорода", "avg_field_7": null, "avg_field_8": null, "avg_field_9": null, "avg_field_10": null}, "geometry": {"type": "Point", "coordinates": [59.423601, 30.828809]}}, {"type": "Feature", "properties": {"station_id": "P03", "name": "Лисинский", "river": "р. Тосна", "lat": 59.423601, "lon": 30.828809, "avg_river": "р. Тосна", "avg_year": 2019, "avg_parameter": "Mn", "avg_value": 3.5, "avg_unit": "мг/л", "avg_comment": "Марганец", "avg_field_7": null, "avg_field_8": null, "avg_field_9": null, "avg_field_10": null}, "geometry": {"type": "Point", "coordinates": [59.423601, 30.828809]}}, {"type": "Feature", "properties": {"station_id": "P03", "name": "Лисинский", "river": "р. Тосна", "lat": 59.423601, "lon": 30.828809, "avg_river": "р. Тосна", "avg_year": 2019, "avg_parameter": "Zn", "avg_value": 2.5, "avg_unit": "мг/л", "avg_comment": "Цинк", "avg_field_7": null, "avg_field_8": null, "avg_field_9": null, "avg_field_10": null}, "geometry": {"type": "Point", "coordinates": [59.423601, 30.828809]}}, {"type": "Feature", "properties": {"station_id": "P03", "name": "Лисинский", "river": "р. Тосна", "lat": 59.423601, "lon": 30.828809, "avg_river": "р. Тосна", "avg_year": 2019, "avg_parameter": "Cu", "avg_value": 4.8, "avg_unit": "мг/л", "avg_comment": "Медь", "avg_field_7": null, "avg_field_8": null, "avg_field_9": null, "avg_field_10": null}, "geometry": {"type": "Point", "coordinates": [59.423601, 30.828809]}}, {"type": "Feature", "properties": {"station_id": "P03", "name": "Лисинский", "river": "р. Тосна", "lat": 59.423601, "lon": 30.828809, "avg_river": "р. Тосна", "avg_year": 2019, "avg_parameter": "Feобщ", "avg_value": 6.0, "avg_unit": "мг/л", "avg_comment": "Железо общее", "avg_field_7": null, "avg_field_8": null, "avg_field_9": null, "avg_field_10": null}, "geometry": {"type": "Point", "coordinates": [59.423601, 30.828809]}}, {"type": "Feature", "properties": {"station_id": "P03", "name": "Лисинский", "river": "р. Тосна", "lat": 59.423601, "lon": 30.828809, "avg_river": "р. Тосна", "avg_year": 2019, "avg_parameter": "NO₂", "avg_value": null, "avg_unit": "мг/л", "avg_comment": "Нитриты", "avg_field_7": null, "avg_field_8": null, "avg_field_9": null, "avg_field_10": null}, "geometry": {"type": "Point", "coordinates": [59.423601, 30.828809]}}, {"type": "Feature", "properties": {"station_id": "P03", "name": "Лисинский", "river": "р. Тосна", "lat": 59.423601, "lon": 30.828809, "avg_river": "р. Тосна", "avg_year": 2019, "avg_parameter": "ХПК", "avg_value": 3.0, "avg_unit": "мг О2/л", "avg_comment": "Химическое потрепление кислорода", "avg_field_7": null, "avg_field_8": null, "avg_field_9": null, "avg_field_10": null}, "geometry": {"type": "Point", "coordinates": [59.423601, 30.828809]}}, {"type": "Feature", "properties": {"station_id": "P03", "name": "Лисинский", "river": "р. Тосна", "lat": 59.423601, "lon": 30.828809, "avg_river": "р. Тосна", "avg_year": 2018, "avg_parameter": "Mn", "avg_value": 2.8, "avg_unit": "мг/л", "avg_comment": "Марганец", "avg_field_7": null, "avg_field_8": null, "avg_field_9": null, "avg_field_10": null}, "geometry": {"type": "Point", "coordinates": [59.423601, 30.828809]}}, {"type": "Feature", "properties": {"station_id": "P03", "name": "Лисинский", "river": "р. Тосна", "lat": 59.423601, "lon": 30.828809, "avg_river": "р. Тосна", "avg_year": 2018, "avg_parameter": "Zn", "avg_value": 3.3, "avg_unit": "мг/л", "avg_comment": "Цинк", "avg_field_7": null, "avg_field_8": null, "avg_field_9": null, "avg_field_10": null}, "geometry": {"type": "Point", "coordinates": [59.423601, 30.828809]}}, {"type": "Feature", "properties": {"station_id": "P03", "name": "Лисинский", "river": "р. Тосна", "lat": 59.423601, "lon": 30.828809, "avg_river": "р. Тосна", "avg_year": 2018, "avg_parameter": "Cu", "avg_value": 4.7, "avg_unit": "мг/л", "avg_comment": "Медь", "avg_field_7": null, "avg_field_8": null, "avg_field_9": null, "avg_field_10": null}, "geometry": {"type": "Point", "coordinates": [59.423601, 30.828809]}}, {"type": "Feature", "properties": {"station_id": "P03", "name": "Лисинский", "river": "р. Тосна", "lat": 59.423601, "lon": 30.828809, "avg_river": "р. Тосна", "avg_year": 2018, "avg_parameter": "Feобщ", "avg_value": 5.0, "avg_unit": "мг/л", "avg_comment": "Железо общее", "avg_field_7": null, "avg_field_8": null, "avg_field_9": null, "avg_field_10": null}, "geometry": {"type": "Point", "coordinates": [59.423601, 30.828809]}}, {"type": "Feature", "properties": {"station_id": "P03", "name": "Лисинский", "river": "р. Тосна", "lat": 59.423601, "lon": 30.828809, "avg_river": "р. Тосна", "avg_year": 2018, "avg_parameter": "NO₂", "avg_value": null, "avg_unit": "мг/л", "avg_comment": "Нитриты", "avg_field_7": null, "avg_field_8": null, "avg_field_9": null, "avg_field_10": null}, "geometry": {"type": "Point", "coordinates": [59.423601, 30.828809]}}, {"type": "Feature", "properties": {"station_id": "P03", "name": "Лисинский", "river": "р. Тосна", "lat": 59.423601, "lon": 30.828809, "avg_river": "р. Тосна", "avg_year": 2018, "avg_parameter": "ХПК", "avg_value": 2.9, "avg_unit": "мг О2/л", "avg_comment": "Химическое потрепление кислорода", "avg_field_7": null, "avg_field_8": null, "avg_field_9": null, "avg_field_10": null}, "geometry": {"type": "Point", "coordinates": [59.423601, 30.828809]}}, {"type": "Feature", "properties": {"station_id": "P03", "name": "Лисинский", "river": "р. Тосна", "lat": 59.423601, "lon": 30.828809, "avg_river": "р. Тосна", "avg_year": 2017, "avg_parameter": "Mn", "avg_value": 4.1, "avg_unit": "мг/л", "avg_comment": "Марганец", "avg_field_7": null, "avg_field_8": null, "avg_field_9": null, "avg_field_10": null}, "geometry": {"type": "Point", "coordinates": [59.423601, 30.828809]}}, {"type": "Feature", "properties": {"station_id": "P03", "name": "Лисинский", "river": "р. Тосна", "lat": 59.423601, "lon": 30.828809, "avg_river": "р. Тосна", "avg_year": 2017, "avg_parameter": "Zn", "avg_value": 2.5, "avg_unit": "мг/л", "avg_comment": "Цинк", "avg_field_7": null, "avg_field_8": null, "avg_field_9": null, "avg_field_10": null}, "geometry": {"type": "Point", "coordinates": [59.423601, 30.828809]}}, {"type": "Feature", "properties": {"station_id": "P03", "name": "Лисинский", "river": "р. Тосна", "lat": 59.423601, "lon": 30.828809, "avg_river": "р. Тосна", "avg_year": 2017, "avg_parameter": "Cu", "avg_value": 4.7, "avg_unit": "мг/л", "avg_comment": "Медь", "avg_field_7": null, "avg_field_8": null, "avg_field_9": null, "avg_field_10": null}, "geometry": {"type": "Point", "coordinates": [59.423601, 30.828809]}}, {"type": "Feature", "properties": {"station_id": "P03", "name": "Лисинский", "river": "р. Тосна", "lat": 59.423601, "lon": 30.828809, "avg_river": "р. Тосна", "avg_year": 2017, "avg_parameter": "Feобщ", "avg_value": 8.9, "avg_unit": "мг/л", "avg_comment": "Железо общее", "avg_field_7": null, "avg_field_8": null, "avg_field_9": null, "avg_field_10": null}, "geometry": {"type": "Point", "coordinates": [59.423601, 30.828809]}}, {"type": "Feature", "properties": {"station_id": "P03", "name": "Лисинский", "river": "р. Тосна", "lat": 59.423601, "lon": 30.828809, "avg_river": "р. Тосна", "avg_year": 2017, "avg_parameter": "NO₂", "avg_value": null, "avg_unit": "мг/л", "avg_comment": "Нитриты", "avg_field_7": null, "avg_field_8": null, "avg_field_9": null, "avg_field_10": null}, "geometry": {"type": "Point", "coordinates": [59.423601, 30.828809]}}, {"type": "Feature", "properties": {"station_id": "P03", "name": "Лисинский", "river": "р. Тосна", "lat": 59.423601, "lon": 30.828809, "avg_river": "р. Тосна", "avg_year": 2017, "avg_parameter": "ХПК", "avg_value": 3.9, "avg_unit": "мг О2/л", "avg_comment": "Химическое потрепление кислорода", "avg_field_7": null, "avg_field_8": null, "avg_field_9": null, "avg_field_10": null}, "geometry": {"type": "Point", "coordinates": [59.423601, 30.828809]}}, {"type": "Feature", "properties": {"station_id": "P03", "name": "Лисинский", "river": "р. Тосна", "lat": 59.423601, "lon": 30.828809, "avg_river": "р. Тосна", "avg_year": 2016, "avg_parameter": "Mn", "avg_value": null, "avg_unit": "мг/л", "avg_comment": "Марганец", "avg_field_7": null, "avg_field_8": null, "avg_field_9": null, "avg_field_10": null}, "geometry": {"type": "Point", "coordinates": [59.423601, 30.828809]}}, {"type": "Feature", "properties": {"station_id": "P03", "name": "Лисинский", "river": "р. Тосна", "lat": 59.423601, "lon": 30.828809, "avg_river": "р. Тосна", "avg_year": 2016, "avg_parameter": "Zn", "avg_value": null, "avg_unit": "мг/л", "avg_comment": "Цинк", "avg_field_7": null, "avg_field_8": null, "avg_field_9": null, "avg_field_10": null}, "geometry": {"type": "Point", "coordinates": [59.423601, 30.828809]}}, {"type": "Feature", "properties": {"station_id": "P03", "name": "Лисинский", "river": "р. Тосна", "lat": 59.423601, "lon": 30.828809, "avg_river": "р. Тосна", "avg_year": 2016, "avg_parameter": "Cu", "avg_value": null, "avg_unit": "мг/л", "avg_comment": "Медь", "avg_field_7": null, "avg_field_8": null, "avg_field_9": null, "avg_field_10": null}, "geometry": {"type": "Point", "coordinates": [59.423601, 30.828809]}}, {"type": "Feature", "properties": {"station_id": "P03", "name": "Лисинский", "river": "р. Тосна", "lat": 59.423601, "lon": 30.828809, "avg_river": "р. Тосна", "avg_year": 2016, "avg_parameter": "Feобщ", "avg_value": null, "avg_unit": "мг/л", "avg_comment": "Железо общее", "avg_field_7": null, "avg_field_8": null, "avg_field_9": null, "avg_field_10": null}, "geometry": {"type": "Point", "coordinates": [59.423601, 30.828809]}}, {"type": "Feature", "properties": {"station_id": "P03", "name": "Лисинский", "river": "р. Тосна", "lat": 59.423601, "lon": 30.828809, "avg_river": "р. Тосна", "avg_year": 2016, "avg_parameter": "NO₂", "avg_value": null, "avg_unit": "мг/л", "avg_comment": "Нитриты", "avg_field_7": null, "avg_field_8": null, "avg_field_9": null, "avg_field_10": null}, "geometry": {"type": "Point", "coordinates": [59.423601, 30.828809]}}, {"type": "Feature", "properties": {"station_id": "P03", "name": "Лисинский", "river": "р. Тосна", "lat": 59.423601, "lon": 30.828809, "avg_river": "р. Тосна", "avg_year": 2016, "avg_parameter": "ХПК", "avg_value": null, "avg_unit": "мг О2/л", "avg_comment": "Химическое потрепление кислорода", "avg_field_7": null, "avg_field_8": null, "avg_field_9": null, "avg_field_10": null}, "geometry": {"type": "Point", "coordinates": [59.423601, 30.828809]}}, {"type": "Feature", "properties": {"station_id": "P03", "name": "Лисинский", "river": "р. Тосна", "lat": 59.423601, "lon": 30.828809, "avg_river": "р. Тосна", "avg_year": 2015, "avg_parameter": "Mn", "avg_value": 6.0, "avg_unit": "мг/л", "avg_comment": "Марганец", "avg_field_7": null, "avg_field_8": null, "avg_field_9": null, "avg_field_10": null}, "geometry": {"type": "Point", "coordinates": [59.423601, 30.828809]}}, {"type": "Feature", "properties": {"station_id": "P03", "name": "Лисинский", "river": "р. Тосна", "lat": 59.423601, "lon": 30.828809, "avg_river": "р. Тосна", "avg_year": 2015, "avg_parameter": "Zn", "avg_value": 1.4, "avg_unit": "мг/л", "avg_comment": "Цинк", "avg_field_7": null, "avg_field_8": null, "avg_field_9": null, "avg_field_10": null}, "geometry": {"type": "Point", "coordinates": [59.423601, 30.828809]}}, {"type": "Feature", "properties": {"station_id": "P03", "name": "Лисинский", "river": "р. Тосна", "lat": 59.423601, "lon": 30.828809, "avg_river": "р. Тосна", "avg_year": 2015, "avg_parameter": "Cu", "avg_value": 4.0, "avg_unit": "мг/л", "avg_comment": "Медь", "avg_field_7": null, "avg_field_8": null, "avg_field_9": null, "avg_field_10": null}, "geometry": {"type": "Point", "coordinates": [59.423601, 30.828809]}}, {"type": "Feature", "properties": {"station_id": "P03", "name": "Лисинский", "river": "р. Тосна", "lat": 59.423601, "lon": 30.828809, "avg_river": "р. Тосна", "avg_year": 2015, "avg_parameter": "Feобщ", "avg_value": 4.0, "avg_unit": "мг/л", "avg_comment": "Железо общее", "avg_field_7": null, "avg_field_8": null, "avg_field_9": null, "avg_field_10": null}, "geometry": {"type": "Point", "coordinates": [59.423601, 30.828809]}}, {"type": "Feature", "properties": {"station_id": "P03", "name": "Лисинский", "river": "р. Тосна", "lat": 59.423601, "lon": 30.828809, "avg_river": "р. Тосна", "avg_year": 2015, "avg_parameter": "NO₂", "avg_value": 1.2, "avg_unit": "мг/л", "avg_comment": "Нитриты", "avg_field_7": null, "avg_field_8": null, "avg_field_9": null, "avg_field_10": null}, "geometry": {"type": "Point", "coordinates": [59.423601, 30.828809]}}, {"type": "Feature", "properties": {"station_id": "P03", "name": "Лисинский", "river": "р. Тосна", "lat": 59.423601, "lon": 30.828809, "avg_river": "р. Тосна", "avg_year": 2015, "avg_parameter": "ХПК", "avg_value": 3.0, "avg_unit": "мг О2/л", "avg_comment": "Химическое потрепление кислорода", "avg_field_7": null, "avg_field_8": null, "avg_field_9": null, "avg_field_10": null}, "geometry": {"type": "Point", "coordinates": [59.423601, 30.828809]}}, {"type": "Feature", "properties": {"station_id": "P03", "name": "Лисинский", "river": "р. Тосна", "lat": 59.423601, "lon": 30.828809, "avg_river": "р. Тосна", "avg_year": 2014, "avg_parameter": "Mn", "avg_value": 3.2, "avg_unit": "мг/л", "avg_comment": "Марганец", "avg_field_7": null, "avg_field_8": null, "avg_field_9": null, "avg_field_10": null}, "geometry": {"type": "Point", "coordinates": [59.423601, 30.828809]}}, {"type": "Feature", "properties": {"station_id": "P03", "name": "Лисинский", "river": "р. Тосна", "lat": 59.423601, "lon": 30.828809, "avg_river": "р. Тосна", "avg_year": 2014, "avg_parameter": "Zn", "avg_value": 1.2, "avg_unit": "мг/л", "avg_comment": "Цинк", "avg_field_7": null, "avg_field_8": null, "avg_field_9": null, "avg_field_10": null}, "geometry": {"type": "Point", "coordinates": [59.423601, 30.828809]}}, {"type": "Feature", "properties": {"station_id": "P03", "name": "Лисинский", "river": "р. Тосна", "lat": 59.423601, "lon": 30.828809, "avg_river": "р. Тосна", "avg_year": 2014, "avg_parameter": "Cu", "avg_value": 5.6, "avg_unit": "мг/л", "avg_comment": "Медь", "avg_field_7": null, "avg_field_8": null, "avg_field_9": null, "avg_field_10": null}, "geometry": {"type": "Point", "coordinates": [59.423601, 30.828809]}}, {"type": "Feature", "properties": {"station_id": "P03", "name": "Лисинский", "river": "р. Тосна", "lat": 59.423601, "lon": 30.828809, "avg_river": "р. Тосна", "avg_year": 2014, "avg_parameter": "Feобщ", "avg_value": 5.3, "avg_unit": "мг/л", "avg_comment": "Железо общее", "avg_field_7": null, "avg_field_8": null, "avg_field_9": null, "avg_field_10": null}, "geometry": {"type": "Point", "coordinates": [59.423601, 30.828809]}}, {"type": "Feature", "properties": {"station_id": "P03", "name": "Лисинский", "river": "р. Тосна", "lat": 59.423601, "lon": 30.828809, "avg_river": "р. Тосна", "avg_year": 2014, "avg_parameter": "NO₂", "avg_value": null, "avg_unit": "мг/л", "avg_comment": "Нитриты", "avg_field_7": null, "avg_field_8": null, "avg_field_9": null, "avg_field_10": null}, "geometry": {"type": "Point", "coordinates": [59.423601, 30.828809]}}, {"type": "Feature", "properties": {"station_id": "P03", "name": "Лисинский", "river": "р. Тосна", "lat": 59.423601, "lon": 30.828809, "avg_river": "р. Тосна", "avg_year": 2014, "avg_parameter": "ХПК", "avg_value": 3.0, "avg_unit": "мг О2/л", "avg_comment": "Химическое потрепление кислорода", "avg_field_7": null, "avg_field_8": null, "avg_field_9": null, "avg_field_10": null}, "geometry": {"type": "Point", "coordinates": [59.423601, 30.828809]}}, {"type": "Feature", "properties": {"station_id": "P03", "name": "Лисинский", "river": "р. Тосна", "lat": 59.423601, "lon": 30.828809, "avg_river": "р. Тосна", "avg_year": 2013, "avg_parameter": "Mn", "avg_value": 16.0, "avg_unit": "мг/л", "avg_comment": "Марганец", "avg_field_7": null, "avg_field_8": null, "avg_field_9": null, "avg_field_10": null}, "geometry": {"type": "Point", "coordinates": [59.423601, 30.828809]}}, {"type": "Feature", "properties": {"station_id": "P03", "name": "Лисинский", "river": "р. Тосна", "lat": 59.423601, "lon": 30.828809, "avg_river": "р. Тосна", "avg_year": 2013, "avg_parameter": "Zn", "avg_value": 1.2, "avg_unit": "мг/л", "avg_comment": "Цинк", "avg_field_7": null, "avg_field_8": null, "avg_field_9": null, "avg_field_10": null}, "geometry": {"type": "Point", "coordinates": [59.423601, 30.828809]}}, {"type": "Feature", "properties": {"station_id": "P03", "name": "Лисинский", "river": "р. Тосна", "lat": 59.423601, "lon": 30.828809, "avg_river": "р. Тосна", "avg_year": 2013, "avg_parameter": "Cu", "avg_value": 3.0, "avg_unit": "мг/л", "avg_comment": "Медь", "avg_field_7": null, "avg_field_8": null, "avg_field_9": null, "avg_field_10": null}, "geometry": {"type": "Point", "coordinates": [59.423601, 30.828809]}}, {"type": "Feature", "properties": {"station_id": "P03", "name": "Лисинский", "river": "р. Тосна", "lat": 59.423601, "lon": 30.828809, "avg_river": "р. Тосна", "avg_year": 2013, "avg_parameter": "Feобщ", "avg_value": 6.6, "avg_unit": "мг/л", "avg_comment": "Железо общее", "avg_field_7": null, "avg_field_8": null, "avg_field_9": null, "avg_field_10": null}, "geometry": {"type": "Point", "coordinates": [59.423601, 30.828809]}}, {"type": "Feature", "properties": {"station_id": "P03", "name": "Лисинский", "river": "р. Тосна", "lat": 59.423601, "lon": 30.828809, "avg_river": "р. Тосна", "avg_year": 2013, "avg_parameter": "NO₂", "avg_value": null, "avg_unit": "мг/л", "avg_comment": "Нитриты", "avg_field_7": null, "avg_field_8": null, "avg_field_9": null, "avg_field_10": null}, "geometry": {"type": "Point", "coordinates": [59.423601, 30.828809]}}, {"type": "Feature", "properties": {"station_id": "P03", "name": "Лисинский", "river": "р. Тосна", "lat": 59.423601, "lon": 30.828809, "avg_river": "р. Тосна", "avg_year": 2013, "avg_parameter": "ХПК", "avg_value": 2.9, "avg_unit": "мг О2/л", "avg_comment": "Химическое потрепление кислорода", "avg_field_7": null, "avg_field_8": null, "avg_field_9": null, "avg_field_10": null}, "geometry": {"type": "Point", "coordinates": [59.423601, 30.828809]}}, {"type": "Feature", "properties": {"station_id": "P03", "name": "Лисинский", "river": "р. Тосна", "lat": 59.423601, "lon": 30.828809, "avg_river": "р. Тосна", "avg_year": 2012, "avg_parameter": "Mn", "avg_value": 1.7, "avg_unit": "мг/л", "avg_comment": "Марганец", "avg_field_7": null, "avg_field_8": null, "avg_field_9": null, "avg_field_10": null}, "geometry": {"type": "Point", "coordinates": [59.423601, 30.828809]}}, {"type": "Feature", "properties": {"station_id": "P03", "name": "Лисинский", "river": "р. Тосна", "lat": 59.423601, "lon": 30.828809, "avg_river": "р. Тосна", "avg_year": 2012, "avg_parameter": "Zn", "avg_value": 1.5, "avg_unit": "мг/л", "avg_comment": "Цинк", "avg_field_7": null, "avg_field_8": null, "avg_field_9": null, "avg_field_10": null}, "geometry": {"type": "Point", "coordinates": [59.423601, 30.828809]}}, {"type": "Feature", "properties": {"station_id": "P03", "name": "Лисинский", "river": "р. Тосна", "lat": 59.423601, "lon": 30.828809, "avg_river": "р. Тосна", "avg_year": 2012, "avg_parameter": "Cu", "avg_value": 2.6, "avg_unit": "мг/л", "avg_comment": "Медь", "avg_field_7": null, "avg_field_8": null, "avg_field_9": null, "avg_field_10": null}, "geometry": {"type": "Point", "coordinates": [59.423601, 30.828809]}}, {"type": "Feature", "properties": {"station_id": "P03", "name": "Лисинский", "river": "р. Тосна", "lat": 59.423601, "lon": 30.828809, "avg_river": "р. Тосна", "avg_year": 2012, "avg_parameter": "Feобщ", "avg_value": 7.0, "avg_unit": "мг/л", "avg_comment": "Железо общее", "avg_field_7": null, "avg_field_8": null, "avg_field_9": null, "avg_field_10": null}, "geometry": {"type": "Point", "coordinates": [59.423601, 30.828809]}}, {"type": "Feature", "properties": {"station_id": "P03", "name": "Лисинский", "river": "р. Тосна", "lat": 59.423601, "lon": 30.828809, "avg_river": "р. Тосна", "avg_year": 2012, "avg_parameter": "NO₂", "avg_value": null, "avg_unit": "мг/л", "avg_comment": "Нитриты", "avg_field_7": null, "avg_field_8": null, "avg_field_9": null, "avg_field_10": null}, "geometry": {"type": "Point", "coordinates": [59.423601, 30.828809]}}, {"type": "Feature", "properties": {"station_id": "P03", "name": "Лисинский", "river": "р. Тосна", "lat": 59.423601, "lon": 30.828809, "avg_river": "р. Тосна", "avg_year": 2012, "avg_parameter": "ХПК", "avg_value": 3.6, "avg_unit": "мг О2/л", "avg_comment": "Химическое потрепление кислорода", "avg_field_7": null, "avg_field_8": null, "avg_field_9": null, "avg_field_10": null}, "geometry": {"type": "Point", "coordinates": [59.423601, 30.828809]}}, {"type": "Feature", "properties": {"station_id": "P03", "name": "Лисинский", "river": "р. Тосна", "lat": 59.423601, "lon": 30.828809, "avg_river": "р. Тосна", "avg_year": 2011, "avg_parameter": "Mn", "avg_value": 1.4, "avg_unit": "мг/л", "avg_comment": "Марганец", "avg_field_7": null, "avg_field_8": null, "avg_field_9": null, "avg_field_10": null}, "geometry": {"type": "Point", "coordinates": [59.423601, 30.828809]}}, {"type": "Feature", "properties": {"station_id": "P03", "name": "Лисинский", "river": "р. Тосна", "lat": 59.423601, "lon": 30.828809, "avg_river": "р. Тосна", "avg_year": 2011, "avg_parameter": "Zn", "avg_value": 1.3, "avg_unit": "мг/л", "avg_comment": "Цинк", "avg_field_7": null, "avg_field_8": null, "avg_field_9": null, "avg_field_10": null}, "geometry": {"type": "Point", "coordinates": [59.423601, 30.828809]}}, {"type": "Feature", "properties": {"station_id": "P03", "name": "Лисинский", "river": "р. Тосна", "lat": 59.423601, "lon": 30.828809, "avg_river": "р. Тосна", "avg_year": 2011, "avg_parameter": "Cu", "avg_value": 3.4, "avg_unit": "мг/л", "avg_comment": "Медь", "avg_field_7": null, "avg_field_8": null, "avg_field_9": null, "avg_field_10": null}, "geometry": {"type": "Point", "coordinates": [59.423601, 30.828809]}}, {"type": "Feature", "properties": {"station_id": "P03", "name": "Лисинский", "river": "р. Тосна", "lat": 59.423601, "lon": 30.828809, "avg_river": "р. Тосна", "avg_year": 2011, "avg_parameter": "Feобщ", "avg_value": 4.6, "avg_unit": "мг/л", "avg_comment": "Железо общее", "avg_field_7": null, "avg_field_8": null, "avg_field_9": null, "avg_field_10": null}, "geometry": {"type": "Point", "coordinates": [59.423601, 30.828809]}}, {"type": "Feature", "properties": {"station_id": "P03", "name": "Лисинский", "river": "р. Тосна", "lat": 59.423601, "lon": 30.828809, "avg_river": "р. Тосна", "avg_year": 2011, "avg_parameter": "NO₂", "avg_value": 1.1, "avg_unit": "мг/л", "avg_comment": "Нитриты", "avg_field_7": null, "avg_field_8": null, "avg_field_9": null, "avg_field_10": null}, "geometry": {"type": "Point", "coordinates": [59.423601, 30.828809]}}, {"type": "Feature", "properties": {"station_id": "P03", "name": "Лисинский", "river": "р. Тосна", "lat": 59.423601, "lon": 30.828809, "avg_river": "р. Тосна", "avg_year": 2011, "avg_parameter": "ХПК", "avg_value": 2.4, "avg_unit": "мг О2/л", "avg_comment": "Химическое потрепление кислорода", "avg_field_7": null, "avg_field_8": null, "avg_field_9": null, "avg_field_10": null}, "geometry": {"type": "Point", "coordinates": [59.423601, 30.828809]}}, {"type": "Feature", "properties": {"station_id": "P03", "name": "Лисинский", "river": "р. Тосна", "lat": 59.423601, "lon": 30.828809, "avg_river": "р. Тосна", "avg_year": 2010, "avg_parameter": "Mn", "avg_value": 1.9, "avg_unit": "мг/л", "avg_comment": "Марганец", "avg_field_7": null, "avg_field_8": null, "avg_field_9": null, "avg_field_10": null}, "geometry": {"type": "Point", "coordinates": [59.423601, 30.828809]}}, {"type": "Feature", "properties": {"station_id": "P03", "name": "Лисинский", "river": "р. Тосна", "lat": 59.423601, "lon": 30.828809, "avg_river": "р. Тосна", "avg_year": 2010, "avg_parameter": "Zn", "avg_value": 1.7, "avg_unit": "мг/л", "avg_comment": "Цинк", "avg_field_7": null, "avg_field_8": null, "avg_field_9": null, "avg_field_10": null}, "geometry": {"type": "Point", "coordinates": [59.423601, 30.828809]}}, {"type": "Feature", "properties": {"station_id": "P03", "name": "Лисинский", "river": "р. Тосна", "lat": 59.423601, "lon": 30.828809, "avg_river": "р. Тосна", "avg_year": 2010, "avg_parameter": "Cu", "avg_value": 3.4, "avg_unit": "мг/л", "avg_comment": "Медь", "avg_field_7": null, "avg_field_8": null, "avg_field_9": null, "avg_field_10": null}, "geometry": {"type": "Point", "coordinates": [59.423601, 30.828809]}}, {"type": "Feature", "properties": {"station_id": "P03", "name": "Лисинский", "river": "р. Тосна", "lat": 59.423601, "lon": 30.828809, "avg_river": "р. Тосна", "avg_year": 2010, "avg_parameter": "Feобщ", "avg_value": 4.5, "avg_unit": "мг/л", "avg_comment": "Железо общее", "avg_field_7": null, "avg_field_8": null, "avg_field_9": null, "avg_field_10": null}, "geometry": {"type": "Point", "coordinates": [59.423601, 30.828809]}}, {"type": "Feature", "properties": {"station_id": "P03", "name": "Лисинский", "river": "р. Тосна", "lat": 59.423601, "lon": 30.828809, "avg_river": "р. Тосна", "avg_year": 2010, "avg_parameter": "NO₂", "avg_value": 1.2, "avg_unit": "мг/л", "avg_comment": "Нитриты", "avg_field_7": null, "avg_field_8": null, "avg_field_9": null, "avg_field_10": null}, "geometry": {"type": "Point", "coordinates": [59.423601, 30.828809]}}, {"type": "Feature", "properties": {"station_id": "P03", "name": "Лисинский", "river": "р. Тосна", "lat": 59.423601, "lon": 30.828809, "avg_river": "р. Тосна", "avg_year": 2010, "avg_parameter": "ХПК", "avg_value": 3.2, "avg_unit": "мг О2/л", "avg_comment": "Химическое потрепление кислорода", "avg_field_7": null, "avg_field_8": null, "avg_field_9": null, "avg_field_10": null}, "geometry": {"type": "Point", "coordinates": [59.423601, 30.828809]}}, {"type": "Feature", "properties": {"station_id": "P04", "name": "д. Аннолово", "river": "р. Ижора", "lat": 59.633197, "lon": 30.540788, "avg_river": "р. Ижора", "avg_year": 2023, "avg_parameter": "Feобщ", "avg_value": 4.2, "avg_unit": "мг/л", "avg_comment": "Железо общее", "avg_field_7": null, "avg_field_8": null, "avg_field_9": null, "avg_field_10": null}, "geometry": {"type": "Point", "coordinates": [59.633197, 30.540788]}}, {"type": "Feature", "properties": {"station_id": "P04", "name": "д. Аннолово", "river": "р. Ижора", "lat": 59.633197, "lon": 30.540788, "avg_river": "р. Ижора", "avg_year": 2023, "avg_parameter": "NO₂", "avg_value": 13.6, "avg_unit": "мг/л", "avg_comment": "Нитриты", "avg_field_7": null, "avg_field_8": null, "avg_field_9": null, "avg_field_10": null}, "geometry": {"type": "Point", "coordinates": [59.633197, 30.540788]}}, {"type": "Feature", "properties": {"station_id": "P04", "name": "д. Аннолово", "river": "р. Ижора", "lat": 59.633197, "lon": 30.540788, "avg_river": "р. Ижора", "avg_year": 2023, "avg_parameter": "Mn", "avg_value": 7.5, "avg_unit": "мг/л", "avg_comment": "Марганец", "avg_field_7": null, "avg_field_8": null, "avg_field_9": null, "avg_field_10": null}, "geometry": {"type": "Point", "coordinates": [59.633197, 30.540788]}}, {"type": "Feature", "properties": {"station_id": "P04", "name": "д. Аннолово", "river": "р. Ижора", "lat": 59.633197, "lon": 30.540788, "avg_river": "р. Ижора", "avg_year": 2023, "avg_parameter": "Cu", "avg_value": 19.2, "avg_unit": "мг/л", "avg_comment": "Медь", "avg_field_7": null, "avg_field_8": null, "avg_field_9": null, "avg_field_10": null}, "geometry": {"type": "Point", "coordinates": [59.633197, 30.540788]}}, {"type": "Feature", "properties": {"station_id": "P04", "name": "д. Аннолово", "river": "р. Ижора", "lat": 59.633197, "lon": 30.540788, "avg_river": "р. Ижора", "avg_year": 2023, "avg_parameter": "ХПК", "avg_value": 3.2, "avg_unit": "мг О2/л", "avg_comment": "Химическое потрепление кислорода", "avg_field_7": null, "avg_field_8": null, "avg_field_9": null, "avg_field_10": null}, "geometry": {"type": "Point", "coordinates": [59.633197, 30.540788]}}, {"type": "Feature", "properties": {"station_id": "P04", "name": "д. Аннолово", "river": "р. Ижора", "lat": 59.633197, "lon": 30.540788, "avg_river": "р. Ижора", "avg_year": 2022, "avg_parameter": "Feобщ", "avg_value": 3.6, "avg_unit": "мг/л", "avg_comment": "Железо общее", "avg_field_7": null, "avg_field_8": null, "avg_field_9": null, "avg_field_10": null}, "geometry": {"type": "Point", "coordinates": [59.633197, 30.540788]}}, {"type": "Feature", "properties": {"station_id": "P04", "name": "д. Аннолово", "river": "р. Ижора", "lat": 59.633197, "lon": 30.540788, "avg_river": "р. Ижора", "avg_year": 2022, "avg_parameter": "NO₂", "avg_value": 12.6, "avg_unit": "мг/л", "avg_comment": "Нитриты", "avg_field_7": null, "avg_field_8": null, "avg_field_9": null, "avg_field_10": null}, "geometry": {"type": "Point", "coordinates": [59.633197, 30.540788]}}, {"type": "Feature", "properties": {"station_id": "P04", "name": "д. Аннолово", "river": "р. Ижора", "lat": 59.633197, "lon": 30.540788, "avg_river": "р. Ижора", "avg_year": 2022, "avg_parameter": "Mn", "avg_value": 14.5, "avg_unit": "мг/л", "avg_comment": "Марганец", "avg_field_7": null, "avg_field_8": null, "avg_field_9": null, "avg_field_10": null}, "geometry": {"type": "Point", "coordinates": [59.633197, 30.540788]}}, {"type": "Feature", "properties": {"station_id": "P04", "name": "д. Аннолово", "river": "р. Ижора", "lat": 59.633197, "lon": 30.540788, "avg_river": "р. Ижора", "avg_year": 2022, "avg_parameter": "Cu", "avg_value": 12.4, "avg_unit": "мг/л", "avg_comment": "Медь", "avg_field_7": null, "avg_field_8": null, "avg_field_9": null, "avg_field_10": null}, "geometry": {"type": "Point", "coordinates": [59.633197, 30.540788]}}, {"type": "Feature", "properties": {"station_id": "P04", "name": "д. Аннолово", "river": "р. Ижора", "lat": 59.633197, "lon": 30.540788, "avg_river": "р. Ижора", "avg_year": 2022, "avg_parameter": "ХПК", "avg_value": 4.3, "avg_unit": "мг О2/л", "avg_comment": "Химическое потрепление кислорода", "avg_field_7": null, "avg_field_8": null, "avg_field_9": null, "avg_field_10": null}, "geometry": {"type": "Point", "coordinates": [59.633197, 30.540788]}}, {"type": "Feature", "properties": {"station_id": "P04", "name": "д. Аннолово", "river": "р. Ижора", "lat": 59.633197, "lon": 30.540788, "avg_river": "р. Ижора", "avg_year": 2021, "avg_parameter": "Feобщ", "avg_value": null, "avg_unit": "мг/л", "avg_comment": "Железо общее", "avg_field_7": null, "avg_field_8": null, "avg_field_9": null, "avg_field_10": null}, "geometry": {"type": "Point", "coordinates": [59.633197, 30.540788]}}, {"type": "Feature", "properties": {"station_id": "P04", "name": "д. Аннолово", "river": "р. Ижора", "lat": 59.633197, "lon": 30.540788, "avg_river": "р. Ижора", "avg_year": 2021, "avg_parameter": "NO₂", "avg_value": 10.0, "avg_unit": "мг/л", "avg_comment": "Нитриты", "avg_field_7": null, "avg_field_8": null, "avg_field_9": null, "avg_field_10": null}, "geometry": {"type": "Point", "coordinates": [59.633197, 30.540788]}}, {"type": "Feature", "properties": {"station_id": "P04", "name": "д. Аннолово", "river": "р. Ижора", "lat": 59.633197, "lon": 30.540788, "avg_river": "р. Ижора", "avg_year": 2021, "avg_parameter": "Mn", "avg_value": 7.1, "avg_unit": "мг/л", "avg_comment": "Марганец", "avg_field_7": null, "avg_field_8": null, "avg_field_9": null, "avg_field_10": null}, "geometry": {"type": "Point", "coordinates": [59.633197, 30.540788]}}, {"type": "Feature", "properties": {"station_id": "P04", "name": "д. Аннолово", "river": "р. Ижора", "lat": 59.633197, "lon": 30.540788, "avg_river": "р. Ижора", "avg_year": 2021, "avg_parameter": "Cu", "avg_value": null, "avg_unit": "мг/л", "avg_comment": "Медь", "avg_field_7": null, "avg_field_8": null, "avg_field_9": null, "avg_field_10": null}, "geometry": {"type": "Point", "coordinates": [59.633197, 30.540788]}}, {"type": "Feature", "properties": {"station_id": "P04", "name": "д. Аннолово", "river": "р. Ижора", "lat": 59.633197, "lon": 30.540788, "avg_river": "р. Ижора", "avg_year": 2021, "avg_parameter": "ХПК", "avg_value": null, "avg_unit": "мг О2/л", "avg_comment": "Химическое потрепление кислорода", "avg_field_7": null, "avg_field_8": null, "avg_field_9": null, "avg_field_10": null}, "geometry": {"type": "Point", "coordinates": [59.633197, 30.540788]}}, {"type": "Feature", "properties": {"station_id": "P04", "name": "д. Аннолово", "river": "р. Ижора", "lat": 59.633197, "lon": 30.540788, "avg_river": "р. Ижора", "avg_year": 2020, "avg_parameter": "Feобщ", "avg_value": 8.3, "avg_unit": "мг/л", "avg_comment": "Железо общее", "avg_field_7": null, "avg_field_8": null, "avg_field_9": null, "avg_field_10": null}, "geometry": {"type": "Point", "coordinates": [59.633197, 30.540788]}}, {"type": "Feature", "properties": {"station_id": "P04", "name": "д. Аннолово", "river": "р. Ижора", "lat": 59.633197, "lon": 30.540788, "avg_river": "р. Ижора", "avg_year": 2020, "avg_parameter": "NO₂", "avg_value": 10.5, "avg_unit": "мг/л", "avg_comment": "Нитриты", "avg_field_7": null, "avg_field_8": null, "avg_field_9": null, "avg_field_10": null}, "geometry": {"type": "Point", "coordinates": [59.633197, 30.540788]}}, {"type": "Feature", "properties": {"station_id": "P04", "name": "д. Аннолово", "river": "р. Ижора", "lat": 59.633197, "lon": 30.540788, "avg_river": "р. Ижора", "avg_year": 2020, "avg_parameter": "Mn", "avg_value": null, "avg_unit": "мг/л", "avg_comment": "Марганец", "avg_field_7": null, "avg_field_8": null, "avg_field_9": null, "avg_field_10": null}, "geometry": {"type": "Point", "coordinates": [59.633197, 30.540788]}}, {"type": "Feature", "properties": {"station_id": "P04", "name": "д. Аннолово", "river": "р. Ижора", "lat": 59.633197, "lon": 30.540788, "avg_river": "р. Ижора", "avg_year": 2020, "avg_parameter": "Cu", "avg_value": null, "avg_unit": "мг/л", "avg_comment": "Медь", "avg_field_7": null, "avg_field_8": null, "avg_field_9": null, "avg_field_10": null}, "geometry": {"type": "Point", "coordinates": [59.633197, 30.540788]}}, {"type": "Feature", "properties": {"station_id": "P04", "name": "д. Аннолово", "river": "р. Ижора", "lat": 59.633197, "lon": 30.540788, "avg_river": "р. Ижора", "avg_year": 2020, "avg_parameter": "ХПК", "avg_value": 6.0, "avg_unit": "мг О2/л", "avg_comment": "Химическое потрепление кислорода", "avg_field_7": null, "avg_field_8": null, "avg_field_9": null, "avg_field_10": null}, "geometry": {"type": "Point", "coordinates": [59.633197, 30.540788]}}, {"type": "Feature", "properties": {"station_id": "P04", "name": "д. Аннолово", "river": "р. Ижора", "lat": 59.633197, "lon": 30.540788, "avg_river": "р. Ижора", "avg_year": 2019, "avg_parameter": "Feобщ", "avg_value": null, "avg_unit": "мг/л", "avg_comment": "Железо общее", "avg_field_7": null, "avg_field_8": null, "avg_field_9": null, "avg_field_10": null}, "geometry": {"type": "Point", "coordinates": [59.633197, 30.540788]}}, {"type": "Feature", "properties": {"station_id": "P04", "name": "д. Аннолово", "river": "р. Ижора", "lat": 59.633197, "lon": 30.540788, "avg_river": "р. Ижора", "avg_year": 2019, "avg_parameter": "NO₂", "avg_value": 2.4, "avg_unit": "мг/л", "avg_comment": "Нитриты", "avg_field_7": null, "avg_field_8": null, "avg_field_9": null, "avg_field_10": null}, "geometry": {"type": "Point", "coordinates": [59.633197, 30.540788]}}, {"type": "Feature", "properties": {"station_id": "P04", "name": "д. Аннолово", "river": "р. Ижора", "lat": 59.633197, "lon": 30.540788, "avg_river": "р. Ижора", "avg_year": 2019, "avg_parameter": "Mn", "avg_value": null, "avg_unit": "мг/л", "avg_comment": "Марганец", "avg_field_7": null, "avg_field_8": null, "avg_field_9": null, "avg_field_10": null}, "geometry": {"type": "Point", "coordinates": [59.633197, 30.540788]}}, {"type": "Feature", "properties": {"station_id": "P04", "name": "д. Аннолово", "river": "р. Ижора", "lat": 59.633197, "lon": 30.540788, "avg_river": "р. Ижора", "avg_year": 2019, "avg_parameter": "Cu", "avg_value": 21.2, "avg_unit": "мг/л", "avg_comment": "Медь", "avg_field_7": null, "avg_field_8": null, "avg_field_9": null, "avg_field_10": null}, "geometry": {"type": "Point", "coordinates": [59.633197, 30.540788]}}, {"type": "Feature", "properties": {"station_id": "P04", "name": "д. Аннолово", "river": "р. Ижора", "lat": 59.633197, "lon": 30.540788, "avg_river": "р. Ижора", "avg_year": 2019, "avg_parameter": "ХПК", "avg_value": 1.1, "avg_unit": "мг О2/л", "avg_comment": "Химическое потрепление кислорода", "avg_field_7": null, "avg_field_8": null, "avg_field_9": null, "avg_field_10": null}, "geometry": {"type": "Point", "coordinates": [59.633197, 30.540788]}}, {"type": "Feature", "properties": {"station_id": "P04", "name": "д. Аннолово", "river": "р. Ижора", "lat": 59.633197, "lon": 30.540788, "avg_river": "р. Ижора", "avg_year": 2018, "avg_parameter": "Feобщ", "avg_value": null, "avg_unit": "мг/л", "avg_comment": "Железо общее", "avg_field_7": null, "avg_field_8": null, "avg_field_9": null, "avg_field_10": null}, "geometry": {"type": "Point", "coordinates": [59.633197, 30.540788]}}, {"type": "Feature", "properties": {"station_id": "P04", "name": "д. Аннолово", "river": "р. Ижора", "lat": 59.633197, "lon": 30.540788, "avg_river": "р. Ижора", "avg_year": 2018, "avg_parameter": "NO₂", "avg_value": null, "avg_unit": "мг/л", "avg_comment": "Нитриты", "avg_field_7": null, "avg_field_8": null, "avg_field_9": null, "avg_field_10": null}, "geometry": {"type": "Point", "coordinates": [59.633197, 30.540788]}}, {"type": "Feature", "properties": {"station_id": "P04", "name": "д. Аннолово", "river": "р. Ижора", "lat": 59.633197, "lon": 30.540788, "avg_river": "р. Ижора", "avg_year": 2018, "avg_parameter": "Mn", "avg_value": 14.0, "avg_unit": "мг/л", "avg_comment": "Марганец", "avg_field_7": null, "avg_field_8": null, "avg_field_9": null, "avg_field_10": null}, "geometry": {"type": "Point", "coordinates": [59.633197, 30.540788]}}, {"type": "Feature", "properties": {"station_id": "P04", "name": "д. Аннолово", "river": "р. Ижора", "lat": 59.633197, "lon": 30.540788, "avg_river": "р. Ижора", "avg_year": 2018, "avg_parameter": "Cu", "avg_value": 12.9, "avg_unit": "мг/л", "avg_comment": "Медь", "avg_field_7": null, "avg_field_8": null, "avg_field_9": null, "avg_field_10": null}, "geometry": {"type": "Point", "coordinates": [59.633197, 30.540788]}}, {"type": "Feature", "properties": {"station_id": "P04", "name": "д. Аннолово", "river": "р. Ижора", "lat": 59.633197, "lon": 30.540788, "avg_river": "р. Ижора", "avg_year": 2018, "avg_parameter": "ХПК", "avg_value": 6.1, "avg_unit": "мг О2/л", "avg_comment": "Химическое потрепление кислорода", "avg_field_7": null, "avg_field_8": null, "avg_field_9": null, "avg_field_10": null}, "geometry": {"type": "Point", "coordinates": [59.633197, 30.540788]}}, {"type": "Feature", "properties": {"station_id": "P05", "name": "г. Луга", "river": "р. Луга", "lat": 58.73, "lon": 29.84, "avg_river": "р. Луга", "avg_year": 2024, "avg_parameter": "Mn", "avg_value": null, "avg_unit": "мг/л", "avg_comment": "Марганец", "avg_field_7": null, "avg_field_8": null, "avg_field_9": null, "avg_field_10": null}, "geometry": {"type": "Point", "coordinates": [58.73, 29.84]}}, {"type": "Feature", "properties": {"station_id": "P05", "name": "г. Луга", "river": "р. Луга", "lat": 58.73, "lon": 29.84, "avg_river": "р. Луга", "avg_year": 2024, "avg_parameter": "Cd", "avg_value": null, "avg_unit": "мг/л", "avg_comment": "Кадмий", "avg_field_7": null, "avg_field_8": null, "avg_field_9": null, "avg_field_10": null}, "geometry": {"type": "Point", "coordinates": [58.73, 29.84]}}, {"type": "Feature", "properties": {"station_id": "P05", "name": "г. Луга", "river": "р. Луга", "lat": 58.73, "lon": 29.84, "avg_river": "р. Луга", "avg_year": 2024, "avg_parameter": "Cu", "avg_value": 11.0, "avg_unit": "мг/л", "avg_comment": "Медь", "avg_field_7": null, "avg_field_8": null, "avg_field_9": null, "avg_field_10": null}, "geometry": {"type": "Point", "coordinates": [58.73, 29.84]}}, {"type": "Feature", "properties": {"station_id": "P05", "name": "г. Луга", "river": "р. Луга", "lat": 58.73, "lon": 29.84, "avg_river": "р. Луга", "avg_year": 2024, "avg_parameter": "Feобщ", "avg_value": 1.5, "avg_unit": "мг/л", "avg_comment": "Железо общее", "avg_field_7": null, "avg_field_8": null, "avg_field_9": null, "avg_field_10": null}, "geometry": {"type": "Point", "coordinates": [58.73, 29.84]}}, {"type": "Feature", "properties": {"station_id": "P05", "name": "г. Луга", "river": "р. Луга", "lat": 58.73, "lon": 29.84, "avg_river": "р. Луга", "avg_year": 2024, "avg_parameter": "NO₂", "avg_value": 8.7, "avg_unit": "мг/л", "avg_comment": "Нитриты", "avg_field_7": null, "avg_field_8": null, "avg_field_9": null, "avg_field_10": null}, "geometry": {"type": "Point", "coordinates": [58.73, 29.84]}}, {"type": "Feature", "properties": {"station_id": "P05", "name": "г. Луга", "river": "р. Луга", "lat": 58.73, "lon": 29.84, "avg_river": "р. Луга", "avg_year": 2024, "avg_parameter": "ХПК", "avg_value": 3.1, "avg_unit": "мг О2/л", "avg_comment": "Химическое потрепление кислорода", "avg_field_7": null, "avg_field_8": null, "avg_field_9": null, "avg_field_10": null}, "geometry": {"type": "Point", "coordinates": [58.73, 29.84]}}, {"type": "Feature", "properties": {"station_id": "P05", "name": "г. Луга", "river": "р. Луга", "lat": 58.73, "lon": 29.84, "avg_river": "р. Луга", "avg_year": 2023, "avg_parameter": "Mn", "avg_value": null, "avg_unit": "мг/л", "avg_comment": "Марганец", "avg_field_7": null, "avg_field_8": null, "avg_field_9": null, "avg_field_10": null}, "geometry": {"type": "Point", "coordinates": [58.73, 29.84]}}, {"type": "Feature", "properties": {"station_id": "P05", "name": "г. Луга", "river": "р. Луга", "lat": 58.73, "lon": 29.84, "avg_river": "р. Луга", "avg_year": 2023, "avg_parameter": "Cd", "avg_value": null, "avg_unit": "мг/л", "avg_comment": "Кадмий", "avg_field_7": null, "avg_field_8": null, "avg_field_9": null, "avg_field_10": null}, "geometry": {"type": "Point", "coordinates": [58.73, 29.84]}}, {"type": "Feature", "properties": {"station_id": "P05", "name": "г. Луга", "river": "р. Луга", "lat": 58.73, "lon": 29.84, "avg_river": "р. Луга", "avg_year": 2023, "avg_parameter": "Cu", "avg_value": 6.6, "avg_unit": "мг/л", "avg_comment": "Медь", "avg_field_7": null, "avg_field_8": null, "avg_field_9": null, "avg_field_10": null}, "geometry": {"type": "Point", "coordinates": [58.73, 29.84]}}, {"type": "Feature", "properties": {"station_id": "P05", "name": "г. Луга", "river": "р. Луга", "lat": 58.73, "lon": 29.84, "avg_river": "р. Луга", "avg_year": 2023, "avg_parameter": "Feобщ", "avg_value": 1.2, "avg_unit": "мг/л", "avg_comment": "Железо общее", "avg_field_7": null, "avg_field_8": null, "avg_field_9": null, "avg_field_10": null}, "geometry": {"type": "Point", "coordinates": [58.73, 29.84]}}, {"type": "Feature", "properties": {"station_id": "P05", "name": "г. Луга", "river": "р. Луга", "lat": 58.73, "lon": 29.84, "avg_river": "р. Луга", "avg_year": 2023, "avg_parameter": "NO₂", "avg_value": null, "avg_unit": "мг/л", "avg_comment": "Нитриты", "avg_field_7": null, "avg_field_8": null, "avg_field_9": null, "avg_field_10": null}, "geometry": {"type": "Point", "coordinates": [58.73, 29.84]}}, {"type": "Feature", "properties": {"station_id": "P05", "name": "г. Луга", "river": "р. Луга", "lat": 58.73, "lon": 29.84, "avg_river": "р. Луга", "avg_year": 2023, "avg_parameter": "ХПК", "avg_value": 2.0, "avg_unit": "мг О2/л", "avg_comment": "Химическое потрепление кислорода", "avg_field_7": null, "avg_field_8": null, "avg_field_9": null, "avg_field_10": null}, "geometry": {"type": "Point", "coordinates": [58.73, 29.84]}}, {"type": "Feature", "properties": {"station_id": "P05", "name": "г. Луга", "river": "р. Луга", "lat": 58.73, "lon": 29.84, "avg_river": "р. Луга", "avg_year": 2022, "avg_parameter": "Mn", "avg_value": null, "avg_unit": "мг/л", "avg_comment": "Марганец", "avg_field_7": null, "avg_field_8": null, "avg_field_9": null, "avg_field_10": null}, "geometry": {"type": "Point", "coordinates": [58.73, 29.84]}}, {"type": "Feature", "properties": {"station_id": "P05", "name": "г. Луга", "river": "р. Луга", "lat": 58.73, "lon": 29.84, "avg_river": "р. Луга", "avg_year": 2022, "avg_parameter": "Cd", "avg_value": null, "avg_unit": "мг/л", "avg_comment": "Кадмий", "avg_field_7": null, "avg_field_8": null, "avg_field_9": null, "avg_field_10": null}, "geometry": {"type": "Point", "coordinates": [58.73, 29.84]}}, {"type": "Feature", "properties": {"station_id": "P05", "name": "г. Луга", "river": "р. Луга", "lat": 58.73, "lon": 29.84, "avg_river": "р. Луга", "avg_year": 2022, "avg_parameter": "Cu", "avg_value": 6.4, "avg_unit": "мг/л", "avg_comment": "Медь", "avg_field_7": null, "avg_field_8": null, "avg_field_9": null, "avg_field_10": null}, "geometry": {"type": "Point", "coordinates": [58.73, 29.84]}}, {"type": "Feature", "properties": {"station_id": "P05", "name": "г. Луга", "river": "р. Луга", "lat": 58.73, "lon": 29.84, "avg_river": "р. Луга", "avg_year": 2022, "avg_parameter": "Feобщ", "avg_value": 1.0, "avg_unit": "мг/л", "avg_comment": "Железо общее", "avg_field_7": null, "avg_field_8": null, "avg_field_9": null, "avg_field_10": null}, "geometry": {"type": "Point", "coordinates": [58.73, 29.84]}}, {"type": "Feature", "properties": {"station_id": "P05", "name": "г. Луга", "river": "р. Луга", "lat": 58.73, "lon": 29.84, "avg_river": "р. Луга", "avg_year": 2022, "avg_parameter": "NO₂", "avg_value": null, "avg_unit": "мг/л", "avg_comment": "Нитриты", "avg_field_7": null, "avg_field_8": null, "avg_field_9": null, "avg_field_10": null}, "geometry": {"type": "Point", "coordinates": [58.73, 29.84]}}, {"type": "Feature", "properties": {"station_id": "P05", "name": "г. Луга", "river": "р. Луга", "lat": 58.73, "lon": 29.84, "avg_river": "р. Луга", "avg_year": 2022, "avg_parameter": "ХПК", "avg_value": 2.9, "avg_unit": "мг О2/л", "avg_comment": "Химическое потрепление кислорода", "avg_field_7": null, "avg_field_8": null, "avg_field_9": null, "avg_field_10": null}, "geometry": {"type": "Point", "coordinates": [58.73, 29.84]}}, {"type": "Feature", "properties": {"station_id": "P05", "name": "г. Луга", "river": "р. Луга", "lat": 58.73, "lon": 29.84, "avg_river": "р. Луга", "avg_year": 2021, "avg_parameter": "Mn", "avg_value": null, "avg_unit": "мг/л", "avg_comment": "Марганец", "avg_field_7": null, "avg_field_8": null, "avg_field_9": null, "avg_field_10": null}, "geometry": {"type": "Point", "coordinates": [58.73, 29.84]}}, {"type": "Feature", "properties": {"station_id": "P05", "name": "г. Луга", "river": "р. Луга", "lat": 58.73, "lon": 29.84, "avg_river": "р. Луга", "avg_year": 2021, "avg_parameter": "Cd", "avg_value": null, "avg_unit": "мг/л", "avg_comment": "Кадмий", "avg_field_7": null, "avg_field_8": null, "avg_field_9": null, "avg_field_10": null}, "geometry": {"type": "Point", "coordinates": [58.73, 29.84]}}, {"type": "Feature", "properties": {"station_id": "P05", "name": "г. Луга", "river": "р. Луга", "lat": 58.73, "lon": 29.84, "avg_river": "р. Луга", "avg_year": 2021, "avg_parameter": "Cu", "avg_value": 7.7, "avg_unit": "мг/л", "avg_comment": "Медь", "avg_field_7": null, "avg_field_8": null, "avg_field_9": null, "avg_field_10": null}, "geometry": {"type": "Point", "coordinates": [58.73, 29.84]}}, {"type": "Feature", "properties": {"station_id": "P05", "name": "г. Луга", "river": "р. Луга", "lat": 58.73, "lon": 29.84, "avg_river": "р. Луга", "avg_year": 2021, "avg_parameter": "Feобщ", "avg_value": 2.0, "avg_unit": "мг/л", "avg_comment": "Железо общее", "avg_field_7": null, "avg_field_8": null, "avg_field_9": null, "avg_field_10": null}, "geometry": {"type": "Point", "coordinates": [58.73, 29.84]}}, {"type": "Feature", "properties": {"station_id": "P05", "name": "г. Луга", "river": "р. Луга", "lat": 58.73, "lon": 29.84, "avg_river": "р. Луга", "avg_year": 2021, "avg_parameter": "NO₂", "avg_value": 3.6, "avg_unit": "мг/л", "avg_comment": "Нитриты", "avg_field_7": null, "avg_field_8": null, "avg_field_9": null, "avg_field_10": null}, "geometry": {"type": "Point", "coordinates": [58.73, 29.84]}}, {"type": "Feature", "properties": {"station_id": "P05", "name": "г. Луга", "river": "р. Луга", "lat": 58.73, "lon": 29.84, "avg_river": "р. Луга", "avg_year": 2021, "avg_parameter": "ХПК", "avg_value": 2.6, "avg_unit": "мг О2/л", "avg_comment": "Химическое потрепление кислорода", "avg_field_7": null, "avg_field_8": null, "avg_field_9": null, "avg_field_10": null}, "geometry": {"type": "Point", "coordinates": [58.73, 29.84]}}, {"type": "Feature", "properties": {"station_id": "P05", "name": "г. Луга", "river": "р. Луга", "lat": 58.73, "lon": 29.84, "avg_river": "р. Луга", "avg_year": 2020, "avg_parameter": "Mn", "avg_value": null, "avg_unit": "мг/л", "avg_comment": "Марганец", "avg_field_7": null, "avg_field_8": null, "avg_field_9": null, "avg_field_10": null}, "geometry": {"type": "Point", "coordinates": [58.73, 29.84]}}, {"type": "Feature", "properties": {"station_id": "P05", "name": "г. Луга", "river": "р. Луга", "lat": 58.73, "lon": 29.84, "avg_river": "р. Луга", "avg_year": 2020, "avg_parameter": "Cd", "avg_value": null, "avg_unit": "мг/л", "avg_comment": "Кадмий", "avg_field_7": null, "avg_field_8": null, "avg_field_9": null, "avg_field_10": null}, "geometry": {"type": "Point", "coordinates": [58.73, 29.84]}}, {"type": "Feature", "properties": {"station_id": "P05", "name": "г. Луга", "river": "р. Луга", "lat": 58.73, "lon": 29.84, "avg_river": "р. Луга", "avg_year": 2020, "avg_parameter": "Cu", "avg_value": 8.0, "avg_unit": "мг/л", "avg_comment": "Медь", "avg_field_7": null, "avg_field_8": null, "avg_field_9": null, "avg_field_10": null}, "geometry": {"type": "Point", "coordinates": [58.73, 29.84]}}, {"type": "Feature", "properties": {"station_id": "P05", "name": "г. Луга", "river": "р. Луга", "lat": 58.73, "lon": 29.84, "avg_river": "р. Луга", "avg_year": 2020, "avg_parameter": "Feобщ", "avg_value": 1.5, "avg_unit": "мг/л", "avg_comment": "Железо общее", "avg_field_7": null, "avg_field_8": null, "avg_field_9": null, "avg_field_10": null}, "geometry": {"type": "Point", "coordinates": [58.73, 29.84]}}, {"type": "Feature", "properties": {"station_id": "P05", "name": "г. Луга", "river": "р. Луга", "lat": 58.73, "lon": 29.84, "avg_river": "р. Луга", "avg_year": 2020, "avg_parameter": "NO₂", "avg_value": 3.3, "avg_unit": "мг/л", "avg_comment": "Нитриты", "avg_field_7": null, "avg_field_8": null, "avg_field_9": null, "avg_field_10": null}, "geometry": {"type": "Point", "coordinates": [58.73, 29.84]}}, {"type": "Feature", "properties": {"station_id": "P05", "name": "г. Луга", "river": "р. Луга", "lat": 58.73, "lon": 29.84, "avg_river": "р. Луга", "avg_year": 2020, "avg_parameter": "ХПК", "avg_value": 2.4, "avg_unit": "мг О2/л", "avg_comment": "Химическое потрепление кислорода", "avg_field_7": null, "avg_field_8": null, "avg_field_9": null, "avg_field_10": null}, "geometry": {"type": "Point", "coordinates": [58.73, 29.84]}}, {"type": "Feature", "properties": {"station_id": "P05", "name": "г. Луга", "river": "р. Луга", "lat": 58.73, "lon": 29.84, "avg_river": "р. Луга", "avg_year": 2019, "avg_parameter": "Mn", "avg_value": 1.5, "avg_unit": "мг/л", "avg_comment": "Марганец", "avg_field_7": null, "avg_field_8": null, "avg_field_9": null, "avg_field_10": null}, "geometry": {"type": "Point", "coordinates": [58.73, 29.84]}}, {"type": "Feature", "properties": {"station_id": "P05", "name": "г. Луга", "river": "р. Луга", "lat": 58.73, "lon": 29.84, "avg_river": "р. Луга", "avg_year": 2019, "avg_parameter": "Cd", "avg_value": null, "avg_unit": "мг/л", "avg_comment": "Кадмий", "avg_field_7": null, "avg_field_8": null, "avg_field_9": null, "avg_field_10": null}, "geometry": {"type": "Point", "coordinates": [58.73, 29.84]}}, {"type": "Feature", "properties": {"station_id": "P05", "name": "г. Луга", "river": "р. Луга", "lat": 58.73, "lon": 29.84, "avg_river": "р. Луга", "avg_year": 2019, "avg_parameter": "Cu", "avg_value": 3.6, "avg_unit": "мг/л", "avg_comment": "Медь", "avg_field_7": null, "avg_field_8": null, "avg_field_9": null, "avg_field_10": null}, "geometry": {"type": "Point", "coordinates": [58.73, 29.84]}}, {"type": "Feature", "properties": {"station_id": "P05", "name": "г. Луга", "river": "р. Луга", "lat": 58.73, "lon": 29.84, "avg_river": "р. Луга", "avg_year": 2019, "avg_parameter": "Feобщ", "avg_value": 2.0, "avg_unit": "мг/л", "avg_comment": "Железо общее", "avg_field_7": null, "avg_field_8": null, "avg_field_9": null, "avg_field_10": null}, "geometry": {"type": "Point", "coordinates": [58.73, 29.84]}}, {"type": "Feature", "properties": {"station_id": "P05", "name": "г. Луга", "river": "р. Луга", "lat": 58.73, "lon": 29.84, "avg_river": "р. Луга", "avg_year": 2019, "avg_parameter": "NO₂", "avg_value": null, "avg_unit": "мг/л", "avg_comment": "Нитриты", "avg_field_7": null, "avg_field_8": null, "avg_field_9": null, "avg_field_10": null}, "geometry": {"type": "Point", "coordinates": [58.73, 29.84]}}, {"type": "Feature", "properties": {"station_id": "P05", "name": "г. Луга", "river": "р. Луга", "lat": 58.73, "lon": 29.84, "avg_river": "р. Луга", "avg_year": 2019, "avg_parameter": "ХПК", "avg_value": 3.3, "avg_unit": "мг О2/л", "avg_comment": "Химическое потрепление кислорода", "avg_field_7": null, "avg_field_8": null, "avg_field_9": null, "avg_field_10": null}, "geometry": {"type": "Point", "coordinates": [58.73, 29.84]}}, {"type": "Feature", "properties": {"station_id": "P05", "name": "г. Луга", "river": "р. Луга", "lat": 58.73, "lon": 29.84, "avg_river": "р. Луга", "avg_year": 2018, "avg_parameter": "Mn", "avg_value": 2.7, "avg_unit": "мг/л", "avg_comment": "Марганец", "avg_field_7": null, "avg_field_8": null, "avg_field_9": null, "avg_field_10": null}, "geometry": {"type": "Point", "coordinates": [58.73, 29.84]}}, {"type": "Feature", "properties": {"station_id": "P05", "name": "г. Луга", "river": "р. Луга", "lat": 58.73, "lon": 29.84, "avg_river": "р. Луга", "avg_year": 2018, "avg_parameter": "Cd", "avg_value": null, "avg_unit": "мг/л", "avg_comment": "Кадмий", "avg_field_7": null, "avg_field_8": null, "avg_field_9": null, "avg_field_10": null}, "geometry": {"type": "Point", "coordinates": [58.73, 29.84]}}, {"type": "Feature", "properties": {"station_id": "P05", "name": "г. Луга", "river": "р. Луга", "lat": 58.73, "lon": 29.84, "avg_river": "р. Луга", "avg_year": 2018, "avg_parameter": "Cu", "avg_value": 4.6, "avg_unit": "мг/л", "avg_comment": "Медь", "avg_field_7": null, "avg_field_8": null, "avg_field_9": null, "avg_field_10": null}, "geometry": {"type": "Point", "coordinates": [58.73, 29.84]}}, {"type": "Feature", "properties": {"station_id": "P05", "name": "г. Луга", "river": "р. Луга", "lat": 58.73, "lon": 29.84, "avg_river": "р. Луга", "avg_year": 2018, "avg_parameter": "Feобщ", "avg_value": 2.4, "avg_unit": "мг/л", "avg_comment": "Железо общее", "avg_field_7": null, "avg_field_8": null, "avg_field_9": null, "avg_field_10": null}, "geometry": {"type": "Point", "coordinates": [58.73, 29.84]}}, {"type": "Feature", "properties": {"station_id": "P05", "name": "г. Луга", "river": "р. Луга", "lat": 58.73, "lon": 29.84, "avg_river": "р. Луга", "avg_year": 2018, "avg_parameter": "NO₂", "avg_value": null, "avg_unit": "мг/л", "avg_comment": "Нитриты", "avg_field_7": null, "avg_field_8": null, "avg_field_9": null, "avg_field_10": null}, "geometry": {"type": "Point", "coordinates": [58.73, 29.84]}}, {"type": "Feature", "properties": {"station_id": "P05", "name": "г. Луга", "river": "р. Луга", "lat": 58.73, "lon": 29.84, "avg_river": "р. Луга", "avg_year": 2018, "avg_parameter": "ХПК", "avg_value": 2.4, "avg_unit": "мг О2/л", "avg_comment": "Химическое потрепление кислорода", "avg_field_7": null, "avg_field_8": null, "avg_field_9": null, "avg_field_10": null}, "geometry": {"type": "Point", "coordinates": [58.73, 29.84]}}, {"type": "Feature", "properties": {"station_id": "P05", "name": "г. Луга", "river": "р. Луга", "lat": 58.73, "lon": 29.84, "avg_river": "р. Луга", "avg_year": 2017, "avg_parameter": "Mn", "avg_value": null, "avg_unit": "мг/л", "avg_comment": "Марганец", "avg_field_7": null, "avg_field_8": null, "avg_field_9": null, "avg_field_10": null}, "geometry": {"type": "Point", "coordinates": [58.73, 29.84]}}, {"type": "Feature", "properties": {"station_id": "P05", "name": "г. Луга", "river": "р. Луга", "lat": 58.73, "lon": 29.84, "avg_river": "р. Луга", "avg_year": 2017, "avg_parameter": "Cd", "avg_value": null, "avg_unit": "мг/л", "avg_comment": "Кадмий", "avg_field_7": null, "avg_field_8": null, "avg_field_9": null, "avg_field_10": null}, "geometry": {"type": "Point", "coordinates": [58.73, 29.84]}}, {"type": "Feature", "properties": {"station_id": "P05", "name": "г. Луга", "river": "р. Луга", "lat": 58.73, "lon": 29.84, "avg_river": "р. Луга", "avg_year": 2017, "avg_parameter": "Cu", "avg_value": 3.4, "avg_unit": "мг/л", "avg_comment": "Медь", "avg_field_7": null, "avg_field_8": null, "avg_field_9": null, "avg_field_10": null}, "geometry": {"type": "Point", "coordinates": [58.73, 29.84]}}, {"type": "Feature", "properties": {"station_id": "P05", "name": "г. Луга", "river": "р. Луга", "lat": 58.73, "lon": 29.84, "avg_river": "р. Луга", "avg_year": 2017, "avg_parameter": "Feобщ", "avg_value": 4.6, "avg_unit": "мг/л", "avg_comment": "Железо общее", "avg_field_7": null, "avg_field_8": null, "avg_field_9": null, "avg_field_10": null}, "geometry": {"type": "Point", "coordinates": [58.73, 29.84]}}, {"type": "Feature", "properties": {"station_id": "P05", "name": "г. Луга", "river": "р. Луга", "lat": 58.73, "lon": 29.84, "avg_river": "р. Луга", "avg_year": 2017, "avg_parameter": "NO₂", "avg_value": null, "avg_unit": "мг/л", "avg_comment": "Нитриты", "avg_field_7": null, "avg_field_8": null, "avg_field_9": null, "avg_field_10": null}, "geometry": {"type": "Point", "coordinates": [58.73, 29.84]}}, {"type": "Feature", "properties": {"station_id": "P05", "name": "г. Луга", "river": "р. Луга", "lat": 58.73, "lon": 29.84, "avg_river": "р. Луга", "avg_year": 2017, "avg_parameter": "ХПК", "avg_value": 3.8, "avg_unit": "мг О2/л", "avg_comment": "Химическое потрепление кислорода", "avg_field_7": null, "avg_field_8": null, "avg_field_9": null, "avg_field_10": null}, "geometry": {"type": "Point", "coordinates": [58.73, 29.84]}}, {"type": "Feature", "properties": {"station_id": "P05", "name": "г. Луга", "river": "р. Луга", "lat": 58.73, "lon": 29.84, "avg_river": "р. Луга", "avg_year": 2016, "avg_parameter": "Mn", "avg_value": null, "avg_unit": "мг/л", "avg_comment": "Марганец", "avg_field_7": null, "avg_field_8": null, "avg_field_9": null, "avg_field_10": null}, "geometry": {"type": "Point", "coordinates": [58.73, 29.84]}}, {"type": "Feature", "properties": {"station_id": "P05", "name": "г. Луга", "river": "р. Луга", "lat": 58.73, "lon": 29.84, "avg_river": "р. Луга", "avg_year": 2016, "avg_parameter": "Cd", "avg_value": null, "avg_unit": "мг/л", "avg_comment": "Кадмий", "avg_field_7": null, "avg_field_8": null, "avg_field_9": null, "avg_field_10": null}, "geometry": {"type": "Point", "coordinates": [58.73, 29.84]}}, {"type": "Feature", "properties": {"station_id": "P05", "name": "г. Луга", "river": "р. Луга", "lat": 58.73, "lon": 29.84, "avg_river": "р. Луга", "avg_year": 2016, "avg_parameter": "Cu", "avg_value": null, "avg_unit": "мг/л", "avg_comment": "Медь", "avg_field_7": null, "avg_field_8": null, "avg_field_9": null, "avg_field_10": null}, "geometry": {"type": "Point", "coordinates": [58.73, 29.84]}}, {"type": "Feature", "properties": {"station_id": "P05", "name": "г. Луга", "river": "р. Луга", "lat": 58.73, "lon": 29.84, "avg_river": "р. Луга", "avg_year": 2016, "avg_parameter": "Feобщ", "avg_value": null, "avg_unit": "мг/л", "avg_comment": "Железо общее", "avg_field_7": null, "avg_field_8": null, "avg_field_9": null, "avg_field_10": null}, "geometry": {"type": "Point", "coordinates": [58.73, 29.84]}}, {"type": "Feature", "properties": {"station_id": "P05", "name": "г. Луга", "river": "р. Луга", "lat": 58.73, "lon": 29.84, "avg_river": "р. Луга", "avg_year": 2016, "avg_parameter": "NO₂", "avg_value": null, "avg_unit": "мг/л", "avg_comment": "Нитриты", "avg_field_7": null, "avg_field_8": null, "avg_field_9": null, "avg_field_10": null}, "geometry": {"type": "Point", "coordinates": [58.73, 29.84]}}, {"type": "Feature", "properties": {"station_id": "P05", "name": "г. Луга", "river": "р. Луга", "lat": 58.73, "lon": 29.84, "avg_river": "р. Луга", "avg_year": 2016, "avg_parameter": "ХПК", "avg_value": null, "avg_unit": "мг О2/л", "avg_comment": "Химическое потрепление кислорода", "avg_field_7": null, "avg_field_8": null, "avg_field_9": null, "avg_field_10": null}, "geometry": {"type": "Point", "coordinates": [58.73, 29.84]}}, {"type": "Feature", "properties": {"station_id": "P05", "name": "г. Луга", "river": "р. Луга", "lat": 58.73, "lon": 29.84, "avg_river": "р. Луга", "avg_year": 2015, "avg_parameter": "Mn", "avg_value": 1.4, "avg_unit": "мг/л", "avg_comment": "Марганец", "avg_field_7": null, "avg_field_8": null, "avg_field_9": null, "avg_field_10": null}, "geometry": {"type": "Point", "coordinates": [58.73, 29.84]}}, {"type": "Feature", "properties": {"station_id": "P05", "name": "г. Луга", "river": "р. Луга", "lat": 58.73, "lon": 29.84, "avg_river": "р. Луга", "avg_year": 2015, "avg_parameter": "Cd", "avg_value": null, "avg_unit": "мг/л", "avg_comment": "Кадмий", "avg_field_7": null, "avg_field_8": null, "avg_field_9": null, "avg_field_10": null}, "geometry": {"type": "Point", "coordinates": [58.73, 29.84]}}, {"type": "Feature", "properties": {"station_id": "P05", "name": "г. Луга", "river": "р. Луга", "lat": 58.73, "lon": 29.84, "avg_river": "р. Луга", "avg_year": 2015, "avg_parameter": "Cu", "avg_value": 3.9, "avg_unit": "мг/л", "avg_comment": "Медь", "avg_field_7": null, "avg_field_8": null, "avg_field_9": null, "avg_field_10": null}, "geometry": {"type": "Point", "coordinates": [58.73, 29.84]}}, {"type": "Feature", "properties": {"station_id": "P05", "name": "г. Луга", "river": "р. Луга", "lat": 58.73, "lon": 29.84, "avg_river": "р. Луга", "avg_year": 2015, "avg_parameter": "Feобщ", "avg_value": 1.4, "avg_unit": "мг/л", "avg_comment": "Железо общее", "avg_field_7": null, "avg_field_8": null, "avg_field_9": null, "avg_field_10": null}, "geometry": {"type": "Point", "coordinates": [58.73, 29.84]}}, {"type": "Feature", "properties": {"station_id": "P05", "name": "г. Луга", "river": "р. Луга", "lat": 58.73, "lon": 29.84, "avg_river": "р. Луга", "avg_year": 2015, "avg_parameter": "NO₂", "avg_value": null, "avg_unit": "мг/л", "avg_comment": "Нитриты", "avg_field_7": null, "avg_field_8": null, "avg_field_9": null, "avg_field_10": null}, "geometry": {"type": "Point", "coordinates": [58.73, 29.84]}}, {"type": "Feature", "properties": {"station_id": "P05", "name": "г. Луга", "river": "р. Луга", "lat": 58.73, "lon": 29.84, "avg_river": "р. Луга", "avg_year": 2015, "avg_parameter": "ХПК", "avg_value": 2.2, "avg_unit": "мг О2/л", "avg_comment": "Химическое потрепление кислорода", "avg_field_7": null, "avg_field_8": null, "avg_field_9": null, "avg_field_10": null}, "geometry": {"type": "Point", "coordinates": [58.73, 29.84]}}, {"type": "Feature", "properties": {"station_id": "P05", "name": "г. Луга", "river": "р. Луга", "lat": 58.73, "lon": 29.84, "avg_river": "р. Луга", "avg_year": 2014, "avg_parameter": "Mn", "avg_value": 3.6, "avg_unit": "мг/л", "avg_comment": "Марганец", "avg_field_7": null, "avg_field_8": null, "avg_field_9": null, "avg_field_10": null}, "geometry": {"type": "Point", "coordinates": [58.73, 29.84]}}, {"type": "Feature", "properties": {"station_id": "P05", "name": "г. Луга", "river": "р. Луга", "lat": 58.73, "lon": 29.84, "avg_river": "р. Луга", "avg_year": 2014, "avg_parameter": "Cd", "avg_value": null, "avg_unit": "мг/л", "avg_comment": "Кадмий", "avg_field_7": null, "avg_field_8": null, "avg_field_9": null, "avg_field_10": null}, "geometry": {"type": "Point", "coordinates": [58.73, 29.84]}}, {"type": "Feature", "properties": {"station_id": "P05", "name": "г. Луга", "river": "р. Луга", "lat": 58.73, "lon": 29.84, "avg_river": "р. Луга", "avg_year": 2014, "avg_parameter": "Cu", "avg_value": 2.0, "avg_unit": "мг/л", "avg_comment": "Медь", "avg_field_7": null, "avg_field_8": null, "avg_field_9": null, "avg_field_10": null}, "geometry": {"type": "Point", "coordinates": [58.73, 29.84]}}, {"type": "Feature", "properties": {"station_id": "P05", "name": "г. Луга", "river": "р. Луга", "lat": 58.73, "lon": 29.84, "avg_river": "р. Луга", "avg_year": 2014, "avg_parameter": "Feобщ", "avg_value": 3.9, "avg_unit": "мг/л", "avg_comment": "Железо общее", "avg_field_7": null, "avg_field_8": null, "avg_field_9": null, "avg_field_10": null}, "geometry": {"type": "Point", "coordinates": [58.73, 29.84]}}, {"type": "Feature", "properties": {"station_id": "P05", "name": "г. Луга", "river": "р. Луга", "lat": 58.73, "lon": 29.84, "avg_river": "р. Луга", "avg_year": 2014, "avg_parameter": "NO₂", "avg_value": null, "avg_unit": "мг/л", "avg_comment": "Нитриты", "avg_field_7": null, "avg_field_8": null, "avg_field_9": null, "avg_field_10": null}, "geometry": {"type": "Point", "coordinates": [58.73, 29.84]}}, {"type": "Feature", "properties": {"station_id": "P05", "name": "г. Луга", "river": "р. Луга", "lat": 58.73, "lon": 29.84, "avg_river": "р. Луга", "avg_year": 2014, "avg_parameter": "ХПК", "avg_value": 2.9, "avg_unit": "мг О2/л", "avg_comment": "Химическое потрепление кислорода", "avg_field_7": null, "avg_field_8": null, "avg_field_9": null, "avg_field_10": null}, "geometry": {"type": "Point", "coordinates": [58.73, 29.84]}}, {"type": "Feature", "properties": {"station_id": "P05", "name": "г. Луга", "river": "р. Луга", "lat": 58.73, "lon": 29.84, "avg_river": "р. Луга", "avg_year": 2013, "avg_parameter": "Mn", "avg_value": 5.3, "avg_unit": "мг/л", "avg_comment": "Марганец", "avg_field_7": null, "avg_field_8": null, "avg_field_9": null, "avg_field_10": null}, "geometry": {"type": "Point", "coordinates": [58.73, 29.84]}}, {"type": "Feature", "properties": {"station_id": "P05", "name": "г. Луга", "river": "р. Луга", "lat": 58.73, "lon": 29.84, "avg_river": "р. Луга", "avg_year": 2013, "avg_parameter": "Cd", "avg_value": null, "avg_unit": "мг/л", "avg_comment": "Кадмий", "avg_field_7": null, "avg_field_8": null, "avg_field_9": null, "avg_field_10": null}, "geometry": {"type": "Point", "coordinates": [58.73, 29.84]}}, {"type": "Feature", "properties": {"station_id": "P05", "name": "г. Луга", "river": "р. Луга", "lat": 58.73, "lon": 29.84, "avg_river": "р. Луга", "avg_year": 2013, "avg_parameter": "Cu", "avg_value": 2.9, "avg_unit": "мг/л", "avg_comment": "Медь", "avg_field_7": null, "avg_field_8": null, "avg_field_9": null, "avg_field_10": null}, "geometry": {"type": "Point", "coordinates": [58.73, 29.84]}}, {"type": "Feature", "properties": {"station_id": "P05", "name": "г. Луга", "river": "р. Луга", "lat": 58.73, "lon": 29.84, "avg_river": "р. Луга", "avg_year": 2013, "avg_parameter": "Feобщ", "avg_value": 6.1, "avg_unit": "мг/л", "avg_comment": "Железо общее", "avg_field_7": null, "avg_field_8": null, "avg_field_9": null, "avg_field_10": null}, "geometry": {"type": "Point", "coordinates": [58.73, 29.84]}}, {"type": "Feature", "properties": {"station_id": "P05", "name": "г. Луга", "river": "р. Луга", "lat": 58.73, "lon": 29.84, "avg_river": "р. Луга", "avg_year": 2013, "avg_parameter": "NO₂", "avg_value": 1.8, "avg_unit": "мг/л", "avg_comment": "Нитриты", "avg_field_7": null, "avg_field_8": null, "avg_field_9": null, "avg_field_10": null}, "geometry": {"type": "Point", "coordinates": [58.73, 29.84]}}, {"type": "Feature", "properties": {"station_id": "P05", "name": "г. Луга", "river": "р. Луга", "lat": 58.73, "lon": 29.84, "avg_river": "р. Луга", "avg_year": 2013, "avg_parameter": "ХПК", "avg_value": 2.9, "avg_unit": "мг О2/л", "avg_comment": "Химическое потрепление кислорода", "avg_field_7": null, "avg_field_8": null, "avg_field_9": null, "avg_field_10": null}, "geometry": {"type": "Point", "coordinates": [58.73, 29.84]}}, {"type": "Feature", "properties": {"station_id": "P05", "name": "г. Луга", "river": "р. Луга", "lat": 58.73, "lon": 29.84, "avg_river": "р. Луга", "avg_year": 2012, "avg_parameter": "Mn", "avg_value": 5.6, "avg_unit": "мг/л", "avg_comment": "Марганец", "avg_field_7": null, "avg_field_8": null, "avg_field_9": null, "avg_field_10": null}, "geometry": {"type": "Point", "coordinates": [58.73, 29.84]}}, {"type": "Feature", "properties": {"station_id": "P05", "name": "г. Луга", "river": "р. Луга", "lat": 58.73, "lon": 29.84, "avg_river": "р. Луга", "avg_year": 2012, "avg_parameter": "Cd", "avg_value": null, "avg_unit": "мг/л", "avg_comment": "Кадмий", "avg_field_7": null, "avg_field_8": null, "avg_field_9": null, "avg_field_10": null}, "geometry": {"type": "Point", "coordinates": [58.73, 29.84]}}, {"type": "Feature", "properties": {"station_id": "P05", "name": "г. Луга", "river": "р. Луга", "lat": 58.73, "lon": 29.84, "avg_river": "р. Луга", "avg_year": 2012, "avg_parameter": "Cu", "avg_value": 3.2, "avg_unit": "мг/л", "avg_comment": "Медь", "avg_field_7": null, "avg_field_8": null, "avg_field_9": null, "avg_field_10": null}, "geometry": {"type": "Point", "coordinates": [58.73, 29.84]}}, {"type": "Feature", "properties": {"station_id": "P05", "name": "г. Луга", "river": "р. Луга", "lat": 58.73, "lon": 29.84, "avg_river": "р. Луга", "avg_year": 2012, "avg_parameter": "Feобщ", "avg_value": 5.0, "avg_unit": "мг/л", "avg_comment": "Железо общее", "avg_field_7": null, "avg_field_8": null, "avg_field_9": null, "avg_field_10": null}, "geometry": {"type": "Point", "coordinates": [58.73, 29.84]}}, {"type": "Feature", "properties": {"station_id": "P05", "name": "г. Луга", "river": "р. Луга", "lat": 58.73, "lon": 29.84, "avg_river": "р. Луга", "avg_year": 2012, "avg_parameter": "NO₂", "avg_value": 3.2, "avg_unit": "мг/л", "avg_comment": "Нитриты", "avg_field_7": null, "avg_field_8": null, "avg_field_9": null, "avg_field_10": null}, "geometry": {"type": "Point", "coordinates": [58.73, 29.84]}}, {"type": "Feature", "properties": {"station_id": "P05", "name": "г. Луга", "river": "р. Луга", "lat": 58.73, "lon": 29.84, "avg_river": "р. Луга", "avg_year": 2012, "avg_parameter": "ХПК", "avg_value": 3.2, "avg_unit": "мг О2/л", "avg_comment": "Химическое потрепление кислорода", "avg_field_7": null, "avg_field_8": null, "avg_field_9": null, "avg_field_10": null}, "geometry": {"type": "Point", "coordinates": [58.73, 29.84]}}, {"type": "Feature", "properties": {"station_id": "P05", "name": "г. Луга", "river": "р. Луга", "lat": 58.73, "lon": 29.84, "avg_river": "р. Луга", "avg_year": 2011, "avg_parameter": "Mn", "avg_value": 10.8, "avg_unit": "мг/л", "avg_comment": "Марганец", "avg_field_7": null, "avg_field_8": null, "avg_field_9": null, "avg_field_10": null}, "geometry": {"type": "Point", "coordinates": [58.73, 29.84]}}, {"type": "Feature", "properties": {"station_id": "P05", "name": "г. Луга", "river": "р. Луга", "lat": 58.73, "lon": 29.84, "avg_river": "р. Луга", "avg_year": 2011, "avg_parameter": "Cd", "avg_value": 1.2, "avg_unit": "мг/л", "avg_comment": "Кадмий", "avg_field_7": null, "avg_field_8": null, "avg_field_9": null, "avg_field_10": null}, "geometry": {"type": "Point", "coordinates": [58.73, 29.84]}}, {"type": "Feature", "properties": {"station_id": "P05", "name": "г. Луга", "river": "р. Луга", "lat": 58.73, "lon": 29.84, "avg_river": "р. Луга", "avg_year": 2011, "avg_parameter": "Cu", "avg_value": 4.1, "avg_unit": "мг/л", "avg_comment": "Медь", "avg_field_7": null, "avg_field_8": null, "avg_field_9": null, "avg_field_10": null}, "geometry": {"type": "Point", "coordinates": [58.73, 29.84]}}, {"type": "Feature", "properties": {"station_id": "P05", "name": "г. Луга", "river": "р. Луга", "lat": 58.73, "lon": 29.84, "avg_river": "р. Луга", "avg_year": 2011, "avg_parameter": "Feобщ", "avg_value": 8.5, "avg_unit": "мг/л", "avg_comment": "Железо общее", "avg_field_7": null, "avg_field_8": null, "avg_field_9": null, "avg_field_10": null}, "geometry": {"type": "Point", "coordinates": [58.73, 29.84]}}, {"type": "Feature", "properties": {"station_id": "P05", "name": "г. Луга", "river": "р. Луга", "lat": 58.73, "lon": 29.84, "avg_river": "р. Луга", "avg_year": 2011, "avg_parameter": "NO₂", "avg_value": 4.5, "avg_unit": "мг/л", "avg_comment": "Нитриты", "avg_field_7": null, "avg_field_8": null, "avg_field_9": null, "avg_field_10": null}, "geometry": {"type": "Point", "coordinates": [58.73, 29.84]}}, {"type": "Feature", "properties": {"station_id": "P05", "name": "г. Луга", "river": "р. Луга", "lat": 58.73, "lon": 29.84, "avg_river": "р. Луга", "avg_year": 2011, "avg_parameter": "ХПК", "avg_value": 2.3, "avg_unit": "мг О2/л", "avg_comment": "Химическое потрепление кислорода", "avg_field_7": null, "avg_field_8": null, "avg_field_9": null, "avg_field_10": null}, "geometry": {"type": "Point", "coordinates": [58.73, 29.84]}}, {"type": "Feature", "properties": {"station_id": "P05", "name": "г. Луга", "river": "р. Луга", "lat": 58.73, "lon": 29.84, "avg_river": "р. Луга", "avg_year": 2010, "avg_parameter": "Mn", "avg_value": 15.6, "avg_unit": "мг/л", "avg_comment": "Марганец", "avg_field_7": null, "avg_field_8": null, "avg_field_9": null, "avg_field_10": null}, "geometry": {"type": "Point", "coordinates": [58.73, 29.84]}}, {"type": "Feature", "properties": {"station_id": "P05", "name": "г. Луга", "river": "р. Луга", "lat": 58.73, "lon": 29.84, "avg_river": "р. Луга", "avg_year": 2010, "avg_parameter": "Cd", "avg_value": null, "avg_unit": "мг/л", "avg_comment": "Кадмий", "avg_field_7": null, "avg_field_8": null, "avg_field_9": null, "avg_field_10": null}, "geometry": {"type": "Point", "coordinates": [58.73, 29.84]}}, {"type": "Feature", "properties": {"station_id": "P05", "name": "г. Луга", "river": "р. Луга", "lat": 58.73, "lon": 29.84, "avg_river": "р. Луга", "avg_year": 2010, "avg_parameter": "Cu", "avg_value": 3.4, "avg_unit": "мг/л", "avg_comment": "Медь", "avg_field_7": null, "avg_field_8": null, "avg_field_9": null, "avg_field_10": null}, "geometry": {"type": "Point", "coordinates": [58.73, 29.84]}}, {"type": "Feature", "properties": {"station_id": "P05", "name": "г. Луга", "river": "р. Луга", "lat": 58.73, "lon": 29.84, "avg_river": "р. Луга", "avg_year": 2010, "avg_parameter": "Feобщ", "avg_value": 4.8, "avg_unit": "мг/л", "avg_comment": "Железо общее", "avg_field_7": null, "avg_field_8": null, "avg_field_9": null, "avg_field_10": null}, "geometry": {"type": "Point", "coordinates": [58.73, 29.84]}}, {"type": "Feature", "properties": {"station_id": "P05", "name": "г. Луга", "river": "р. Луга", "lat": 58.73, "lon": 29.84, "avg_river": "р. Луга", "avg_year": 2010, "avg_parameter": "NO₂", "avg_value": 11.2, "avg_unit": "мг/л", "avg_comment": "Нитриты", "avg_field_7": null, "avg_field_8": null, "avg_field_9": null, "avg_field_10": null}, "geometry": {"type": "Point", "coordinates": [58.73, 29.84]}}, {"type": "Feature", "properties": {"station_id": "P05", "name": "г. Луга", "river": "р. Луга", "lat": 58.73, "lon": 29.84, "avg_river": "р. Луга", "avg_year": 2010, "avg_parameter": "ХПК", "avg_value": 2.8, "avg_unit": "мг О2/л", "avg_comment": "Химическое потрепление кислорода", "avg_field_7": null, "avg_field_8": null, "avg_field_9": null, "avg_field_10": null}, "geometry": {"type": "Point", "coordinates": [58.73, 29.84]}}, {"type": "Feature", "properties": {"station_id": "P06", "name": "м-н. Шалово", "river": "р. Луга", "lat": 58.768535, "lon": 29.908967, "avg_river": "р. Луга", "avg_year": 2024, "avg_parameter": "Mn", "avg_value": null, "avg_unit": "мг/л", "avg_comment": "Марганец", "avg_field_7": null, "avg_field_8": null, "avg_field_9": null, "avg_field_10": null}, "geometry": {"type": "Point", "coordinates": [58.768535, 29.908967]}}, {"type": "Feature", "properties": {"station_id": "P06", "name": "м-н. Шалово", "river": "р. Луга", "lat": 58.768535, "lon": 29.908967, "avg_river": "р. Луга", "avg_year": 2024, "avg_parameter": "Cd", "avg_value": null, "avg_unit": "мг/л", "avg_comment": "Кадмий", "avg_field_7": null, "avg_field_8": null, "avg_field_9": null, "avg_field_10": null}, "geometry": {"type": "Point", "coordinates": [58.768535, 29.908967]}}, {"type": "Feature", "properties": {"station_id": "P06", "name": "м-н. Шалово", "river": "р. Луга", "lat": 58.768535, "lon": 29.908967, "avg_river": "р. Луга", "avg_year": 2024, "avg_parameter": "Cu", "avg_value": 11.0, "avg_unit": "мг/л", "avg_comment": "Медь", "avg_field_7": null, "avg_field_8": null, "avg_field_9": null, "avg_field_10": null}, "geometry": {"type": "Point", "coordinates": [58.768535, 29.908967]}}, {"type": "Feature", "properties": {"station_id": "P06", "name": "м-н. Шалово", "river": "р. Луга", "lat": 58.768535, "lon": 29.908967, "avg_river": "р. Луга", "avg_year": 2024, "avg_parameter": "Feобщ", "avg_value": 1.5, "avg_unit": "мг/л", "avg_comment": "Железо общее", "avg_field_7": null, "avg_field_8": null, "avg_field_9": null, "avg_field_10": null}, "geometry": {"type": "Point", "coordinates": [58.768535, 29.908967]}}, {"type": "Feature", "properties": {"station_id": "P06", "name": "м-н. Шалово", "river": "р. Луга", "lat": 58.768535, "lon": 29.908967, "avg_river": "р. Луга", "avg_year": 2024, "avg_parameter": "NO₂", "avg_value": 8.7, "avg_unit": "мг/л", "avg_comment": "Нитриты", "avg_field_7": null, "avg_field_8": null, "avg_field_9": null, "avg_field_10": null}, "geometry": {"type": "Point", "coordinates": [58.768535, 29.908967]}}, {"type": "Feature", "properties": {"station_id": "P06", "name": "м-н. Шалово", "river": "р. Луга", "lat": 58.768535, "lon": 29.908967, "avg_river": "р. Луга", "avg_year": 2024, "avg_parameter": "ХПК", "avg_value": 3.1, "avg_unit": "мг О2/л", "avg_comment": "Химическое потрепление кислорода", "avg_field_7": null, "avg_field_8": null, "avg_field_9": null, "avg_field_10": null}, "geometry": {"type": "Point", "coordinates": [58.768535, 29.908967]}}, {"type": "Feature", "properties": {"station_id": "P06", "name": "м-н. Шалово", "river": "р. Луга", "lat": 58.768535, "lon": 29.908967, "avg_river": "р. Луга", "avg_year": 2023, "avg_parameter": "Mn", "avg_value": null, "avg_unit": "мг/л", "avg_comment": "Марганец", "avg_field_7": null, "avg_field_8": null, "avg_field_9": null, "avg_field_10": null}, "geometry": {"type": "Point", "coordinates": [58.768535, 29.908967]}}, {"type": "Feature", "properties": {"station_id": "P06", "name": "м-н. Шалово", "river": "р. Луга", "lat": 58.768535, "lon": 29.908967, "avg_river": "р. Луга", "avg_year": 2023, "avg_parameter": "Cd", "avg_value": null, "avg_unit": "мг/л", "avg_comment": "Кадмий", "avg_field_7": null, "avg_field_8": null, "avg_field_9": null, "avg_field_10": null}, "geometry": {"type": "Point", "coordinates": [58.768535, 29.908967]}}, {"type": "Feature", "properties": {"station_id": "P06", "name": "м-н. Шалово", "river": "р. Луга", "lat": 58.768535, "lon": 29.908967, "avg_river": "р. Луга", "avg_year": 2023, "avg_parameter": "Cu", "avg_value": 6.6, "avg_unit": "мг/л", "avg_comment": "Медь", "avg_field_7": null, "avg_field_8": null, "avg_field_9": null, "avg_field_10": null}, "geometry": {"type": "Point", "coordinates": [58.768535, 29.908967]}}, {"type": "Feature", "properties": {"station_id": "P06", "name": "м-н. Шалово", "river": "р. Луга", "lat": 58.768535, "lon": 29.908967, "avg_river": "р. Луга", "avg_year": 2023, "avg_parameter": "Feобщ", "avg_value": 1.2, "avg_unit": "мг/л", "avg_comment": "Железо общее", "avg_field_7": null, "avg_field_8": null, "avg_field_9": null, "avg_field_10": null}, "geometry": {"type": "Point", "coordinates": [58.768535, 29.908967]}}, {"type": "Feature", "properties": {"station_id": "P06", "name": "м-н. Шалово", "river": "р. Луга", "lat": 58.768535, "lon": 29.908967, "avg_river": "р. Луга", "avg_year": 2023, "avg_parameter": "NO₂", "avg_value": null, "avg_unit": "мг/л", "avg_comment": "Нитриты", "avg_field_7": null, "avg_field_8": null, "avg_field_9": null, "avg_field_10": null}, "geometry": {"type": "Point", "coordinates": [58.768535, 29.908967]}}, {"type": "Feature", "properties": {"station_id": "P06", "name": "м-н. Шалово", "river": "р. Луга", "lat": 58.768535, "lon": 29.908967, "avg_river": "р. Луга", "avg_year": 2023, "avg_parameter": "ХПК", "avg_value": 2.0, "avg_unit": "мг О2/л", "avg_comment": "Химическое потрепление кислорода", "avg_field_7": null, "avg_field_8": null, "avg_field_9": null, "avg_field_10": null}, "geometry": {"type": "Point", "coordinates": [58.768535, 29.908967]}}, {"type": "Feature", "properties": {"station_id": "P06", "name": "м-н. Шалово", "river": "р. Луга", "lat": 58.768535, "lon": 29.908967, "avg_river": "р. Луга", "avg_year": 2022, "avg_parameter": "Mn", "avg_value": null, "avg_unit": "мг/л", "avg_comment": "Марганец", "avg_field_7": null, "avg_field_8": null, "avg_field_9": null, "avg_field_10": null}, "geometry": {"type": "Point", "coordinates": [58.768535, 29.908967]}}, {"type": "Feature", "properties": {"station_id": "P06", "name": "м-н. Шалово", "river": "р. Луга", "lat": 58.768535, "lon": 29.908967, "avg_river": "р. Луга", "avg_year": 2022, "avg_parameter": "Cd", "avg_value": null, "avg_unit": "мг/л", "avg_comment": "Кадмий", "avg_field_7": null, "avg_field_8": null, "avg_field_9": null, "avg_field_10": null}, "geometry": {"type": "Point", "coordinates": [58.768535, 29.908967]}}, {"type": "Feature", "properties": {"station_id": "P06", "name": "м-н. Шалово", "river": "р. Луга", "lat": 58.768535, "lon": 29.908967, "avg_river": "р. Луга", "avg_year": 2022, "avg_parameter": "Cu", "avg_value": 6.4, "avg_unit": "мг/л", "avg_comment": "Медь", "avg_field_7": null, "avg_field_8": null, "avg_field_9": null, "avg_field_10": null}, "geometry": {"type": "Point", "coordinates": [58.768535, 29.908967]}}, {"type": "Feature", "properties": {"station_id": "P06", "name": "м-н. Шалово", "river": "р. Луга", "lat": 58.768535, "lon": 29.908967, "avg_river": "р. Луга", "avg_year": 2022, "avg_parameter": "Feобщ", "avg_value": 1.0, "avg_unit": "мг/л", "avg_comment": "Железо общее", "avg_field_7": null, "avg_field_8": null, "avg_field_9": null, "avg_field_10": null}, "geometry": {"type": "Point", "coordinates": [58.768535, 29.908967]}}, {"type": "Feature", "properties": {"station_id": "P06", "name": "м-н. Шалово", "river": "р. Луга", "lat": 58.768535, "lon": 29.908967, "avg_river": "р. Луга", "avg_year": 2022, "avg_parameter": "NO₂", "avg_value": null, "avg_unit": "мг/л", "avg_comment": "Нитриты", "avg_field_7": null, "avg_field_8": null, "avg_field_9": null, "avg_field_10": null}, "geometry": {"type": "Point", "coordinates": [58.768535, 29.908967]}}, {"type": "Feature", "properties": {"station_id": "P06", "name": "м-н. Шалово", "river": "р. Луга", "lat": 58.768535, "lon": 29.908967, "avg_river": "р. Луга", "avg_year": 2022, "avg_parameter": "ХПК", "avg_value": 2.9, "avg_unit": "мг О2/л", "avg_comment": "Химическое потрепление кислорода", "avg_field_7": null, "avg_field_8": null, "avg_field_9": null, "avg_field_10": null}, "geometry": {"type": "Point", "coordinates": [58.768535, 29.908967]}}, {"type": "Feature", "properties": {"station_id": "P06", "name": "м-н. Шалово", "river": "р. Луга", "lat": 58.768535, "lon": 29.908967, "avg_river": "р. Луга", "avg_year": 2021, "avg_parameter": "Mn", "avg_value": null, "avg_unit": "мг/л", "avg_comment": "Марганец", "avg_field_7": null, "avg_field_8": null, "avg_field_9": null, "avg_field_10": null}, "geometry": {"type": "Point", "coordinates": [58.768535, 29.908967]}}, {"type": "Feature", "properties": {"station_id": "P06", "name": "м-н. Шалово", "river": "р. Луга", "lat": 58.768535, "lon": 29.908967, "avg_river": "р. Луга", "avg_year": 2021, "avg_parameter": "Cd", "avg_value": null, "avg_unit": "мг/л", "avg_comment": "Кадмий", "avg_field_7": null, "avg_field_8": null, "avg_field_9": null, "avg_field_10": null}, "geometry": {"type": "Point", "coordinates": [58.768535, 29.908967]}}, {"type": "Feature", "properties": {"station_id": "P06", "name": "м-н. Шалово", "river": "р. Луга", "lat": 58.768535, "lon": 29.908967, "avg_river": "р. Луга", "avg_year": 2021, "avg_parameter": "Cu", "avg_value": 7.7, "avg_unit": "мг/л", "avg_comment": "Медь", "avg_field_7": null, "avg_field_8": null, "avg_field_9": null, "avg_field_10": null}, "geometry": {"type": "Point", "coordinates": [58.768535, 29.908967]}}, {"type": "Feature", "properties": {"station_id": "P06", "name": "м-н. Шалово", "river": "р. Луга", "lat": 58.768535, "lon": 29.908967, "avg_river": "р. Луга", "avg_year": 2021, "avg_parameter": "Feобщ", "avg_value": 2.0, "avg_unit": "мг/л", "avg_comment": "Железо общее", "avg_field_7": null, "avg_field_8": null, "avg_field_9": null, "avg_field_10": null}, "geometry": {"type": "Point", "coordinates": [58.768535, 29.908967]}}, {"type": "Feature", "properties": {"station_id": "P06", "name": "м-н. Шалово", "river": "р. Луга", "lat": 58.768535, "lon": 29.908967, "avg_river": "р. Луга", "avg_year": 2021, "avg_parameter": "NO₂", "avg_value": 3.6, "avg_unit": "мг/л", "avg_comment": "Нитриты", "avg_field_7": null, "avg_field_8": null, "avg_field_9": null, "avg_field_10": null}, "geometry": {"type": "Point", "coordinates": [58.768535, 29.908967]}}, {"type": "Feature", "properties": {"station_id": "P06", "name": "м-н. Шалово", "river": "р. Луга", "lat": 58.768535, "lon": 29.908967, "avg_river": "р. Луга", "avg_year": 2021, "avg_parameter": "ХПК", "avg_value": 2.6, "avg_unit": "мг О2/л", "avg_comment": "Химическое потрепление кислорода", "avg_field_7": null, "avg_field_8": null, "avg_field_9": null, "avg_field_10": null}, "geometry": {"type": "Point", "coordinates": [58.768535, 29.908967]}}, {"type": "Feature", "properties": {"station_id": "P06", "name": "м-н. Шалово", "river": "р. Луга", "lat": 58.768535, "lon": 29.908967, "avg_river": "р. Луга", "avg_year": 2020, "avg_parameter": "Mn", "avg_value": null, "avg_unit": "мг/л", "avg_comment": "Марганец", "avg_field_7": null, "avg_field_8": null, "avg_field_9": null, "avg_field_10": null}, "geometry": {"type": "Point", "coordinates": [58.768535, 29.908967]}}, {"type": "Feature", "properties": {"station_id": "P06", "name": "м-н. Шалово", "river": "р. Луга", "lat": 58.768535, "lon": 29.908967, "avg_river": "р. Луга", "avg_year": 2020, "avg_parameter": "Cd", "avg_value": null, "avg_unit": "мг/л", "avg_comment": "Кадмий", "avg_field_7": null, "avg_field_8": null, "avg_field_9": null, "avg_field_10": null}, "geometry": {"type": "Point", "coordinates": [58.768535, 29.908967]}}, {"type": "Feature", "properties": {"station_id": "P06", "name": "м-н. Шалово", "river": "р. Луга", "lat": 58.768535, "lon": 29.908967, "avg_river": "р. Луга", "avg_year": 2020, "avg_parameter": "Cu", "avg_value": 8.0, "avg_unit": "мг/л", "avg_comment": "Медь", "avg_field_7": null, "avg_field_8": null, "avg_field_9": null, "avg_field_10": null}, "geometry": {"type": "Point", "coordinates": [58.768535, 29.908967]}}, {"type": "Feature", "properties": {"station_id": "P06", "name": "м-н. Шалово", "river": "р. Луга", "lat": 58.768535, "lon": 29.908967, "avg_river": "р. Луга", "avg_year": 2020, "avg_parameter": "Feобщ", "avg_value": 1.5, "avg_unit": "мг/л", "avg_comment": "Железо общее", "avg_field_7": null, "avg_field_8": null, "avg_field_9": null, "avg_field_10": null}, "geometry": {"type": "Point", "coordinates": [58.768535, 29.908967]}}, {"type": "Feature", "properties": {"station_id": "P06", "name": "м-н. Шалово", "river": "р. Луга", "lat": 58.768535, "lon": 29.908967, "avg_river": "р. Луга", "avg_year": 2020, "avg_parameter": "NO₂", "avg_value": 3.3, "avg_unit": "мг/л", "avg_comment": "Нитриты", "avg_field_7": null, "avg_field_8": null, "avg_field_9": null, "avg_field_10": null}, "geometry": {"type": "Point", "coordinates": [58.768535, 29.908967]}}, {"type": "Feature", "properties": {"station_id": "P06", "name": "м-н. Шалово", "river": "р. Луга", "lat": 58.768535, "lon": 29.908967, "avg_river": "р. Луга", "avg_year": 2020, "avg_parameter": "ХПК", "avg_value": 2.4, "avg_unit": "мг О2/л", "avg_comment": "Химическое потрепление кислорода", "avg_field_7": null, "avg_field_8": null, "avg_field_9": null, "avg_field_10": null}, "geometry": {"type": "Point", "coordinates": [58.768535, 29.908967]}}, {"type": "Feature", "properties": {"station_id": "P06", "name": "м-н. Шалово", "river": "р. Луга", "lat": 58.768535, "lon": 29.908967, "avg_river": "р. Луга", "avg_year": 2019, "avg_parameter": "Mn", "avg_value": 1.5, "avg_unit": "мг/л", "avg_comment": "Марганец", "avg_field_7": null, "avg_field_8": null, "avg_field_9": null, "avg_field_10": null}, "geometry": {"type": "Point", "coordinates": [58.768535, 29.908967]}}, {"type": "Feature", "properties": {"station_id": "P06", "name": "м-н. Шалово", "river": "р. Луга", "lat": 58.768535, "lon": 29.908967, "avg_river": "р. Луга", "avg_year": 2019, "avg_parameter": "Cd", "avg_value": null, "avg_unit": "мг/л", "avg_comment": "Кадмий", "avg_field_7": null, "avg_field_8": null, "avg_field_9": null, "avg_field_10": null}, "geometry": {"type": "Point", "coordinates": [58.768535, 29.908967]}}, {"type": "Feature", "properties": {"station_id": "P06", "name": "м-н. Шалово", "river": "р. Луга", "lat": 58.768535, "lon": 29.908967, "avg_river": "р. Луга", "avg_year": 2019, "avg_parameter": "Cu", "avg_value": 3.6, "avg_unit": "мг/л", "avg_comment": "Медь", "avg_field_7": null, "avg_field_8": null, "avg_field_9": null, "avg_field_10": null}, "geometry": {"type": "Point", "coordinates": [58.768535, 29.908967]}}, {"type": "Feature", "properties": {"station_id": "P06", "name": "м-н. Шалово", "river": "р. Луга", "lat": 58.768535, "lon": 29.908967, "avg_river": "р. Луга", "avg_year": 2019, "avg_parameter": "Feобщ", "avg_value": 2.0, "avg_unit": "мг/л", "avg_comment": "Железо общее", "avg_field_7": null, "avg_field_8": null, "avg_field_9": null, "avg_field_10": null}, "geometry": {"type": "Point", "coordinates": [58.768535, 29.908967]}}, {"type": "Feature", "properties": {"station_id": "P06", "name": "м-н. Шалово", "river": "р. Луга", "lat": 58.768535, "lon": 29.908967, "avg_river": "р. Луга", "avg_year": 2019, "avg_parameter": "NO₂", "avg_value": null, "avg_unit": "мг/л", "avg_comment": "Нитриты", "avg_field_7": null, "avg_field_8": null, "avg_field_9": null, "avg_field_10": null}, "geometry": {"type": "Point", "coordinates": [58.768535, 29.908967]}}, {"type": "Feature", "properties": {"station_id": "P06", "name": "м-н. Шалово", "river": "р. Луга", "lat": 58.768535, "lon": 29.908967, "avg_river": "р. Луга", "avg_year": 2019, "avg_parameter": "ХПК", "avg_value": 3.3, "avg_unit": "мг О2/л", "avg_comment": "Химическое потрепление кислорода", "avg_field_7": null, "avg_field_8": null, "avg_field_9": null, "avg_field_10": null}, "geometry": {"type": "Point", "coordinates": [58.768535, 29.908967]}}, {"type": "Feature", "properties": {"station_id": "P06", "name": "м-н. Шалово", "river": "р. Луга", "lat": 58.768535, "lon": 29.908967, "avg_river": "р. Луга", "avg_year": 2018, "avg_parameter": "Mn", "avg_value": 2.7, "avg_unit": "мг/л", "avg_comment": "Марганец", "avg_field_7": null, "avg_field_8": null, "avg_field_9": null, "avg_field_10": null}, "geometry": {"type": "Point", "coordinates": [58.768535, 29.908967]}}, {"type": "Feature", "properties": {"station_id": "P06", "name": "м-н. Шалово", "river": "р. Луга", "lat": 58.768535, "lon": 29.908967, "avg_river": "р. Луга", "avg_year": 2018, "avg_parameter": "Cd", "avg_value": null, "avg_unit": "мг/л", "avg_comment": "Кадмий", "avg_field_7": null, "avg_field_8": null, "avg_field_9": null, "avg_field_10": null}, "geometry": {"type": "Point", "coordinates": [58.768535, 29.908967]}}, {"type": "Feature", "properties": {"station_id": "P06", "name": "м-н. Шалово", "river": "р. Луга", "lat": 58.768535, "lon": 29.908967, "avg_river": "р. Луга", "avg_year": 2018, "avg_parameter": "Cu", "avg_value": 4.6, "avg_unit": "мг/л", "avg_comment": "Медь", "avg_field_7": null, "avg_field_8": null, "avg_field_9": null, "avg_field_10": null}, "geometry": {"type": "Point", "coordinates": [58.768535, 29.908967]}}, {"type": "Feature", "properties": {"station_id": "P06", "name": "м-н. Шалово", "river": "р. Луга", "lat": 58.768535, "lon": 29.908967, "avg_river": "р. Луга", "avg_year": 2018, "avg_parameter": "Feобщ", "avg_value": 2.4, "avg_unit": "мг/л", "avg_comment": "Железо общее", "avg_field_7": null, "avg_field_8": null, "avg_field_9": null, "avg_field_10": null}, "geometry": {"type": "Point", "coordinates": [58.768535, 29.908967]}}, {"type": "Feature", "properties": {"station_id": "P06", "name": "м-н. Шалово", "river": "р. Луга", "lat": 58.768535, "lon": 29.908967, "avg_river": "р. Луга", "avg_year": 2018, "avg_parameter": "NO₂", "avg_value": null, "avg_unit": "мг/л", "avg_comment": "Нитриты", "avg_field_7": null, "avg_field_8": null, "avg_field_9": null, "avg_field_10": null}, "geometry": {"type": "Point", "coordinates": [58.768535, 29.908967]}}, {"type": "Feature", "properties": {"station_id": "P06", "name": "м-н. Шалово", "river": "р. Луга", "lat": 58.768535, "lon": 29.908967, "avg_river": "р. Луга", "avg_year": 2018, "avg_parameter": "ХПК", "avg_value": 2.4, "avg_unit": "мг О2/л", "avg_comment": "Химическое потрепление кислорода", "avg_field_7": null, "avg_field_8": null, "avg_field_9": null, "avg_field_10": null}, "geometry": {"type": "Point", "coordinates": [58.768535, 29.908967]}}, {"type": "Feature", "properties": {"station_id": "P06", "name": "м-н. Шалово", "river": "р. Луга", "lat": 58.768535, "lon": 29.908967, "avg_river": "р. Луга", "avg_year": 2017, "avg_parameter": "Mn", "avg_value": null, "avg_unit": "мг/л", "avg_comment": "Марганец", "avg_field_7": null, "avg_field_8": null, "avg_field_9": null, "avg_field_10": null}, "geometry": {"type": "Point", "coordinates": [58.768535, 29.908967]}}, {"type": "Feature", "properties": {"station_id": "P06", "name": "м-н. Шалово", "river": "р. Луга", "lat": 58.768535, "lon": 29.908967, "avg_river": "р. Луга", "avg_year": 2017, "avg_parameter": "Cd", "avg_value": null, "avg_unit": "мг/л", "avg_comment": "Кадмий", "avg_field_7": null, "avg_field_8": null, "avg_field_9": null, "avg_field_10": null}, "geometry": {"type": "Point", "coordinates": [58.768535, 29.908967]}}, {"type": "Feature", "properties": {"station_id": "P06", "name": "м-н. Шалово", "river": "р. Луга", "lat": 58.768535, "lon": 29.908967, "avg_river": "р. Луга", "avg_year": 2017, "avg_parameter": "Cu", "avg_value": 3.4, "avg_unit": "мг/л", "avg_comment": "Медь", "avg_field_7": null, "avg_field_8": null, "avg_field_9": null, "avg_field_10": null}, "geometry": {"type": "Point", "coordinates": [58.768535, 29.908967]}}, {"type": "Feature", "properties": {"station_id": "P06", "name": "м-н. Шалово", "river": "р. Луга", "lat": 58.768535, "lon": 29.908967, "avg_river": "р. Луга", "avg_year": 2017, "avg_parameter": "Feобщ", "avg_value": 4.6, "avg_unit": "мг/л", "avg_comment": "Железо общее", "avg_field_7": null, "avg_field_8": null, "avg_field_9": null, "avg_field_10": null}, "geometry": {"type": "Point", "coordinates": [58.768535, 29.908967]}}, {"type": "Feature", "properties": {"station_id": "P06", "name": "м-н. Шалово", "river": "р. Луга", "lat": 58.768535, "lon": 29.908967, "avg_river": "р. Луга", "avg_year": 2017, "avg_parameter": "NO₂", "avg_value": null, "avg_unit": "мг/л", "avg_comment": "Нитриты", "avg_field_7": null, "avg_field_8": null, "avg_field_9": null, "avg_field_10": null}, "geometry": {"type": "Point", "coordinates": [58.768535, 29.908967]}}, {"type": "Feature", "properties": {"station_id": "P06", "name": "м-н. Шалово", "river": "р. Луга", "lat": 58.768535, "lon": 29.908967, "avg_river": "р. Луга", "avg_year": 2017, "avg_parameter": "ХПК", "avg_value": 3.8, "avg_unit": "мг О2/л", "avg_comment": "Химическое потрепление кислорода", "avg_field_7": null, "avg_field_8": null, "avg_field_9": null, "avg_field_10": null}, "geometry": {"type": "Point", "coordinates": [58.768535, 29.908967]}}, {"type": "Feature", "properties": {"station_id": "P06", "name": "м-н. Шалово", "river": "р. Луга", "lat": 58.768535, "lon": 29.908967, "avg_river": "р. Луга", "avg_year": 2016, "avg_parameter": "Mn", "avg_value": null, "avg_unit": "мг/л", "avg_comment": "Марганец", "avg_field_7": null, "avg_field_8": null, "avg_field_9": null, "avg_field_10": null}, "geometry": {"type": "Point", "coordinates": [58.768535, 29.908967]}}, {"type": "Feature", "properties": {"station_id": "P06", "name": "м-н. Шалово", "river": "р. Луга", "lat": 58.768535, "lon": 29.908967, "avg_river": "р. Луга", "avg_year": 2016, "avg_parameter": "Cd", "avg_value": null, "avg_unit": "мг/л", "avg_comment": "Кадмий", "avg_field_7": null, "avg_field_8": null, "avg_field_9": null, "avg_field_10": null}, "geometry": {"type": "Point", "coordinates": [58.768535, 29.908967]}}, {"type": "Feature", "properties": {"station_id": "P06", "name": "м-н. Шалово", "river": "р. Луга", "lat": 58.768535, "lon": 29.908967, "avg_river": "р. Луга", "avg_year": 2016, "avg_parameter": "Cu", "avg_value": null, "avg_unit": "мг/л", "avg_comment": "Медь", "avg_field_7": null, "avg_field_8": null, "avg_field_9": null, "avg_field_10": null}, "geometry": {"type": "Point", "coordinates": [58.768535, 29.908967]}}, {"type": "Feature", "properties": {"station_id": "P06", "name": "м-н. Шалово", "river": "р. Луга", "lat": 58.768535, "lon": 29.908967, "avg_river": "р. Луга", "avg_year": 2016, "avg_parameter": "Feобщ", "avg_value": null, "avg_unit": "мг/л", "avg_comment": "Железо общее", "avg_field_7": null, "avg_field_8": null, "avg_field_9": null, "avg_field_10": null}, "geometry": {"type": "Point", "coordinates": [58.768535, 29.908967]}}, {"type": "Feature", "properties": {"station_id": "P06", "name": "м-н. Шалово", "river": "р. Луга", "lat": 58.768535, "lon": 29.908967, "avg_river": "р. Луга", "avg_year": 2016, "avg_parameter": "NO₂", "avg_value": null, "avg_unit": "мг/л", "avg_comment": "Нитриты", "avg_field_7": null, "avg_field_8": null, "avg_field_9": null, "avg_field_10": null}, "geometry": {"type": "Point", "coordinates": [58.768535, 29.908967]}}, {"type": "Feature", "properties": {"station_id": "P06", "name": "м-н. Шалово", "river": "р. Луга", "lat": 58.768535, "lon": 29.908967, "avg_river": "р. Луга", "avg_year": 2016, "avg_parameter": "ХПК", "avg_value": null, "avg_unit": "мг О2/л", "avg_comment": "Химическое потрепление кислорода", "avg_field_7": null, "avg_field_8": null, "avg_field_9": null, "avg_field_10": null}, "geometry": {"type": "Point", "coordinates": [58.768535, 29.908967]}}, {"type": "Feature", "properties": {"station_id": "P06", "name": "м-н. Шалово", "river": "р. Луга", "lat": 58.768535, "lon": 29.908967, "avg_river": "р. Луга", "avg_year": 2015, "avg_parameter": "Mn", "avg_value": 1.4, "avg_unit": "мг/л", "avg_comment": "Марганец", "avg_field_7": null, "avg_field_8": null, "avg_field_9": null, "avg_field_10": null}, "geometry": {"type": "Point", "coordinates": [58.768535, 29.908967]}}, {"type": "Feature", "properties": {"station_id": "P06", "name": "м-н. Шалово", "river": "р. Луга", "lat": 58.768535, "lon": 29.908967, "avg_river": "р. Луга", "avg_year": 2015, "avg_parameter": "Cd", "avg_value": null, "avg_unit": "мг/л", "avg_comment": "Кадмий", "avg_field_7": null, "avg_field_8": null, "avg_field_9": null, "avg_field_10": null}, "geometry": {"type": "Point", "coordinates": [58.768535, 29.908967]}}, {"type": "Feature", "properties": {"station_id": "P06", "name": "м-н. Шалово", "river": "р. Луга", "lat": 58.768535, "lon": 29.908967, "avg_river": "р. Луга", "avg_year": 2015, "avg_parameter": "Cu", "avg_value": 3.9, "avg_unit": "мг/л", "avg_comment": "Медь", "avg_field_7": null, "avg_field_8": null, "avg_field_9": null, "avg_field_10": null}, "geometry": {"type": "Point", "coordinates": [58.768535, 29.908967]}}, {"type": "Feature", "properties": {"station_id": "P06", "name": "м-н. Шалово", "river": "р. Луга", "lat": 58.768535, "lon": 29.908967, "avg_river": "р. Луга", "avg_year": 2015, "avg_parameter": "Feобщ", "avg_value": 1.4, "avg_unit": "мг/л", "avg_comment": "Железо общее", "avg_field_7": null, "avg_field_8": null, "avg_field_9": null, "avg_field_10": null}, "geometry": {"type": "Point", "coordinates": [58.768535, 29.908967]}}, {"type": "Feature", "properties": {"station_id": "P06", "name": "м-н. Шалово", "river": "р. Луга", "lat": 58.768535, "lon": 29.908967, "avg_river": "р. Луга", "avg_year": 2015, "avg_parameter": "NO₂", "avg_value": null, "avg_unit": "мг/л", "avg_comment": "Нитриты", "avg_field_7": null, "avg_field_8": null, "avg_field_9": null, "avg_field_10": null}, "geometry": {"type": "Point", "coordinates": [58.768535, 29.908967]}}, {"type": "Feature", "properties": {"station_id": "P06", "name": "м-н. Шалово", "river": "р. Луга", "lat": 58.768535, "lon": 29.908967, "avg_river": "р. Луга", "avg_year": 2015, "avg_parameter": "ХПК", "avg_value": 2.2, "avg_unit": "мг О2/л", "avg_comment": "Химическое потрепление кислорода", "avg_field_7": null, "avg_field_8": null, "avg_field_9": null, "avg_field_10": null}, "geometry": {"type": "Point", "coordinates": [58.768535, 29.908967]}}, {"type": "Feature", "properties": {"station_id": "P06", "name": "м-н. Шалово", "river": "р. Луга", "lat": 58.768535, "lon": 29.908967, "avg_river": "р. Луга", "avg_year": 2014, "avg_parameter": "Mn", "avg_value": 3.6, "avg_unit": "мг/л", "avg_comment": "Марганец", "avg_field_7": null, "avg_field_8": null, "avg_field_9": null, "avg_field_10": null}, "geometry": {"type": "Point", "coordinates": [58.768535, 29.908967]}}, {"type": "Feature", "properties": {"station_id": "P06", "name": "м-н. Шалово", "river": "р. Луга", "lat": 58.768535, "lon": 29.908967, "avg_river": "р. Луга", "avg_year": 2014, "avg_parameter": "Cd", "avg_value": null, "avg_unit": "мг/л", "avg_comment": "Кадмий", "avg_field_7": null, "avg_field_8": null, "avg_field_9": null, "avg_field_10": null}, "geometry": {"type": "Point", "coordinates": [58.768535, 29.908967]}}, {"type": "Feature", "properties": {"station_id": "P06", "name": "м-н. Шалово", "river": "р. Луга", "lat": 58.768535, "lon": 29.908967, "avg_river": "р. Луга", "avg_year": 2014, "avg_parameter": "Cu", "avg_value": 2.0, "avg_unit": "мг/л", "avg_comment": "Медь", "avg_field_7": null, "avg_field_8": null, "avg_field_9": null, "avg_field_10": null}, "geometry": {"type": "Point", "coordinates": [58.768535, 29.908967]}}, {"type": "Feature", "properties": {"station_id": "P06", "name": "м-н. Шалово", "river": "р. Луга", "lat": 58.768535, "lon": 29.908967, "avg_river": "р. Луга", "avg_year": 2014, "avg_parameter": "Feобщ", "avg_value": 3.9, "avg_unit": "мг/л", "avg_comment": "Железо общее", "avg_field_7": null, "avg_field_8": null, "avg_field_9": null, "avg_field_10": null}, "geometry": {"type": "Point", "coordinates": [58.768535, 29.908967]}}, {"type": "Feature", "properties": {"station_id": "P06", "name": "м-н. Шалово", "river": "р. Луга", "lat": 58.768535, "lon": 29.908967, "avg_river": "р. Луга", "avg_year": 2014, "avg_parameter": "NO₂", "avg_value": null, "avg_unit": "мг/л", "avg_comment": "Нитриты", "avg_field_7": null, "avg_field_8": null, "avg_field_9": null, "avg_field_10": null}, "geometry": {"type": "Point", "coordinates": [58.768535, 29.908967]}}, {"type": "Feature", "properties": {"station_id": "P06", "name": "м-н. Шалово", "river": "р. Луга", "lat": 58.768535, "lon": 29.908967, "avg_river": "р. Луга", "avg_year": 2014, "avg_parameter": "ХПК", "avg_value": 2.9, "avg_unit": "мг О2/л", "avg_comment": "Химическое потрепление кислорода", "avg_field_7": null, "avg_field_8": null, "avg_field_9": null, "avg_field_10": null}, "geometry": {"type": "Point", "coordinates": [58.768535, 29.908967]}}, {"type": "Feature", "properties": {"station_id": "P06", "name": "м-н. Шалово", "river": "р. Луга", "lat": 58.768535, "lon": 29.908967, "avg_river": "р. Луга", "avg_year": 2013, "avg_parameter": "Mn", "avg_value": 5.3, "avg_unit": "мг/л", "avg_comment": "Марганец", "avg_field_7": null, "avg_field_8": null, "avg_field_9": null, "avg_field_10": null}, "geometry": {"type": "Point", "coordinates": [58.768535, 29.908967]}}, {"type": "Feature", "properties": {"station_id": "P06", "name": "м-н. Шалово", "river": "р. Луга", "lat": 58.768535, "lon": 29.908967, "avg_river": "р. Луга", "avg_year": 2013, "avg_parameter": "Cd", "avg_value": null, "avg_unit": "мг/л", "avg_comment": "Кадмий", "avg_field_7": null, "avg_field_8": null, "avg_field_9": null, "avg_field_10": null}, "geometry": {"type": "Point", "coordinates": [58.768535, 29.908967]}}, {"type": "Feature", "properties": {"station_id": "P06", "name": "м-н. Шалово", "river": "р. Луга", "lat": 58.768535, "lon": 29.908967, "avg_river": "р. Луга", "avg_year": 2013, "avg_parameter": "Cu", "avg_value": 2.9, "avg_unit": "мг/л", "avg_comment": "Медь", "avg_field_7": null, "avg_field_8": null, "avg_field_9": null, "avg_field_10": null}, "geometry": {"type": "Point", "coordinates": [58.768535, 29.908967]}}, {"type": "Feature", "properties": {"station_id": "P06", "name": "м-н. Шалово", "river": "р. Луга", "lat": 58.768535, "lon": 29.908967, "avg_river": "р. Луга", "avg_year": 2013, "avg_parameter": "Feобщ", "avg_value": 6.1, "avg_unit": "мг/л", "avg_comment": "Железо общее", "avg_field_7": null, "avg_field_8": null, "avg_field_9": null, "avg_field_10": null}, "geometry": {"type": "Point", "coordinates": [58.768535, 29.908967]}}, {"type": "Feature", "properties": {"station_id": "P06", "name": "м-н. Шалово", "river": "р. Луга", "lat": 58.768535, "lon": 29.908967, "avg_river": "р. Луга", "avg_year": 2013, "avg_parameter": "NO₂", "avg_value": 1.8, "avg_unit": "мг/л", "avg_comment": "Нитриты", "avg_field_7": null, "avg_field_8": null, "avg_field_9": null, "avg_field_10": null}, "geometry": {"type": "Point", "coordinates": [58.768535, 29.908967]}}, {"type": "Feature", "properties": {"station_id": "P06", "name": "м-н. Шалово", "river": "р. Луга", "lat": 58.768535, "lon": 29.908967, "avg_river": "р. Луга", "avg_year": 2013, "avg_parameter": "ХПК", "avg_value": 2.9, "avg_unit": "мг О2/л", "avg_comment": "Химическое потрепление кислорода", "avg_field_7": null, "avg_field_8": null, "avg_field_9": null, "avg_field_10": null}, "geometry": {"type": "Point", "coordinates": [58.768535, 29.908967]}}, {"type": "Feature", "properties": {"station_id": "P06", "name": "м-н. Шалово", "river": "р. Луга", "lat": 58.768535, "lon": 29.908967, "avg_river": "р. Луга", "avg_year": 2012, "avg_parameter": "Mn", "avg_value": 5.6, "avg_unit": "мг/л", "avg_comment": "Марганец", "avg_field_7": null, "avg_field_8": null, "avg_field_9": null, "avg_field_10": null}, "geometry": {"type": "Point", "coordinates": [58.768535, 29.908967]}}, {"type": "Feature", "properties": {"station_id": "P06", "name": "м-н. Шалово", "river": "р. Луга", "lat": 58.768535, "lon": 29.908967, "avg_river": "р. Луга", "avg_year": 2012, "avg_parameter": "Cd", "avg_value": null, "avg_unit": "мг/л", "avg_comment": "Кадмий", "avg_field_7": null, "avg_field_8": null, "avg_field_9": null, "avg_field_10": null}, "geometry": {"type": "Point", "coordinates": [58.768535, 29.908967]}}, {"type": "Feature", "properties": {"station_id": "P06", "name": "м-н. Шалово", "river": "р. Луга", "lat": 58.768535, "lon": 29.908967, "avg_river": "р. Луга", "avg_year": 2012, "avg_parameter": "Cu", "avg_value": 3.2, "avg_unit": "мг/л", "avg_comment": "Медь", "avg_field_7": null, "avg_field_8": null, "avg_field_9": null, "avg_field_10": null}, "geometry": {"type": "Point", "coordinates": [58.768535, 29.908967]}}, {"type": "Feature", "properties": {"station_id": "P06", "name": "м-н. Шалово", "river": "р. Луга", "lat": 58.768535, "lon": 29.908967, "avg_river": "р. Луга", "avg_year": 2012, "avg_parameter": "Feобщ", "avg_value": 5.0, "avg_unit": "мг/л", "avg_comment": "Железо общее", "avg_field_7": null, "avg_field_8": null, "avg_field_9": null, "avg_field_10": null}, "geometry": {"type": "Point", "coordinates": [58.768535, 29.908967]}}, {"type": "Feature", "properties": {"station_id": "P06", "name": "м-н. Шалово", "river": "р. Луга", "lat": 58.768535, "lon": 29.908967, "avg_river": "р. Луга", "avg_year": 2012, "avg_parameter": "NO₂", "avg_value": 3.2, "avg_unit": "мг/л", "avg_comment": "Нитриты", "avg_field_7": null, "avg_field_8": null, "avg_field_9": null, "avg_field_10": null}, "geometry": {"type": "Point", "coordinates": [58.768535, 29.908967]}}, {"type": "Feature", "properties": {"station_id": "P06", "name": "м-н. Шалово", "river": "р. Луга", "lat": 58.768535, "lon": 29.908967, "avg_river": "р. Луга", "avg_year": 2012, "avg_parameter": "ХПК", "avg_value": 3.2, "avg_unit": "мг О2/л", "avg_comment": "Химическое потрепление кислорода", "avg_field_7": null, "avg_field_8": null, "avg_field_9": null, "avg_field_10": null}, "geometry": {"type": "Point", "coordinates": [58.768535, 29.908967]}}, {"type": "Feature", "properties": {"station_id": "P06", "name": "м-н. Шалово", "river": "р. Луга", "lat": 58.768535, "lon": 29.908967, "avg_river": "р. Луга", "avg_year": 2011, "avg_parameter": "Mn", "avg_value": 10.8, "avg_unit": "мг/л", "avg_comment": "Марганец", "avg_field_7": null, "avg_field_8": null, "avg_field_9": null, "avg_field_10": null}, "geometry": {"type": "Point", "coordinates": [58.768535, 29.908967]}}, {"type": "Feature", "properties": {"station_id": "P06", "name": "м-н. Шалово", "river": "р. Луга", "lat": 58.768535, "lon": 29.908967, "avg_river": "р. Луга", "avg_year": 2011, "avg_parameter": "Cd", "avg_value": 1.2, "avg_unit": "мг/л", "avg_comment": "Кадмий", "avg_field_7": null, "avg_field_8": null, "avg_field_9": null, "avg_field_10": null}, "geometry": {"type": "Point", "coordinates": [58.768535, 29.908967]}}, {"type": "Feature", "properties": {"station_id": "P06", "name": "м-н. Шалово", "river": "р. Луга", "lat": 58.768535, "lon": 29.908967, "avg_river": "р. Луга", "avg_year": 2011, "avg_parameter": "Cu", "avg_value": 4.1, "avg_unit": "мг/л", "avg_comment": "Медь", "avg_field_7": null, "avg_field_8": null, "avg_field_9": null, "avg_field_10": null}, "geometry": {"type": "Point", "coordinates": [58.768535, 29.908967]}}, {"type": "Feature", "properties": {"station_id": "P06", "name": "м-н. Шалово", "river": "р. Луга", "lat": 58.768535, "lon": 29.908967, "avg_river": "р. Луга", "avg_year": 2011, "avg_parameter": "Feобщ", "avg_value": 8.5, "avg_unit": "мг/л", "avg_comment": "Железо общее", "avg_field_7": null, "avg_field_8": null, "avg_field_9": null, "avg_field_10": null}, "geometry": {"type": "Point", "coordinates": [58.768535, 29.908967]}}, {"type": "Feature", "properties": {"station_id": "P06", "name": "м-н. Шалово", "river": "р. Луга", "lat": 58.768535, "lon": 29.908967, "avg_river": "р. Луга", "avg_year": 2011, "avg_parameter": "NO₂", "avg_value": 4.5, "avg_unit": "мг/л", "avg_comment": "Нитриты", "avg_field_7": null, "avg_field_8": null, "avg_field_9": null, "avg_field_10": null}, "geometry": {"type": "Point", "coordinates": [58.768535, 29.908967]}}, {"type": "Feature", "properties": {"station_id": "P06", "name": "м-н. Шалово", "river": "р. Луга", "lat": 58.768535, "lon": 29.908967, "avg_river": "р. Луга", "avg_year": 2011, "avg_parameter": "ХПК", "avg_value": 2.3, "avg_unit": "мг О2/л", "avg_comment": "Химическое потрепление кислорода", "avg_field_7": null, "avg_field_8": null, "avg_field_9": null, "avg_field_10": null}, "geometry": {"type": "Point", "coordinates": [58.768535, 29.908967]}}, {"type": "Feature", "properties": {"station_id": "P06", "name": "м-н. Шалово", "river": "р. Луга", "lat": 58.768535, "lon": 29.908967, "avg_river": "р. Луга", "avg_year": 2010, "avg_parameter": "Mn", "avg_value": 15.6, "avg_unit": "мг/л", "avg_comment": "Марганец", "avg_field_7": null, "avg_field_8": null, "avg_field_9": null, "avg_field_10": null}, "geometry": {"type": "Point", "coordinates": [58.768535, 29.908967]}}, {"type": "Feature", "properties": {"station_id": "P06", "name": "м-н. Шалово", "river": "р. Луга", "lat": 58.768535, "lon": 29.908967, "avg_river": "р. Луга", "avg_year": 2010, "avg_parameter": "Cd", "avg_value": null, "avg_unit": "мг/л", "avg_comment": "Кадмий", "avg_field_7": null, "avg_field_8": null, "avg_field_9": null, "avg_field_10": null}, "geometry": {"type": "Point", "coordinates": [58.768535, 29.908967]}}, {"type": "Feature", "properties": {"station_id": "P06", "name": "м-н. Шалово", "river": "р. Луга", "lat": 58.768535, "lon": 29.908967, "avg_river": "р. Луга", "avg_year": 2010, "avg_parameter": "Cu", "avg_value": 3.4, "avg_unit": "мг/л", "avg_comment": "Медь", "avg_field_7": null, "avg_field_8": null, "avg_field_9": null, "avg_field_10": null}, "geometry": {"type": "Point", "coordinates": [58.768535, 29.908967]}}, {"type": "Feature", "properties": {"station_id": "P06", "name": "м-н. Шалово", "river": "р. Луга", "lat": 58.768535, "lon": 29.908967, "avg_river": "р. Луга", "avg_year": 2010, "avg_parameter": "Feобщ", "avg_value": 4.8, "avg_unit": "мг/л", "avg_comment": "Железо общее", "avg_field_7": null, "avg_field_8": null, "avg_field_9": null, "avg_field_10": null}, "geometry": {"type": "Point", "coordinates": [58.768535, 29.908967]}}, {"type": "Feature", "properties": {"station_id": "P06", "name": "м-н. Шалово", "river": "р. Луга", "lat": 58.768535, "lon": 29.908967, "avg_river": "р. Луга", "avg_year": 2010, "avg_parameter": "NO₂", "avg_value": 11.2, "avg_unit": "мг/л", "avg_comment": "Нитриты", "avg_field_7": null, "avg_field_8": null, "avg_field_9": null, "avg_field_10": null}, "geometry": {"type": "Point", "coordinates": [58.768535, 29.908967]}}, {"type": "Feature", "properties": {"station_id": "P06", "name": "м-н. Шалово", "river": "р. Луга", "lat": 58.768535, "lon": 29.908967, "avg_river": "р. Луга", "avg_year": 2010, "avg_parameter": "ХПК", "avg_value": 2.8, "avg_unit": "мг О2/л", "avg_comment": "Химическое потрепление кислорода", "avg_field_7": null, "avg_field_8": null, "avg_field_9": null, "avg_field_10": null}, "geometry": {"type": "Point", "coordinates": [58.768535, 29.908967]}}]}