{"type": "FeatureCollection", "name": "stations_own", "crs": {"type": "name", "properties": {"name": "urn:ogc:def:crs:OGC:1.3:CRS84"}}, "features": [{"type": "Feature", "properties": {"station_id": "P01", "name": "д. Горы", "river": "р. Мга", "lat": 59.761454, "lon": 30.977288, "own_station_id": "P01", "own_date": "Июль 2026", "own_parameter": "Cd", "own_value": 0.0, "own_unit": "мг/л", "own_comment": "Кадмий"}, "geometry": {"type": "Point", "coordinates": [59.761454, 30.977288]}}, {"type": "Feature", "properties": {"station_id": "P01", "name": "д. Горы", "river": "р. Мга", "lat": 59.761454, "lon": 30.977288, "own_station_id": "P01", "own_date": "Июль 2026", "own_parameter": "Pb", "own_value": 0.0, "own_unit": "мг/т", "own_comment": "Свинец"}, "geometry": {"type": "Point", "coordinates": [59.761454, 30.977288]}}, {"type": "Feature", "properties": {"station_id": "P01", "name": "д. Горы", "river": "р. Мга", "lat": 59.761454, "lon": 30.977288, "own_station_id": "P01", "own_date": "Июль 2026", "own_parameter": "Hg", "own_value": 0.0, "own_unit": "мг/л", "own_comment": "Ртуть"}, "geometry": {"type": "Point", "coordinates": [59.761454, 30.977288]}}, {"type": "Feature", "properties": {"station_id": "P01", "name": "д. Горы", "river": "р. Мга", "lat": 59.761454, "lon": 30.977288, "own_station_id": "P01", "own_date": "Июль 2026", "own_parameter": "Cr", "own_value": 0.0, "own_unit": "мг/л", "own_comment": "Хром"}, "geometry": {"type": "Point", "coordinates": [59.761454, 30.977288]}}, {"type": "Feature", "properties": {"station_id": "P01", "name": "д. Горы", "river": "р. Мга", "lat": 59.761454, "lon": 30.977288, "own_station_id": "P01", "own_date": "Июль 2026", "own_parameter": "Ca", "own_value": 10.0, "own_unit": "мг/л", "own_comment": "Кальций"}, "geometry": {"type": "Point", "coordinates": [59.761454, 30.977288]}}, {"type": "Feature", "properties": {"station_id": "P01", "name": "д. Горы", "river": "р. Мга", "lat": 59.761454, "lon": 30.977288, "own_station_id": "P01", "own_date": "Июль 2026", "own_parameter": "Mg", "own_value": 25.0, "own_unit": "мг/л", "own_comment": "Магний"}, "geometry": {"type": "Point", "coordinates": [59.761454, 30.977288]}}, {"type": "Feature", "properties": {"station_id": "P01", "name": "д. Горы", "river": "р. Мга", "lat": 59.761454, "lon": 30.977288, "own_station_id": "P01", "own_date": "Июль 2026", "own_parameter": "Zn", "own_value": 5.0, "own_unit": "мг/л", "own_comment": "Цинк"}, "geometry": {"type": "Point", "coordinates": [59.761454, 30.977288]}}, {"type": "Feature", "properties": {"station_id": "P01", "name": "д. Горы", "river": "р. Мга", "lat": 59.761454, "lon": 30.977288, "own_station_id": "P01", "own_date": "Июль 2026", "own_parameter": "Mn", "own_value": 0.0, "own_unit": "мг/т", "own_comment": "Марганец"}, "geometry": {"type": "Point", "coordinates": [59.761454, 30.977288]}}, {"type": "Feature", "properties": {"station_id": "P01", "name": "д. Горы", "river": "р. Мга", "lat": 59.761454, "lon": 30.977288, "own_station_id": "P01", "own_date": "Июль 2026", "own_parameter": "Fe", "own_value": 0.3, "own_unit": "мг/л", "own_comment": "Железо"}, "geometry": {"type": "Point", "coordinates": [59.761454, 30.977288]}}, {"type": "Feature", "properties": {"station_id": "P01", "name": "д. Горы", "river": "р. Мга", "lat": 59.761454, "lon": 30.977288, "own_station_id": "P01", "own_date": "Июль 2026", "own_parameter": "Cu", "own_value": 0.2, "own_unit": "мг/л", "own_comment": "Медь"}, "geometry": {"type": "Point", "coordinates": [59.761454, 30.977288]}}, {"type": "Feature", "properties": {"station_id": "P01", "name": "д. Горы", "river": "р. Мга", "lat": 59.761454, "lon": 30.977288, "own_station_id": "P01", "own_date": "Июль 2026", "own_parameter": "Feобщ", "own_value": 1.0, "own_unit": "мг/л", "own_comment": "Железо общее"}, "geometry": {"type": "Point", "coordinates": [59.761454, 30.977288]}}, {"type": "Feature", "properties": {"station_id": "P01", "name": "д. Горы", "river": "р. Мга", "lat": 59.761454, "lon": 30.977288, "own_station_id": "P01", "own_date": "Июль 2026", "own_parameter": "ПМО", "own_value": 15.0, "own_unit": "мг О2/л", "own_comment": "Перманганатная окисляемость"}, "geometry": {"type": "Point", "coordinates": [59.761454, 30.977288]}}, {"type": "Feature", "properties": {"station_id": "P01", "name": "д. Горы", "river": "р. Мга", "lat": 59.761454, "lon": 30.977288, "own_station_id": "P01", "own_date": "Июль 2026", "own_parameter": "Feраств​", "own_value": 0.3, "own_unit": "мг/л", "own_comment": "Железо растворенное"}, "geometry": {"type": "Point", "coordinates": [59.761454, 30.977288]}}, {"type": "Feature", "properties": {"station_id": "P01", "name": "д. Горы", "river": "р. Мга", "lat": 59.761454, "lon": 30.977288, "own_station_id": "P01", "own_date": "Июль 2026", "own_parameter": "Cl", "own_value": 0.0, "own_unit": "мг/л", "own_comment": "Хлор"}, "geometry": {"type": "Point", "coordinates": [59.761454, 30.977288]}}, {"type": "Feature", "properties": {"station_id": "P01", "name": "д. Горы", "river": "р. Мга", "lat": 59.761454, "lon": 30.977288, "own_station_id": "P01", "own_date": "Июль 2026", "own_parameter": "Жₒ", "own_value": 3.0, "own_unit": "Ж", "own_comment": "Жесткость"}, "geometry": {"type": "Point", "coordinates": [59.761454, 30.977288]}}, {"type": "Feature", "properties": {"station_id": "P01", "name": "д. Горы", "river": "р. Мга", "lat": 59.761454, "lon": 30.977288, "own_station_id": "P01", "own_date": "Июль 2026", "own_parameter": "NO₂", "own_value": 1.0, "own_unit": "мг/л", "own_comment": "Нитриты"}, "geometry": {"type": "Point", "coordinates": [59.761454, 30.977288]}}, {"type": "Feature", "properties": {"station_id": "P01", "name": "д. Горы", "river": "р. Мга", "lat": 59.761454, "lon": 30.977288, "own_station_id": "P01", "own_date": "Июль 2026", "own_parameter": "NO₃", "own_value": 10.0, "own_unit": "мг/л", "own_comment": "Нитраты"}, "geometry": {"type": "Point", "coordinates": [59.761454, 30.977288]}}, {"type": "Feature", "properties": {"station_id": "P01", "name": "д. Горы", "river": "р. Мга", "lat": 59.761454, "lon": 30.977288, "own_station_id": "P01", "own_date": "Июль 2026", "own_parameter": "рН", "own_value": 6.0, "own_unit": "-", "own_comment": "Кислотность"}, "geometry": {"type": "Point", "coordinates": [59.761454, 30.977288]}}, {"type": "Feature", "properties": {"station_id": "P01", "name": "д. Горы", "river": "р. Мга", "lat": 59.761454, "lon": 30.977288, "own_station_id": "P01", "own_date": "Май 2026", "own_parameter": "Cd", "own_value": 0.0, "own_unit": "мг/л", "own_comment": "Кадмий"}, "geometry": {"type": "Point", "coordinates": [59.761454, 30.977288]}}, {"type": "Feature", "properties": {"station_id": "P01", "name": "д. Горы", "river": "р. Мга", "lat": 59.761454, "lon": 30.977288, "own_station_id": "P01", "own_date": "Май 2026", "own_parameter": "Pb", "own_value": 0.0, "own_unit": "мг/т", "own_comment": "Свинец"}, "geometry": {"type": "Point", "coordinates": [59.761454, 30.977288]}}, {"type": "Feature", "properties": {"station_id": "P01", "name": "д. Горы", "river": "р. Мга", "lat": 59.761454, "lon": 30.977288, "own_station_id": "P01", "own_date": "Май 2026", "own_parameter": "Hg", "own_value": 0.0, "own_unit": "мг/л", "own_comment": "Ртуть"}, "geometry": {"type": "Point", "coordinates": [59.761454, 30.977288]}}, {"type": "Feature", "properties": {"station_id": "P01", "name": "д. Горы", "river": "р. Мга", "lat": 59.761454, "lon": 30.977288, "own_station_id": "P01", "own_date": "Май 2026", "own_parameter": "Cr", "own_value": 0.0, "own_unit": "мг/л", "own_comment": "Хром"}, "geometry": {"type": "Point", "coordinates": [59.761454, 30.977288]}}, {"type": "Feature", "properties": {"station_id": "P01", "name": "д. Горы", "river": "р. Мга", "lat": 59.761454, "lon": 30.977288, "own_station_id": "P01", "own_date": "Май 2026", "own_parameter": "Ca", "own_value": 10.0, "own_unit": "мг/л", "own_comment": "Кальций"}, "geometry": {"type": "Point", "coordinates": [59.761454, 30.977288]}}, {"type": "Feature", "properties": {"station_id": "P01", "name": "д. Горы", "river": "р. Мга", "lat": 59.761454, "lon": 30.977288, "own_station_id": "P01", "own_date": "Май 2026", "own_parameter": "Mg", "own_value": 25.0, "own_unit": "мг/л", "own_comment": "Магний"}, "geometry": {"type": "Point", "coordinates": [59.761454, 30.977288]}}, {"type": "Feature", "properties": {"station_id": "P01", "name": "д. Горы", "river": "р. Мга", "lat": 59.761454, "lon": 30.977288, "own_station_id": "P01", "own_date": "Май 2026", "own_parameter": "Zn", "own_value": 5.0, "own_unit": "мг/л", "own_comment": "Цинк"}, "geometry": {"type": "Point", "coordinates": [59.761454, 30.977288]}}, {"type": "Feature", "properties": {"station_id": "P01", "name": "д. Горы", "river": "р. Мга", "lat": 59.761454, "lon": 30.977288, "own_station_id": "P01", "own_date": "Май 2026", "own_parameter": "Mn", "own_value": 0.0, "own_unit": "мг/т", "own_comment": "Марганец"}, "geometry": {"type": "Point", "coordinates": [59.761454, 30.977288]}}, {"type": "Feature", "properties": {"station_id": "P01", "name": "д. Горы", "river": "р. Мга", "lat": 59.761454, "lon": 30.977288, "own_station_id": "P01", "own_date": "Май 2026", "own_parameter": "Fe", "own_value": 0.0, "own_unit": "мг/л", "own_comment": "Железо"}, "geometry": {"type": "Point", "coordinates": [59.761454, 30.977288]}}, {"type": "Feature", "properties": {"station_id": "P01", "name": "д. Горы", "river": "р. Мга", "lat": 59.761454, "lon": 30.977288, "own_station_id": "P01", "own_date": "Май 2026", "own_parameter": "Cu", "own_value": 0.0, "own_unit": "мг/л", "own_comment": "Медь"}, "geometry": {"type": "Point", "coordinates": [59.761454, 30.977288]}}, {"type": "Feature", "properties": {"station_id": "P01", "name": "д. Горы", "river": "р. Мга", "lat": 59.761454, "lon": 30.977288, "own_station_id": "P01", "own_date": "Май 2026", "own_parameter": "Feобщ", "own_value": 0.3, "own_unit": "мг/л", "own_comment": "Железо общее"}, "geometry": {"type": "Point", "coordinates": [59.761454, 30.977288]}}, {"type": "Feature", "properties": {"station_id": "P01", "name": "д. Горы", "river": "р. Мга", "lat": 59.761454, "lon": 30.977288, "own_station_id": "P01", "own_date": "Май 2026", "own_parameter": "ПМО", "own_value": 1.0, "own_unit": "мг О2/л", "own_comment": "Перманганатная окисляемость"}, "geometry": {"type": "Point", "coordinates": [59.761454, 30.977288]}}, {"type": "Feature", "properties": {"station_id": "P01", "name": "д. Горы", "river": "р. Мга", "lat": 59.761454, "lon": 30.977288, "own_station_id": "P01", "own_date": "Май 2026", "own_parameter": "Feраств​", "own_value": 0.3, "own_unit": "мг/л", "own_comment": "Железо растворенное"}, "geometry": {"type": "Point", "coordinates": [59.761454, 30.977288]}}, {"type": "Feature", "properties": {"station_id": "P01", "name": "д. Горы", "river": "р. Мга", "lat": 59.761454, "lon": 30.977288, "own_station_id": "P01", "own_date": "Май 2026", "own_parameter": "Cl", "own_value": 3.0, "own_unit": "мг/л", "own_comment": "Хлор"}, "geometry": {"type": "Point", "coordinates": [59.761454, 30.977288]}}, {"type": "Feature", "properties": {"station_id": "P01", "name": "д. Горы", "river": "р. Мга", "lat": 59.761454, "lon": 30.977288, "own_station_id": "P01", "own_date": "Май 2026", "own_parameter": "Жₒ", "own_value": 3.0, "own_unit": "Ж", "own_comment": "Жесткость"}, "geometry": {"type": "Point", "coordinates": [59.761454, 30.977288]}}, {"type": "Feature", "properties": {"station_id": "P01", "name": "д. Горы", "river": "р. Мга", "lat": 59.761454, "lon": 30.977288, "own_station_id": "P01", "own_date": "Май 2026", "own_parameter": "NO₂", "own_value": 0.0, "own_unit": "мг/л", "own_comment": "Нитриты"}, "geometry": {"type": "Point", "coordinates": [59.761454, 30.977288]}}, {"type": "Feature", "properties": {"station_id": "P01", "name": "д. Горы", "river": "р. Мга", "lat": 59.761454, "lon": 30.977288, "own_station_id": "P01", "own_date": "Май 2026", "own_parameter": "NO₃", "own_value": 0.0, "own_unit": "мг/л", "own_comment": "Нитраты"}, "geometry": {"type": "Point", "coordinates": [59.761454, 30.977288]}}, {"type": "Feature", "properties": {"station_id": "P01", "name": "д. Горы", "river": "р. Мга", "lat": 59.761454, "lon": 30.977288, "own_station_id": "P01", "own_date": "Май 2026", "own_parameter": "рН", "own_value": 6.0, "own_unit": "-", "own_comment": "Кислотность"}, "geometry": {"type": "Point", "coordinates": [59.761454, 30.977288]}}, {"type": "Feature", "properties": {"station_id": "P01", "name": "д. Горы", "river": "р. Мга", "lat": 59.761454, "lon": 30.977288, "own_station_id": "P01", "own_date": "Август 2025", "own_parameter": "Cd", "own_value": 0.0, "own_unit": "мг/л", "own_comment": "Кадмий"}, "geometry": {"type": "Point", "coordinates": [59.761454, 30.977288]}}, {"type": "Feature", "properties": {"station_id": "P01", "name": "д. Горы", "river": "р. Мга", "lat": 59.761454, "lon": 30.977288, "own_station_id": "P01", "own_date": "Август 2025", "own_parameter": "Pb", "own_value": 0.0, "own_unit": "мг/т", "own_comment": "Свинец"}, "geometry": {"type": "Point", "coordinates": [59.761454, 30.977288]}}, {"type": "Feature", "properties": {"station_id": "P01", "name": "д. Горы", "river": "р. Мга", "lat": 59.761454, "lon": 30.977288, "own_station_id": "P01", "own_date": "Август 2025", "own_parameter": "Hg", "own_value": 0.5, "own_unit": "мг/л", "own_comment": "Ртуть"}, "geometry": {"type": "Point", "coordinates": [59.761454, 30.977288]}}, {"type": "Feature", "properties": {"station_id": "P01", "name": "д. Горы", "river": "р. Мга", "lat": 59.761454, "lon": 30.977288, "own_station_id": "P01", "own_date": "Август 2025", "own_parameter": "Cr", "own_value": 0.0, "own_unit": "мг/л", "own_comment": "Хром"}, "geometry": {"type": "Point", "coordinates": [59.761454, 30.977288]}}, {"type": "Feature", "properties": {"station_id": "P01", "name": "д. Горы", "river": "р. Мга", "lat": 59.761454, "lon": 30.977288, "own_station_id": "P01", "own_date": "Август 2025", "own_parameter": "Ca", "own_value": 250.0, "own_unit": "мг/л", "own_comment": "Кальций"}, "geometry": {"type": "Point", "coordinates": [59.761454, 30.977288]}}, {"type": "Feature", "properties": {"station_id": "P01", "name": "д. Горы", "river": "р. Мга", "lat": 59.761454, "lon": 30.977288, "own_station_id": "P01", "own_date": "Август 2025", "own_parameter": "Mg", "own_value": 250.0, "own_unit": "мг/л", "own_comment": "Магний"}, "geometry": {"type": "Point", "coordinates": [59.761454, 30.977288]}}, {"type": "Feature", "properties": {"station_id": "P01", "name": "д. Горы", "river": "р. Мга", "lat": 59.761454, "lon": 30.977288, "own_station_id": "P01", "own_date": "Август 2025", "own_parameter": "Zn", "own_value": 0.0, "own_unit": "мг/л", "own_comment": "Цинк"}, "geometry": {"type": "Point", "coordinates": [59.761454, 30.977288]}}, {"type": "Feature", "properties": {"station_id": "P01", "name": "д. Горы", "river": "р. Мга", "lat": 59.761454, "lon": 30.977288, "own_station_id": "P01", "own_date": "Август 2025", "own_parameter": "Mn", "own_value": 0.0, "own_unit": "мг/т", "own_comment": "Марганец"}, "geometry": {"type": "Point", "coordinates": [59.761454, 30.977288]}}, {"type": "Feature", "properties": {"station_id": "P01", "name": "д. Горы", "river": "р. Мга", "lat": 59.761454, "lon": 30.977288, "own_station_id": "P01", "own_date": "Август 2025", "own_parameter": "Fe", "own_value": 0.3, "own_unit": "мг/л", "own_comment": "Железо"}, "geometry": {"type": "Point", "coordinates": [59.761454, 30.977288]}}, {"type": "Feature", "properties": {"station_id": "P01", "name": "д. Горы", "river": "р. Мга", "lat": 59.761454, "lon": 30.977288, "own_station_id": "P01", "own_date": "Август 2025", "own_parameter": "Cu", "own_value": 0.2, "own_unit": "мг/л", "own_comment": "Медь"}, "geometry": {"type": "Point", "coordinates": [59.761454, 30.977288]}}, {"type": "Feature", "properties": {"station_id": "P01", "name": "д. Горы", "river": "р. Мга", "lat": 59.761454, "lon": 30.977288, "own_station_id": "P01", "own_date": "Август 2025", "own_parameter": "Feобщ", "own_value": 1.0, "own_unit": "мг/л", "own_comment": "Железо общее"}, "geometry": {"type": "Point", "coordinates": [59.761454, 30.977288]}}, {"type": "Feature", "properties": {"station_id": "P01", "name": "д. Горы", "river": "р. Мга", "lat": 59.761454, "lon": 30.977288, "own_station_id": "P01", "own_date": "Август 2025", "own_parameter": "ПМО", "own_value": 5.0, "own_unit": "мг О2/л", "own_comment": "Перманганатная окисляемость"}, "geometry": {"type": "Point", "coordinates": [59.761454, 30.977288]}}, {"type": "Feature", "properties": {"station_id": "P01", "name": "д. Горы", "river": "р. Мга", "lat": 59.761454, "lon": 30.977288, "own_station_id": "P01", "own_date": "Август 2025", "own_parameter": "Feраств​", "own_value": 0.5, "own_unit": "мг/л", "own_comment": "Железо растворенное"}, "geometry": {"type": "Point", "coordinates": [59.761454, 30.977288]}}, {"type": "Feature", "properties": {"station_id": "P01", "name": "д. Горы", "river": "р. Мга", "lat": 59.761454, "lon": 30.977288, "own_station_id": "P01", "own_date": "Август 2025", "own_parameter": "Cl", "own_value": 3.0, "own_unit": "мг/л", "own_comment": "Хлор"}, "geometry": {"type": "Point", "coordinates": [59.761454, 30.977288]}}, {"type": "Feature", "properties": {"station_id": "P01", "name": "д. Горы", "river": "р. Мга", "lat": 59.761454, "lon": 30.977288, "own_station_id": "P01", "own_date": "Август 2025", "own_parameter": "Жₒ", "own_value": 3.0, "own_unit": "Ж", "own_comment": "Жесткость"}, "geometry": {"type": "Point", "coordinates": [59.761454, 30.977288]}}, {"type": "Feature", "properties": {"station_id": "P01", "name": "д. Горы", "river": "р. Мга", "lat": 59.761454, "lon": 30.977288, "own_station_id": "P01", "own_date": "Август 2025", "own_parameter": "NO₂", "own_value": 0.0, "own_unit": "мг/л", "own_comment": "Нитриты"}, "geometry": {"type": "Point", "coordinates": [59.761454, 30.977288]}}, {"type": "Feature", "properties": {"station_id": "P01", "name": "д. Горы", "river": "р. Мга", "lat": 59.761454, "lon": 30.977288, "own_station_id": "P01", "own_date": "Август 2025", "own_parameter": "NO₃", "own_value": 10.0, "own_unit": "мг/л", "own_comment": "Нитраты"}, "geometry": {"type": "Point", "coordinates": [59.761454, 30.977288]}}, {"type": "Feature", "properties": {"station_id": "P01", "name": "д. Горы", "river": "р. Мга", "lat": 59.761454, "lon": 30.977288, "own_station_id": "P01", "own_date": "Август 2025", "own_parameter": "рН", "own_value": 6.5, "own_unit": "-", "own_comment": "Кислотность"}, "geometry": {"type": "Point", "coordinates": [59.761454, 30.977288]}}, {"type": "Feature", "properties": {"station_id": "P02", "name": "г. Тосно", "river": "р. Тосна", "lat": 59.541282, "lon": 30.874426, "own_station_id": "P02", "own_date": "Июль 2026", "own_parameter": "Cd", "own_value": 5.0, "own_unit": "мг/л", "own_comment": "Кадмий"}, "geometry": {"type": "Point", "coordinates": [59.541282, 30.874426]}}, {"type": "Feature", "properties": {"station_id": "P02", "name": "г. Тосно", "river": "р. Тосна", "lat": 59.541282, "lon": 30.874426, "own_station_id": "P02", "own_date": "Июль 2026", "own_parameter": "Pb", "own_value": 0.0, "own_unit": "мг/т", "own_comment": "Свинец"}, "geometry": {"type": "Point", "coordinates": [59.541282, 30.874426]}}, {"type": "Feature", "properties": {"station_id": "P02", "name": "г. Тосно", "river": "р. Тосна", "lat": 59.541282, "lon": 30.874426, "own_station_id": "P02", "own_date": "Июль 2026", "own_parameter": "Hg", "own_value": 0.0, "own_unit": "мг/л", "own_comment": "Ртуть"}, "geometry": {"type": "Point", "coordinates": [59.541282, 30.874426]}}, {"type": "Feature", "properties": {"station_id": "P02", "name": "г. Тосно", "river": "р. Тосна", "lat": 59.541282, "lon": 30.874426, "own_station_id": "P02", "own_date": "Июль 2026", "own_parameter": "Cr", "own_value": 0.0, "own_unit": "мг/л", "own_comment": "Хром"}, "geometry": {"type": "Point", "coordinates": [59.541282, 30.874426]}}, {"type": "Feature", "properties": {"station_id": "P02", "name": "г. Тосно", "river": "р. Тосна", "lat": 59.541282, "lon": 30.874426, "own_station_id": "P02", "own_date": "Июль 2026", "own_parameter": "Ca", "own_value": 100.0, "own_unit": "мг/л", "own_comment": "Кальций"}, "geometry": {"type": "Point", "coordinates": [59.541282, 30.874426]}}, {"type": "Feature", "properties": {"station_id": "P02", "name": "г. Тосно", "river": "р. Тосна", "lat": 59.541282, "lon": 30.874426, "own_station_id": "P02", "own_date": "Июль 2026", "own_parameter": "Mg", "own_value": 100.0, "own_unit": "мг/л", "own_comment": "Магний"}, "geometry": {"type": "Point", "coordinates": [59.541282, 30.874426]}}, {"type": "Feature", "properties": {"station_id": "P02", "name": "г. Тосно", "river": "р. Тосна", "lat": 59.541282, "lon": 30.874426, "own_station_id": "P02", "own_date": "Июль 2026", "own_parameter": "Zn", "own_value": 5.0, "own_unit": "мг/л", "own_comment": "Цинк"}, "geometry": {"type": "Point", "coordinates": [59.541282, 30.874426]}}, {"type": "Feature", "properties": {"station_id": "P02", "name": "г. Тосно", "river": "р. Тосна", "lat": 59.541282, "lon": 30.874426, "own_station_id": "P02", "own_date": "Июль 2026", "own_parameter": "Mn", "own_value": 0.0, "own_unit": "мг/т", "own_comment": "Марганец"}, "geometry": {"type": "Point", "coordinates": [59.541282, 30.874426]}}, {"type": "Feature", "properties": {"station_id": "P02", "name": "г. Тосно", "river": "р. Тосна", "lat": 59.541282, "lon": 30.874426, "own_station_id": "P02", "own_date": "Июль 2026", "own_parameter": "Fe", "own_value": 0.0, "own_unit": "мг/л", "own_comment": "Железо"}, "geometry": {"type": "Point", "coordinates": [59.541282, 30.874426]}}, {"type": "Feature", "properties": {"station_id": "P02", "name": "г. Тосно", "river": "р. Тосна", "lat": 59.541282, "lon": 30.874426, "own_station_id": "P02", "own_date": "Июль 2026", "own_parameter": "Cu", "own_value": 0.0, "own_unit": "мг/л", "own_comment": "Медь"}, "geometry": {"type": "Point", "coordinates": [59.541282, 30.874426]}}, {"type": "Feature", "properties": {"station_id": "P02", "name": "г. Тосно", "river": "р. Тосна", "lat": 59.541282, "lon": 30.874426, "own_station_id": "P02", "own_date": "Июль 2026", "own_parameter": "Feобщ", "own_value": 0.3, "own_unit": "мг/л", "own_comment": "Железо общее"}, "geometry": {"type": "Point", "coordinates": [59.541282, 30.874426]}}, {"type": "Feature", "properties": {"station_id": "P02", "name": "г. Тосно", "river": "р. Тосна", "lat": 59.541282, "lon": 30.874426, "own_station_id": "P02", "own_date": "Июль 2026", "own_parameter": "ПМО", "own_value": 20.0, "own_unit": "мг О2/л", "own_comment": "Перманганатная окисляемость"}, "geometry": {"type": "Point", "coordinates": [59.541282, 30.874426]}}, {"type": "Feature", "properties": {"station_id": "P02", "name": "г. Тосно", "river": "р. Тосна", "lat": 59.541282, "lon": 30.874426, "own_station_id": "P02", "own_date": "Июль 2026", "own_parameter": "Feраств​", "own_value": 0.3, "own_unit": "мг/л", "own_comment": "Железо растворенное"}, "geometry": {"type": "Point", "coordinates": [59.541282, 30.874426]}}, {"type": "Feature", "properties": {"station_id": "P02", "name": "г. Тосно", "river": "р. Тосна", "lat": 59.541282, "lon": 30.874426, "own_station_id": "P02", "own_date": "Июль 2026", "own_parameter": "Cl", "own_value": 0.5, "own_unit": "мг/л", "own_comment": "Хлор"}, "geometry": {"type": "Point", "coordinates": [59.541282, 30.874426]}}, {"type": "Feature", "properties": {"station_id": "P02", "name": "г. Тосно", "river": "р. Тосна", "lat": 59.541282, "lon": 30.874426, "own_station_id": "P02", "own_date": "Июль 2026", "own_parameter": "Жₒ", "own_value": 3.0, "own_unit": "Ж", "own_comment": "Жесткость"}, "geometry": {"type": "Point", "coordinates": [59.541282, 30.874426]}}, {"type": "Feature", "properties": {"station_id": "P02", "name": "г. Тосно", "river": "р. Тосна", "lat": 59.541282, "lon": 30.874426, "own_station_id": "P02", "own_date": "Июль 2026", "own_parameter": "NO₂", "own_value": 0.0, "own_unit": "мг/л", "own_comment": "Нитриты"}, "geometry": {"type": "Point", "coordinates": [59.541282, 30.874426]}}, {"type": "Feature", "properties": {"station_id": "P02", "name": "г. Тосно", "river": "р. Тосна", "lat": 59.541282, "lon": 30.874426, "own_station_id": "P02", "own_date": "Июль 2026", "own_parameter": "NO₃", "own_value": 0.0, "own_unit": "мг/л", "own_comment": "Нитраты"}, "geometry": {"type": "Point", "coordinates": [59.541282, 30.874426]}}, {"type": "Feature", "properties": {"station_id": "P02", "name": "г. Тосно", "river": "р. Тосна", "lat": 59.541282, "lon": 30.874426, "own_station_id": "P02", "own_date": "Июль 2026", "own_parameter": "рН", "own_value": 6.0, "own_unit": "-", "own_comment": "Кислотность"}, "geometry": {"type": "Point", "coordinates": [59.541282, 30.874426]}}, {"type": "Feature", "properties": {"station_id": "P02", "name": "г. Тосно", "river": "р. Тосна", "lat": 59.541282, "lon": 30.874426, "own_station_id": "P02", "own_date": "Май 2026", "own_parameter": "Cd", "own_value": 0.0, "own_unit": "мг/л", "own_comment": "Кадмий"}, "geometry": {"type": "Point", "coordinates": [59.541282, 30.874426]}}, {"type": "Feature", "properties": {"station_id": "P02", "name": "г. Тосно", "river": "р. Тосна", "lat": 59.541282, "lon": 30.874426, "own_station_id": "P02", "own_date": "Май 2026", "own_parameter": "Pb", "own_value": 0.0, "own_unit": "мг/т", "own_comment": "Свинец"}, "geometry": {"type": "Point", "coordinates": [59.541282, 30.874426]}}, {"type": "Feature", "properties": {"station_id": "P02", "name": "г. Тосно", "river": "р. Тосна", "lat": 59.541282, "lon": 30.874426, "own_station_id": "P02", "own_date": "Май 2026", "own_parameter": "Hg", "own_value": 0.0, "own_unit": "мг/л", "own_comment": "Ртуть"}, "geometry": {"type": "Point", "coordinates": [59.541282, 30.874426]}}, {"type": "Feature", "properties": {"station_id": "P02", "name": "г. Тосно", "river": "р. Тосна", "lat": 59.541282, "lon": 30.874426, "own_station_id": "P02", "own_date": "Май 2026", "own_parameter": "Cr", "own_value": 0.0, "own_unit": "мг/л", "own_comment": "Хром"}, "geometry": {"type": "Point", "coordinates": [59.541282, 30.874426]}}, {"type": "Feature", "properties": {"station_id": "P02", "name": "г. Тосно", "river": "р. Тосна", "lat": 59.541282, "lon": 30.874426, "own_station_id": "P02", "own_date": "Май 2026", "own_parameter": "Ca", "own_value": 10.0, "own_unit": "мг/л", "own_comment": "Кальций"}, "geometry": {"type": "Point", "coordinates": [59.541282, 30.874426]}}, {"type": "Feature", "properties": {"station_id": "P02", "name": "г. Тосно", "river": "р. Тосна", "lat": 59.541282, "lon": 30.874426, "own_station_id": "P02", "own_date": "Май 2026", "own_parameter": "Mg", "own_value": 25.0, "own_unit": "мг/л", "own_comment": "Магний"}, "geometry": {"type": "Point", "coordinates": [59.541282, 30.874426]}}, {"type": "Feature", "properties": {"station_id": "P02", "name": "г. Тосно", "river": "р. Тосна", "lat": 59.541282, "lon": 30.874426, "own_station_id": "P02", "own_date": "Май 2026", "own_parameter": "Zn", "own_value": 5.0, "own_unit": "мг/л", "own_comment": "Цинк"}, "geometry": {"type": "Point", "coordinates": [59.541282, 30.874426]}}, {"type": "Feature", "properties": {"station_id": "P02", "name": "г. Тосно", "river": "р. Тосна", "lat": 59.541282, "lon": 30.874426, "own_station_id": "P02", "own_date": "Май 2026", "own_parameter": "Mn", "own_value": 0.0, "own_unit": "мг/т", "own_comment": "Марганец"}, "geometry": {"type": "Point", "coordinates": [59.541282, 30.874426]}}, {"type": "Feature", "properties": {"station_id": "P02", "name": "г. Тосно", "river": "р. Тосна", "lat": 59.541282, "lon": 30.874426, "own_station_id": "P02", "own_date": "Май 2026", "own_parameter": "Fe", "own_value": 0.0, "own_unit": "мг/л", "own_comment": "Железо"}, "geometry": {"type": "Point", "coordinates": [59.541282, 30.874426]}}, {"type": "Feature", "properties": {"station_id": "P02", "name": "г. Тосно", "river": "р. Тосна", "lat": 59.541282, "lon": 30.874426, "own_station_id": "P02", "own_date": "Май 2026", "own_parameter": "Cu", "own_value": 0.0, "own_unit": "мг/л", "own_comment": "Медь"}, "geometry": {"type": "Point", "coordinates": [59.541282, 30.874426]}}, {"type": "Feature", "properties": {"station_id": "P02", "name": "г. Тосно", "river": "р. Тосна", "lat": 59.541282, "lon": 30.874426, "own_station_id": "P02", "own_date": "Май 2026", "own_parameter": "Feобщ", "own_value": 0.3, "own_unit": "мг/л", "own_comment": "Железо общее"}, "geometry": {"type": "Point", "coordinates": [59.541282, 30.874426]}}, {"type": "Feature", "properties": {"station_id": "P02", "name": "г. Тосно", "river": "р. Тосна", "lat": 59.541282, "lon": 30.874426, "own_station_id": "P02", "own_date": "Май 2026", "own_parameter": "ПМО", "own_value": 1.0, "own_unit": "мг О2/л", "own_comment": "Перманганатная окисляемость"}, "geometry": {"type": "Point", "coordinates": [59.541282, 30.874426]}}, {"type": "Feature", "properties": {"station_id": "P02", "name": "г. Тосно", "river": "р. Тосна", "lat": 59.541282, "lon": 30.874426, "own_station_id": "P02", "own_date": "Май 2026", "own_parameter": "Feраств​", "own_value": 0.5, "own_unit": "мг/л", "own_comment": "Железо растворенное"}, "geometry": {"type": "Point", "coordinates": [59.541282, 30.874426]}}, {"type": "Feature", "properties": {"station_id": "P02", "name": "г. Тосно", "river": "р. Тосна", "lat": 59.541282, "lon": 30.874426, "own_station_id": "P02", "own_date": "Май 2026", "own_parameter": "Cl", "own_value": 3.0, "own_unit": "мг/л", "own_comment": "Хлор"}, "geometry": {"type": "Point", "coordinates": [59.541282, 30.874426]}}, {"type": "Feature", "properties": {"station_id": "P02", "name": "г. Тосно", "river": "р. Тосна", "lat": 59.541282, "lon": 30.874426, "own_station_id": "P02", "own_date": "Май 2026", "own_parameter": "Жₒ", "own_value": 3.0, "own_unit": "Ж", "own_comment": "Жесткость"}, "geometry": {"type": "Point", "coordinates": [59.541282, 30.874426]}}, {"type": "Feature", "properties": {"station_id": "P02", "name": "г. Тосно", "river": "р. Тосна", "lat": 59.541282, "lon": 30.874426, "own_station_id": "P02", "own_date": "Май 2026", "own_parameter": "NO₂", "own_value": 1.0, "own_unit": "мг/л", "own_comment": "Нитриты"}, "geometry": {"type": "Point", "coordinates": [59.541282, 30.874426]}}, {"type": "Feature", "properties": {"station_id": "P02", "name": "г. Тосно", "river": "р. Тосна", "lat": 59.541282, "lon": 30.874426, "own_station_id": "P02", "own_date": "Май 2026", "own_parameter": "NO₃", "own_value": 10.0, "own_unit": "мг/л", "own_comment": "Нитраты"}, "geometry": {"type": "Point", "coordinates": [59.541282, 30.874426]}}, {"type": "Feature", "properties": {"station_id": "P02", "name": "г. Тосно", "river": "р. Тосна", "lat": 59.541282, "lon": 30.874426, "own_station_id": "P02", "own_date": "Май 2026", "own_parameter": "рН", "own_value": 6.0, "own_unit": "-", "own_comment": "Кислотность"}, "geometry": {"type": "Point", "coordinates": [59.541282, 30.874426]}}, {"type": "Feature", "properties": {"station_id": "P02", "name": "г. Тосно", "river": "р. Тосна", "lat": 59.541282, "lon": 30.874426, "own_station_id": "P02", "own_date": "Август 2025", "own_parameter": "Cd", "own_value": 0.0, "own_unit": "мг/л", "own_comment": "Кадмий"}, "geometry": {"type": "Point", "coordinates": [59.541282, 30.874426]}}, {"type": "Feature", "properties": {"station_id": "P02", "name": "г. Тосно", "river": "р. Тосна", "lat": 59.541282, "lon": 30.874426, "own_station_id": "P02", "own_date": "Август 2025", "own_parameter": "Pb", "own_value": 0.0, "own_unit": "мг/т", "own_comment": "Свинец"}, "geometry": {"type": "Point", "coordinates": [59.541282, 30.874426]}}, {"type": "Feature", "properties": {"station_id": "P02", "name": "г. Тосно", "river": "р. Тосна", "lat": 59.541282, "lon": 30.874426, "own_station_id": "P02", "own_date": "Август 2025", "own_parameter": "Hg", "own_value": 0.0, "own_unit": "мг/л", "own_comment": "Ртуть"}, "geometry": {"type": "Point", "coordinates": [59.541282, 30.874426]}}, {"type": "Feature", "properties": {"station_id": "P02", "name": "г. Тосно", "river": "р. Тосна", "lat": 59.541282, "lon": 30.874426, "own_station_id": "P02", "own_date": "Август 2025", "own_parameter": "Cr", "own_value": 0.0, "own_unit": "мг/л", "own_comment": "Хром"}, "geometry": {"type": "Point", "coordinates": [59.541282, 30.874426]}}, {"type": "Feature", "properties": {"station_id": "P02", "name": "г. Тосно", "river": "р. Тосна", "lat": 59.541282, "lon": 30.874426, "own_station_id": "P02", "own_date": "Август 2025", "own_parameter": "Ca", "own_value": 50.0, "own_unit": "мг/л", "own_comment": "Кальций"}, "geometry": {"type": "Point", "coordinates": [59.541282, 30.874426]}}, {"type": "Feature", "properties": {"station_id": "P02", "name": "г. Тосно", "river": "р. Тосна", "lat": 59.541282, "lon": 30.874426, "own_station_id": "P02", "own_date": "Август 2025", "own_parameter": "Mg", "own_value": 100.0, "own_unit": "мг/л", "own_comment": "Магний"}, "geometry": {"type": "Point", "coordinates": [59.541282, 30.874426]}}, {"type": "Feature", "properties": {"station_id": "P02", "name": "г. Тосно", "river": "р. Тосна", "lat": 59.541282, "lon": 30.874426, "own_station_id": "P02", "own_date": "Август 2025", "own_parameter": "Zn", "own_value": 0.0, "own_unit": "мг/л", "own_comment": "Цинк"}, "geometry": {"type": "Point", "coordinates": [59.541282, 30.874426]}}, {"type": "Feature", "properties": {"station_id": "P02", "name": "г. Тосно", "river": "р. Тосна", "lat": 59.541282, "lon": 30.874426, "own_station_id": "P02", "own_date": "Август 2025", "own_parameter": "Mn", "own_value": 0.0, "own_unit": "мг/т", "own_comment": "Марганец"}, "geometry": {"type": "Point", "coordinates": [59.541282, 30.874426]}}, {"type": "Feature", "properties": {"station_id": "P02", "name": "г. Тосно", "river": "р. Тосна", "lat": 59.541282, "lon": 30.874426, "own_station_id": "P02", "own_date": "Август 2025", "own_parameter": "Fe", "own_value": 0.3, "own_unit": "мг/л", "own_comment": "Железо"}, "geometry": {"type": "Point", "coordinates": [59.541282, 30.874426]}}, {"type": "Feature", "properties": {"station_id": "P02", "name": "г. Тосно", "river": "р. Тосна", "lat": 59.541282, "lon": 30.874426, "own_station_id": "P02", "own_date": "Август 2025", "own_parameter": "Cu", "own_value": 0.2, "own_unit": "мг/л", "own_comment": "Медь"}, "geometry": {"type": "Point", "coordinates": [59.541282, 30.874426]}}, {"type": "Feature", "properties": {"station_id": "P02", "name": "г. Тосно", "river": "р. Тосна", "lat": 59.541282, "lon": 30.874426, "own_station_id": "P02", "own_date": "Август 2025", "own_parameter": "Feобщ", "own_value": 0.3, "own_unit": "мг/л", "own_comment": "Железо общее"}, "geometry": {"type": "Point", "coordinates": [59.541282, 30.874426]}}, {"type": "Feature", "properties": {"station_id": "P02", "name": "г. Тосно", "river": "р. Тосна", "lat": 59.541282, "lon": 30.874426, "own_station_id": "P02", "own_date": "Август 2025", "own_parameter": "ПМО", "own_value": 20.0, "own_unit": "мг О2/л", "own_comment": "Перманганатная окисляемость"}, "geometry": {"type": "Point", "coordinates": [59.541282, 30.874426]}}, {"type": "Feature", "properties": {"station_id": "P02", "name": "г. Тосно", "river": "р. Тосна", "lat": 59.541282, "lon": 30.874426, "own_station_id": "P02", "own_date": "Август 2025", "own_parameter": "Feраств​", "own_value": 0.3, "own_unit": "мг/л", "own_comment": "Железо растворенное"}, "geometry": {"type": "Point", "coordinates": [59.541282, 30.874426]}}, {"type": "Feature", "properties": {"station_id": "P02", "name": "г. Тосно", "river": "р. Тосна", "lat": 59.541282, "lon": 30.874426, "own_station_id": "P02", "own_date": "Август 2025", "own_parameter": "Cl", "own_value": 3.0, "own_unit": "мг/л", "own_comment": "Хлор"}, "geometry": {"type": "Point", "coordinates": [59.541282, 30.874426]}}, {"type": "Feature", "properties": {"station_id": "P02", "name": "г. Тосно", "river": "р. Тосна", "lat": 59.541282, "lon": 30.874426, "own_station_id": "P02", "own_date": "Август 2025", "own_parameter": "Жₒ", "own_value": 3.0, "own_unit": "Ж", "own_comment": "Жесткость"}, "geometry": {"type": "Point", "coordinates": [59.541282, 30.874426]}}, {"type": "Feature", "properties": {"station_id": "P02", "name": "г. Тосно", "river": "р. Тосна", "lat": 59.541282, "lon": 30.874426, "own_station_id": "P02", "own_date": "Август 2025", "own_parameter": "NO₂", "own_value": 1.0, "own_unit": "мг/л", "own_comment": "Нитриты"}, "geometry": {"type": "Point", "coordinates": [59.541282, 30.874426]}}, {"type": "Feature", "properties": {"station_id": "P02", "name": "г. Тосно", "river": "р. Тосна", "lat": 59.541282, "lon": 30.874426, "own_station_id": "P02", "own_date": "Август 2025", "own_parameter": "NO₃", "own_value": 0.0, "own_unit": "мг/л", "own_comment": "Нитраты"}, "geometry": {"type": "Point", "coordinates": [59.541282, 30.874426]}}, {"type": "Feature", "properties": {"station_id": "P02", "name": "г. Тосно", "river": "р. Тосна", "lat": 59.541282, "lon": 30.874426, "own_station_id": "P02", "own_date": "Август 2025", "own_parameter": "рН", "own_value": 6.5, "own_unit": "-", "own_comment": "Кислотность"}, "geometry": {"type": "Point", "coordinates": [59.541282, 30.874426]}}, {"type": "Feature", "properties": {"station_id": "P03", "name": "Лисинский", "river": "р. Тосна", "lat": 59.423601, "lon": 30.828809, "own_station_id": "P03", "own_date": "Июль 2026", "own_parameter": "Cd", "own_value": 0.0, "own_unit": "мг/л", "own_comment": "Кадмий"}, "geometry": {"type": "Point", "coordinates": [59.423601, 30.828809]}}, {"type": "Feature", "properties": {"station_id": "P03", "name": "Лисинский", "river": "р. Тосна", "lat": 59.423601, "lon": 30.828809, "own_station_id": "P03", "own_date": "Июль 2026", "own_parameter": "Pb", "own_value": 0.0, "own_unit": "мг/т", "own_comment": "Свинец"}, "geometry": {"type": "Point", "coordinates": [59.423601, 30.828809]}}, {"type": "Feature", "properties": {"station_id": "P03", "name": "Лисинский", "river": "р. Тосна", "lat": 59.423601, "lon": 30.828809, "own_station_id": "P03", "own_date": "Июль 2026", "own_parameter": "Hg", "own_value": 0.0, "own_unit": "мг/л", "own_comment": "Ртуть"}, "geometry": {"type": "Point", "coordinates": [59.423601, 30.828809]}}, {"type": "Feature", "properties": {"station_id": "P03", "name": "Лисинский", "river": "р. Тосна", "lat": 59.423601, "lon": 30.828809, "own_station_id": "P03", "own_date": "Июль 2026", "own_parameter": "Cr", "own_value": 0.0, "own_unit": "мг/л", "own_comment": "Хром"}, "geometry": {"type": "Point", "coordinates": [59.423601, 30.828809]}}, {"type": "Feature", "properties": {"station_id": "P03", "name": "Лисинский", "river": "р. Тосна", "lat": 59.423601, "lon": 30.828809, "own_station_id": "P03", "own_date": "Июль 2026", "own_parameter": "Ca", "own_value": 120.0, "own_unit": "мг/л", "own_comment": "Кальций"}, "geometry": {"type": "Point", "coordinates": [59.423601, 30.828809]}}, {"type": "Feature", "properties": {"station_id": "P03", "name": "Лисинский", "river": "р. Тосна", "lat": 59.423601, "lon": 30.828809, "own_station_id": "P03", "own_date": "Июль 2026", "own_parameter": "Mg", "own_value": 100.0, "own_unit": "мг/л", "own_comment": "Магний"}, "geometry": {"type": "Point", "coordinates": [59.423601, 30.828809]}}, {"type": "Feature", "properties": {"station_id": "P03", "name": "Лисинский", "river": "р. Тосна", "lat": 59.423601, "lon": 30.828809, "own_station_id": "P03", "own_date": "Июль 2026", "own_parameter": "Zn", "own_value": 0.0, "own_unit": "мг/л", "own_comment": "Цинк"}, "geometry": {"type": "Point", "coordinates": [59.423601, 30.828809]}}, {"type": "Feature", "properties": {"station_id": "P03", "name": "Лисинский", "river": "р. Тосна", "lat": 59.423601, "lon": 30.828809, "own_station_id": "P03", "own_date": "Июль 2026", "own_parameter": "Mn", "own_value": 0.0, "own_unit": "мг/т", "own_comment": "Марганец"}, "geometry": {"type": "Point", "coordinates": [59.423601, 30.828809]}}, {"type": "Feature", "properties": {"station_id": "P03", "name": "Лисинский", "river": "р. Тосна", "lat": 59.423601, "lon": 30.828809, "own_station_id": "P03", "own_date": "Июль 2026", "own_parameter": "Fe", "own_value": 0.3, "own_unit": "мг/л", "own_comment": "Железо"}, "geometry": {"type": "Point", "coordinates": [59.423601, 30.828809]}}, {"type": "Feature", "properties": {"station_id": "P03", "name": "Лисинский", "river": "р. Тосна", "lat": 59.423601, "lon": 30.828809, "own_station_id": "P03", "own_date": "Июль 2026", "own_parameter": "Cu", "own_value": 0.0, "own_unit": "мг/л", "own_comment": "Медь"}, "geometry": {"type": "Point", "coordinates": [59.423601, 30.828809]}}, {"type": "Feature", "properties": {"station_id": "P03", "name": "Лисинский", "river": "р. Тосна", "lat": 59.423601, "lon": 30.828809, "own_station_id": "P03", "own_date": "Июль 2026", "own_parameter": "Feобщ", "own_value": 0.3, "own_unit": "мг/л", "own_comment": "Железо общее"}, "geometry": {"type": "Point", "coordinates": [59.423601, 30.828809]}}, {"type": "Feature", "properties": {"station_id": "P03", "name": "Лисинский", "river": "р. Тосна", "lat": 59.423601, "lon": 30.828809, "own_station_id": "P03", "own_date": "Июль 2026", "own_parameter": "ПМО", "own_value": 20.0, "own_unit": "мг О2/л", "own_comment": "Перманганатная окисляемость"}, "geometry": {"type": "Point", "coordinates": [59.423601, 30.828809]}}, {"type": "Feature", "properties": {"station_id": "P03", "name": "Лисинский", "river": "р. Тосна", "lat": 59.423601, "lon": 30.828809, "own_station_id": "P03", "own_date": "Июль 2026", "own_parameter": "Feраств​", "own_value": 0.0, "own_unit": "мг/л", "own_comment": "Железо растворенное"}, "geometry": {"type": "Point", "coordinates": [59.423601, 30.828809]}}, {"type": "Feature", "properties": {"station_id": "P03", "name": "Лисинский", "river": "р. Тосна", "lat": 59.423601, "lon": 30.828809, "own_station_id": "P03", "own_date": "Июль 2026", "own_parameter": "Cl", "own_value": 3.0, "own_unit": "мг/л", "own_comment": "Хлор"}, "geometry": {"type": "Point", "coordinates": [59.423601, 30.828809]}}, {"type": "Feature", "properties": {"station_id": "P03", "name": "Лисинский", "river": "р. Тосна", "lat": 59.423601, "lon": 30.828809, "own_station_id": "P03", "own_date": "Июль 2026", "own_parameter": "Жₒ", "own_value": 3.0, "own_unit": "Ж", "own_comment": "Жесткость"}, "geometry": {"type": "Point", "coordinates": [59.423601, 30.828809]}}, {"type": "Feature", "properties": {"station_id": "P03", "name": "Лисинский", "river": "р. Тосна", "lat": 59.423601, "lon": 30.828809, "own_station_id": "P03", "own_date": "Июль 2026", "own_parameter": "NO₂", "own_value": 0.0, "own_unit": "мг/л", "own_comment": "Нитриты"}, "geometry": {"type": "Point", "coordinates": [59.423601, 30.828809]}}, {"type": "Feature", "properties": {"station_id": "P03", "name": "Лисинский", "river": "р. Тосна", "lat": 59.423601, "lon": 30.828809, "own_station_id": "P03", "own_date": "Июль 2026", "own_parameter": "NO₃", "own_value": 0.0, "own_unit": "мг/л", "own_comment": "Нитраты"}, "geometry": {"type": "Point", "coordinates": [59.423601, 30.828809]}}, {"type": "Feature", "properties": {"station_id": "P03", "name": "Лисинский", "river": "р. Тосна", "lat": 59.423601, "lon": 30.828809, "own_station_id": "P03", "own_date": "Июль 2026", "own_parameter": "рН", "own_value": 7.0, "own_unit": "-", "own_comment": "Кислотность"}, "geometry": {"type": "Point", "coordinates": [59.423601, 30.828809]}}, {"type": "Feature", "properties": {"station_id": "P03", "name": "Лисинский", "river": "р. Тосна", "lat": 59.423601, "lon": 30.828809, "own_station_id": "P03", "own_date": "Май 2026", "own_parameter": "Cd", "own_value": 0.0, "own_unit": "мг/л", "own_comment": "Кадмий"}, "geometry": {"type": "Point", "coordinates": [59.423601, 30.828809]}}, {"type": "Feature", "properties": {"station_id": "P03", "name": "Лисинский", "river": "р. Тосна", "lat": 59.423601, "lon": 30.828809, "own_station_id": "P03", "own_date": "Май 2026", "own_parameter": "Pb", "own_value": 0.0, "own_unit": "мг/т", "own_comment": "Свинец"}, "geometry": {"type": "Point", "coordinates": [59.423601, 30.828809]}}, {"type": "Feature", "properties": {"station_id": "P03", "name": "Лисинский", "river": "р. Тосна", "lat": 59.423601, "lon": 30.828809, "own_station_id": "P03", "own_date": "Май 2026", "own_parameter": "Hg", "own_value": 0.0, "own_unit": "мг/л", "own_comment": "Ртуть"}, "geometry": {"type": "Point", "coordinates": [59.423601, 30.828809]}}, {"type": "Feature", "properties": {"station_id": "P03", "name": "Лисинский", "river": "р. Тосна", "lat": 59.423601, "lon": 30.828809, "own_station_id": "P03", "own_date": "Май 2026", "own_parameter": "Cr", "own_value": 0.0, "own_unit": "мг/л", "own_comment": "Хром"}, "geometry": {"type": "Point", "coordinates": [59.423601, 30.828809]}}, {"type": "Feature", "properties": {"station_id": "P03", "name": "Лисинский", "river": "р. Тосна", "lat": 59.423601, "lon": 30.828809, "own_station_id": "P03", "own_date": "Май 2026", "own_parameter": "Ca", "own_value": 10.0, "own_unit": "мг/л", "own_comment": "Кальций"}, "geometry": {"type": "Point", "coordinates": [59.423601, 30.828809]}}, {"type": "Feature", "properties": {"station_id": "P03", "name": "Лисинский", "river": "р. Тосна", "lat": 59.423601, "lon": 30.828809, "own_station_id": "P03", "own_date": "Май 2026", "own_parameter": "Mg", "own_value": 25.0, "own_unit": "мг/л", "own_comment": "Магний"}, "geometry": {"type": "Point", "coordinates": [59.423601, 30.828809]}}, {"type": "Feature", "properties": {"station_id": "P03", "name": "Лисинский", "river": "р. Тосна", "lat": 59.423601, "lon": 30.828809, "own_station_id": "P03", "own_date": "Май 2026", "own_parameter": "Zn", "own_value": 5.0, "own_unit": "мг/л", "own_comment": "Цинк"}, "geometry": {"type": "Point", "coordinates": [59.423601, 30.828809]}}, {"type": "Feature", "properties": {"station_id": "P03", "name": "Лисинский", "river": "р. Тосна", "lat": 59.423601, "lon": 30.828809, "own_station_id": "P03", "own_date": "Май 2026", "own_parameter": "Mn", "own_value": 0.0, "own_unit": "мг/т", "own_comment": "Марганец"}, "geometry": {"type": "Point", "coordinates": [59.423601, 30.828809]}}, {"type": "Feature", "properties": {"station_id": "P03", "name": "Лисинский", "river": "р. Тосна", "lat": 59.423601, "lon": 30.828809, "own_station_id": "P03", "own_date": "Май 2026", "own_parameter": "Fe", "own_value": 0.3, "own_unit": "мг/л", "own_comment": "Железо"}, "geometry": {"type": "Point", "coordinates": [59.423601, 30.828809]}}, {"type": "Feature", "properties": {"station_id": "P03", "name": "Лисинский", "river": "р. Тосна", "lat": 59.423601, "lon": 30.828809, "own_station_id": "P03", "own_date": "Май 2026", "own_parameter": "Cu", "own_value": 0.0, "own_unit": "мг/л", "own_comment": "Медь"}, "geometry": {"type": "Point", "coordinates": [59.423601, 30.828809]}}, {"type": "Feature", "properties": {"station_id": "P03", "name": "Лисинский", "river": "р. Тосна", "lat": 59.423601, "lon": 30.828809, "own_station_id": "P03", "own_date": "Май 2026", "own_parameter": "Feобщ", "own_value": 0.3, "own_unit": "мг/л", "own_comment": "Железо общее"}, "geometry": {"type": "Point", "coordinates": [59.423601, 30.828809]}}, {"type": "Feature", "properties": {"station_id": "P03", "name": "Лисинский", "river": "р. Тосна", "lat": 59.423601, "lon": 30.828809, "own_station_id": "P03", "own_date": "Май 2026", "own_parameter": "ПМО", "own_value": 5.0, "own_unit": "мг О2/л", "own_comment": "Перманганатная окисляемость"}, "geometry": {"type": "Point", "coordinates": [59.423601, 30.828809]}}, {"type": "Feature", "properties": {"station_id": "P03", "name": "Лисинский", "river": "р. Тосна", "lat": 59.423601, "lon": 30.828809, "own_station_id": "P03", "own_date": "Май 2026", "own_parameter": "Feраств​", "own_value": 0.5, "own_unit": "мг/л", "own_comment": "Железо растворенное"}, "geometry": {"type": "Point", "coordinates": [59.423601, 30.828809]}}, {"type": "Feature", "properties": {"station_id": "P03", "name": "Лисинский", "river": "р. Тосна", "lat": 59.423601, "lon": 30.828809, "own_station_id": "P03", "own_date": "Май 2026", "own_parameter": "Cl", "own_value": 3.0, "own_unit": "мг/л", "own_comment": "Хлор"}, "geometry": {"type": "Point", "coordinates": [59.423601, 30.828809]}}, {"type": "Feature", "properties": {"station_id": "P03", "name": "Лисинский", "river": "р. Тосна", "lat": 59.423601, "lon": 30.828809, "own_station_id": "P03", "own_date": "Май 2026", "own_parameter": "Жₒ", "own_value": 3.0, "own_unit": "Ж", "own_comment": "Жесткость"}, "geometry": {"type": "Point", "coordinates": [59.423601, 30.828809]}}, {"type": "Feature", "properties": {"station_id": "P03", "name": "Лисинский", "river": "р. Тосна", "lat": 59.423601, "lon": 30.828809, "own_station_id": "P03", "own_date": "Май 2026", "own_parameter": "NO₂", "own_value": 10.0, "own_unit": "мг/л", "own_comment": "Нитриты"}, "geometry": {"type": "Point", "coordinates": [59.423601, 30.828809]}}, {"type": "Feature", "properties": {"station_id": "P03", "name": "Лисинский", "river": "р. Тосна", "lat": 59.423601, "lon": 30.828809, "own_station_id": "P03", "own_date": "Май 2026", "own_parameter": "NO₃", "own_value": 10.0, "own_unit": "мг/л", "own_comment": "Нитраты"}, "geometry": {"type": "Point", "coordinates": [59.423601, 30.828809]}}, {"type": "Feature", "properties": {"station_id": "P03", "name": "Лисинский", "river": "р. Тосна", "lat": 59.423601, "lon": 30.828809, "own_station_id": "P03", "own_date": "Май 2026", "own_parameter": "рН", "own_value": 6.5, "own_unit": "-", "own_comment": "Кислотность"}, "geometry": {"type": "Point", "coordinates": [59.423601, 30.828809]}}, {"type": "Feature", "properties": {"station_id": "P03", "name": "Лисинский", "river": "р. Тосна", "lat": 59.423601, "lon": 30.828809, "own_station_id": "P03", "own_date": "Август 2025", "own_parameter": "Cd", "own_value": 0.0, "own_unit": "мг/л", "own_comment": "Кадмий"}, "geometry": {"type": "Point", "coordinates": [59.423601, 30.828809]}}, {"type": "Feature", "properties": {"station_id": "P03", "name": "Лисинский", "river": "р. Тосна", "lat": 59.423601, "lon": 30.828809, "own_station_id": "P03", "own_date": "Август 2025", "own_parameter": "Pb", "own_value": 0.0, "own_unit": "мг/т", "own_comment": "Свинец"}, "geometry": {"type": "Point", "coordinates": [59.423601, 30.828809]}}, {"type": "Feature", "properties": {"station_id": "P03", "name": "Лисинский", "river": "р. Тосна", "lat": 59.423601, "lon": 30.828809, "own_station_id": "P03", "own_date": "Август 2025", "own_parameter": "Hg", "own_value": 1.0, "own_unit": "мг/л", "own_comment": "Ртуть"}, "geometry": {"type": "Point", "coordinates": [59.423601, 30.828809]}}, {"type": "Feature", "properties": {"station_id": "P03", "name": "Лисинский", "river": "р. Тосна", "lat": 59.423601, "lon": 30.828809, "own_station_id": "P03", "own_date": "Август 2025", "own_parameter": "Cr", "own_value": 0.0, "own_unit": "мг/л", "own_comment": "Хром"}, "geometry": {"type": "Point", "coordinates": [59.423601, 30.828809]}}, {"type": "Feature", "properties": {"station_id": "P03", "name": "Лисинский", "river": "р. Тосна", "lat": 59.423601, "lon": 30.828809, "own_station_id": "P03", "own_date": "Август 2025", "own_parameter": "Ca", "own_value": 250.0, "own_unit": "мг/л", "own_comment": "Кальций"}, "geometry": {"type": "Point", "coordinates": [59.423601, 30.828809]}}, {"type": "Feature", "properties": {"station_id": "P03", "name": "Лисинский", "river": "р. Тосна", "lat": 59.423601, "lon": 30.828809, "own_station_id": "P03", "own_date": "Август 2025", "own_parameter": "Mg", "own_value": 250.0, "own_unit": "мг/л", "own_comment": "Магний"}, "geometry": {"type": "Point", "coordinates": [59.423601, 30.828809]}}, {"type": "Feature", "properties": {"station_id": "P03", "name": "Лисинский", "river": "р. Тосна", "lat": 59.423601, "lon": 30.828809, "own_station_id": "P03", "own_date": "Август 2025", "own_parameter": "Zn", "own_value": 0.0, "own_unit": "мг/л", "own_comment": "Цинк"}, "geometry": {"type": "Point", "coordinates": [59.423601, 30.828809]}}, {"type": "Feature", "properties": {"station_id": "P03", "name": "Лисинский", "river": "р. Тосна", "lat": 59.423601, "lon": 30.828809, "own_station_id": "P03", "own_date": "Август 2025", "own_parameter": "Mn", "own_value": 0.0, "own_unit": "мг/т", "own_comment": "Марганец"}, "geometry": {"type": "Point", "coordinates": [59.423601, 30.828809]}}, {"type": "Feature", "properties": {"station_id": "P03", "name": "Лисинский", "river": "р. Тосна", "lat": 59.423601, "lon": 30.828809, "own_station_id": "P03", "own_date": "Август 2025", "own_parameter": "Fe", "own_value": 0.3, "own_unit": "мг/л", "own_comment": "Железо"}, "geometry": {"type": "Point", "coordinates": [59.423601, 30.828809]}}, {"type": "Feature", "properties": {"station_id": "P03", "name": "Лисинский", "river": "р. Тосна", "lat": 59.423601, "lon": 30.828809, "own_station_id": "P03", "own_date": "Август 2025", "own_parameter": "Cu", "own_value": 0.2, "own_unit": "мг/л", "own_comment": "Медь"}, "geometry": {"type": "Point", "coordinates": [59.423601, 30.828809]}}, {"type": "Feature", "properties": {"station_id": "P03", "name": "Лисинский", "river": "р. Тосна", "lat": 59.423601, "lon": 30.828809, "own_station_id": "P03", "own_date": "Август 2025", "own_parameter": "Feобщ", "own_value": 3.0, "own_unit": "мг/л", "own_comment": "Железо общее"}, "geometry": {"type": "Point", "coordinates": [59.423601, 30.828809]}}, {"type": "Feature", "properties": {"station_id": "P03", "name": "Лисинский", "river": "р. Тосна", "lat": 59.423601, "lon": 30.828809, "own_station_id": "P03", "own_date": "Август 2025", "own_parameter": "ПМО", "own_value": 20.0, "own_unit": "мг О2/л", "own_comment": "Перманганатная окисляемость"}, "geometry": {"type": "Point", "coordinates": [59.423601, 30.828809]}}, {"type": "Feature", "properties": {"station_id": "P03", "name": "Лисинский", "river": "р. Тосна", "lat": 59.423601, "lon": 30.828809, "own_station_id": "P03", "own_date": "Август 2025", "own_parameter": "Feраств​", "own_value": 3.0, "own_unit": "мг/л", "own_comment": "Железо растворенное"}, "geometry": {"type": "Point", "coordinates": [59.423601, 30.828809]}}, {"type": "Feature", "properties": {"station_id": "P03", "name": "Лисинский", "river": "р. Тосна", "lat": 59.423601, "lon": 30.828809, "own_station_id": "P03", "own_date": "Август 2025", "own_parameter": "Cl", "own_value": 3.0, "own_unit": "мг/л", "own_comment": "Хлор"}, "geometry": {"type": "Point", "coordinates": [59.423601, 30.828809]}}, {"type": "Feature", "properties": {"station_id": "P03", "name": "Лисинский", "river": "р. Тосна", "lat": 59.423601, "lon": 30.828809, "own_station_id": "P03", "own_date": "Август 2025", "own_parameter": "Жₒ", "own_value": 0.0, "own_unit": "Ж", "own_comment": "Жесткость"}, "geometry": {"type": "Point", "coordinates": [59.423601, 30.828809]}}, {"type": "Feature", "properties": {"station_id": "P03", "name": "Лисинский", "river": "р. Тосна", "lat": 59.423601, "lon": 30.828809, "own_station_id": "P03", "own_date": "Август 2025", "own_parameter": "NO₂", "own_value": 0.0, "own_unit": "мг/л", "own_comment": "Нитриты"}, "geometry": {"type": "Point", "coordinates": [59.423601, 30.828809]}}, {"type": "Feature", "properties": {"station_id": "P03", "name": "Лисинский", "river": "р. Тосна", "lat": 59.423601, "lon": 30.828809, "own_station_id": "P03", "own_date": "Август 2025", "own_parameter": "NO₃", "own_value": 0.0, "own_unit": "мг/л", "own_comment": "Нитраты"}, "geometry": {"type": "Point", "coordinates": [59.423601, 30.828809]}}, {"type": "Feature", "properties": {"station_id": "P03", "name": "Лисинский", "river": "р. Тосна", "lat": 59.423601, "lon": 30.828809, "own_station_id": "P03", "own_date": "Август 2025", "own_parameter": "рН", "own_value": 6.5, "own_unit": "-", "own_comment": "Кислотность"}, "geometry": {"type": "Point", "coordinates": [59.423601, 30.828809]}}, {"type": "Feature", "properties": {"station_id": "P04", "name": "д. Аннолово", "river": "р. Ижора", "lat": 59.633197, "lon": 30.540788, "own_station_id": "P04", "own_date": "Июль 2026", "own_parameter": "Cd", "own_value": 0.0, "own_unit": "мг/л", "own_comment": "Кадмий"}, "geometry": {"type": "Point", "coordinates": [59.633197, 30.540788]}}, {"type": "Feature", "properties": {"station_id": "P04", "name": "д. Аннолово", "river": "р. Ижора", "lat": 59.633197, "lon": 30.540788, "own_station_id": "P04", "own_date": "Июль 2026", "own_parameter": "Pb", "own_value": 0.0, "own_unit": "мг/т", "own_comment": "Свинец"}, "geometry": {"type": "Point", "coordinates": [59.633197, 30.540788]}}, {"type": "Feature", "properties": {"station_id": "P04", "name": "д. Аннолово", "river": "р. Ижора", "lat": 59.633197, "lon": 30.540788, "own_station_id": "P04", "own_date": "Июль 2026", "own_parameter": "Hg", "own_value": 0.0, "own_unit": "мг/л", "own_comment": "Ртуть"}, "geometry": {"type": "Point", "coordinates": [59.633197, 30.540788]}}, {"type": "Feature", "properties": {"station_id": "P04", "name": "д. Аннолово", "river": "р. Ижора", "lat": 59.633197, "lon": 30.540788, "own_station_id": "P04", "own_date": "Июль 2026", "own_parameter": "Cr", "own_value": 0.0, "own_unit": "мг/л", "own_comment": "Хром"}, "geometry": {"type": "Point", "coordinates": [59.633197, 30.540788]}}, {"type": "Feature", "properties": {"station_id": "P04", "name": "д. Аннолово", "river": "р. Ижора", "lat": 59.633197, "lon": 30.540788, "own_station_id": "P04", "own_date": "Июль 2026", "own_parameter": "Ca", "own_value": 250.0, "own_unit": "мг/л", "own_comment": "Кальций"}, "geometry": {"type": "Point", "coordinates": [59.633197, 30.540788]}}, {"type": "Feature", "properties": {"station_id": "P04", "name": "д. Аннолово", "river": "р. Ижора", "lat": 59.633197, "lon": 30.540788, "own_station_id": "P04", "own_date": "Июль 2026", "own_parameter": "Mg", "own_value": 250.0, "own_unit": "мг/л", "own_comment": "Магний"}, "geometry": {"type": "Point", "coordinates": [59.633197, 30.540788]}}, {"type": "Feature", "properties": {"station_id": "P04", "name": "д. Аннолово", "river": "р. Ижора", "lat": 59.633197, "lon": 30.540788, "own_station_id": "P04", "own_date": "Июль 2026", "own_parameter": "Zn", "own_value": 0.0, "own_unit": "мг/л", "own_comment": "Цинк"}, "geometry": {"type": "Point", "coordinates": [59.633197, 30.540788]}}, {"type": "Feature", "properties": {"station_id": "P04", "name": "д. Аннолово", "river": "р. Ижора", "lat": 59.633197, "lon": 30.540788, "own_station_id": "P04", "own_date": "Июль 2026", "own_parameter": "Mn", "own_value": 0.0, "own_unit": "мг/т", "own_comment": "Марганец"}, "geometry": {"type": "Point", "coordinates": [59.633197, 30.540788]}}, {"type": "Feature", "properties": {"station_id": "P04", "name": "д. Аннолово", "river": "р. Ижора", "lat": 59.633197, "lon": 30.540788, "own_station_id": "P04", "own_date": "Июль 2026", "own_parameter": "Fe", "own_value": 0.0, "own_unit": "мг/л", "own_comment": "Железо"}, "geometry": {"type": "Point", "coordinates": [59.633197, 30.540788]}}, {"type": "Feature", "properties": {"station_id": "P04", "name": "д. Аннолово", "river": "р. Ижора", "lat": 59.633197, "lon": 30.540788, "own_station_id": "P04", "own_date": "Июль 2026", "own_parameter": "Cu", "own_value": 0.0, "own_unit": "мг/л", "own_comment": "Медь"}, "geometry": {"type": "Point", "coordinates": [59.633197, 30.540788]}}, {"type": "Feature", "properties": {"station_id": "P04", "name": "д. Аннолово", "river": "р. Ижора", "lat": 59.633197, "lon": 30.540788, "own_station_id": "P04", "own_date": "Июль 2026", "own_parameter": "Feобщ", "own_value": 0.3, "own_unit": "мг/л", "own_comment": "Железо общее"}, "geometry": {"type": "Point", "coordinates": [59.633197, 30.540788]}}, {"type": "Feature", "properties": {"station_id": "P04", "name": "д. Аннолово", "river": "р. Ижора", "lat": 59.633197, "lon": 30.540788, "own_station_id": "P04", "own_date": "Июль 2026", "own_parameter": "ПМО", "own_value": 15.0, "own_unit": "мг О2/л", "own_comment": "Перманганатная окисляемость"}, "geometry": {"type": "Point", "coordinates": [59.633197, 30.540788]}}, {"type": "Feature", "properties": {"station_id": "P04", "name": "д. Аннолово", "river": "р. Ижора", "lat": 59.633197, "lon": 30.540788, "own_station_id": "P04", "own_date": "Июль 2026", "own_parameter": "Feраств​", "own_value": 0.3, "own_unit": "мг/л", "own_comment": "Железо растворенное"}, "geometry": {"type": "Point", "coordinates": [59.633197, 30.540788]}}, {"type": "Feature", "properties": {"station_id": "P04", "name": "д. Аннолово", "river": "р. Ижора", "lat": 59.633197, "lon": 30.540788, "own_station_id": "P04", "own_date": "Июль 2026", "own_parameter": "Cl", "own_value": 1.0, "own_unit": "мг/л", "own_comment": "Хлор"}, "geometry": {"type": "Point", "coordinates": [59.633197, 30.540788]}}, {"type": "Feature", "properties": {"station_id": "P04", "name": "д. Аннолово", "river": "р. Ижора", "lat": 59.633197, "lon": 30.540788, "own_station_id": "P04", "own_date": "Июль 2026", "own_parameter": "Жₒ", "own_value": 5.0, "own_unit": "Ж", "own_comment": "Жесткость"}, "geometry": {"type": "Point", "coordinates": [59.633197, 30.540788]}}, {"type": "Feature", "properties": {"station_id": "P04", "name": "д. Аннолово", "river": "р. Ижора", "lat": 59.633197, "lon": 30.540788, "own_station_id": "P04", "own_date": "Июль 2026", "own_parameter": "NO₂", "own_value": 0.0, "own_unit": "мг/л", "own_comment": "Нитриты"}, "geometry": {"type": "Point", "coordinates": [59.633197, 30.540788]}}, {"type": "Feature", "properties": {"station_id": "P04", "name": "д. Аннолово", "river": "р. Ижора", "lat": 59.633197, "lon": 30.540788, "own_station_id": "P04", "own_date": "Июль 2026", "own_parameter": "NO₃", "own_value": 0.0, "own_unit": "мг/л", "own_comment": "Нитраты"}, "geometry": {"type": "Point", "coordinates": [59.633197, 30.540788]}}, {"type": "Feature", "properties": {"station_id": "P04", "name": "д. Аннолово", "river": "р. Ижора", "lat": 59.633197, "lon": 30.540788, "own_station_id": "P04", "own_date": "Июль 2026", "own_parameter": "рН", "own_value": 6.0, "own_unit": "-", "own_comment": "Кислотность"}, "geometry": {"type": "Point", "coordinates": [59.633197, 30.540788]}}, {"type": "Feature", "properties": {"station_id": "P04", "name": "д. Аннолово", "river": "р. Ижора", "lat": 59.633197, "lon": 30.540788, "own_station_id": "P04", "own_date": "Май 2026", "own_parameter": "Cd", "own_value": 0.0, "own_unit": "мг/л", "own_comment": "Кадмий"}, "geometry": {"type": "Point", "coordinates": [59.633197, 30.540788]}}, {"type": "Feature", "properties": {"station_id": "P04", "name": "д. Аннолово", "river": "р. Ижора", "lat": 59.633197, "lon": 30.540788, "own_station_id": "P04", "own_date": "Май 2026", "own_parameter": "Pb", "own_value": 0.0, "own_unit": "мг/т", "own_comment": "Свинец"}, "geometry": {"type": "Point", "coordinates": [59.633197, 30.540788]}}, {"type": "Feature", "properties": {"station_id": "P04", "name": "д. Аннолово", "river": "р. Ижора", "lat": 59.633197, "lon": 30.540788, "own_station_id": "P04", "own_date": "Май 2026", "own_parameter": "Hg", "own_value": 0.0, "own_unit": "мг/л", "own_comment": "Ртуть"}, "geometry": {"type": "Point", "coordinates": [59.633197, 30.540788]}}, {"type": "Feature", "properties": {"station_id": "P04", "name": "д. Аннолово", "river": "р. Ижора", "lat": 59.633197, "lon": 30.540788, "own_station_id": "P04", "own_date": "Май 2026", "own_parameter": "Cr", "own_value": 0.0, "own_unit": "мг/л", "own_comment": "Хром"}, "geometry": {"type": "Point", "coordinates": [59.633197, 30.540788]}}, {"type": "Feature", "properties": {"station_id": "P04", "name": "д. Аннолово", "river": "р. Ижора", "lat": 59.633197, "lon": 30.540788, "own_station_id": "P04", "own_date": "Май 2026", "own_parameter": "Ca", "own_value": 250.0, "own_unit": "мг/л", "own_comment": "Кальций"}, "geometry": {"type": "Point", "coordinates": [59.633197, 30.540788]}}, {"type": "Feature", "properties": {"station_id": "P04", "name": "д. Аннолово", "river": "р. Ижора", "lat": 59.633197, "lon": 30.540788, "own_station_id": "P04", "own_date": "Май 2026", "own_parameter": "Mg", "own_value": 250.0, "own_unit": "мг/л", "own_comment": "Магний"}, "geometry": {"type": "Point", "coordinates": [59.633197, 30.540788]}}, {"type": "Feature", "properties": {"station_id": "P04", "name": "д. Аннолово", "river": "р. Ижора", "lat": 59.633197, "lon": 30.540788, "own_station_id": "P04", "own_date": "Май 2026", "own_parameter": "Zn", "own_value": 5.0, "own_unit": "мг/л", "own_comment": "Цинк"}, "geometry": {"type": "Point", "coordinates": [59.633197, 30.540788]}}, {"type": "Feature", "properties": {"station_id": "P04", "name": "д. Аннолово", "river": "р. Ижора", "lat": 59.633197, "lon": 30.540788, "own_station_id": "P04", "own_date": "Май 2026", "own_parameter": "Mn", "own_value": 0.0, "own_unit": "мг/т", "own_comment": "Марганец"}, "geometry": {"type": "Point", "coordinates": [59.633197, 30.540788]}}, {"type": "Feature", "properties": {"station_id": "P04", "name": "д. Аннолово", "river": "р. Ижора", "lat": 59.633197, "lon": 30.540788, "own_station_id": "P04", "own_date": "Май 2026", "own_parameter": "Fe", "own_value": 0.0, "own_unit": "мг/л", "own_comment": "Железо"}, "geometry": {"type": "Point", "coordinates": [59.633197, 30.540788]}}, {"type": "Feature", "properties": {"station_id": "P04", "name": "д. Аннолово", "river": "р. Ижора", "lat": 59.633197, "lon": 30.540788, "own_station_id": "P04", "own_date": "Май 2026", "own_parameter": "Cu", "own_value": 0.0, "own_unit": "мг/л", "own_comment": "Медь"}, "geometry": {"type": "Point", "coordinates": [59.633197, 30.540788]}}, {"type": "Feature", "properties": {"station_id": "P04", "name": "д. Аннолово", "river": "р. Ижора", "lat": 59.633197, "lon": 30.540788, "own_station_id": "P04", "own_date": "Май 2026", "own_parameter": "Feобщ", "own_value": 0.3, "own_unit": "мг/л", "own_comment": "Железо общее"}, "geometry": {"type": "Point", "coordinates": [59.633197, 30.540788]}}, {"type": "Feature", "properties": {"station_id": "P04", "name": "д. Аннолово", "river": "р. Ижора", "lat": 59.633197, "lon": 30.540788, "own_station_id": "P04", "own_date": "Май 2026", "own_parameter": "ПМО", "own_value": 1.0, "own_unit": "мг О2/л", "own_comment": "Перманганатная окисляемость"}, "geometry": {"type": "Point", "coordinates": [59.633197, 30.540788]}}, {"type": "Feature", "properties": {"station_id": "P04", "name": "д. Аннолово", "river": "р. Ижора", "lat": 59.633197, "lon": 30.540788, "own_station_id": "P04", "own_date": "Май 2026", "own_parameter": "Feраств​", "own_value": 0.3, "own_unit": "мг/л", "own_comment": "Железо растворенное"}, "geometry": {"type": "Point", "coordinates": [59.633197, 30.540788]}}, {"type": "Feature", "properties": {"station_id": "P04", "name": "д. Аннолово", "river": "р. Ижора", "lat": 59.633197, "lon": 30.540788, "own_station_id": "P04", "own_date": "Май 2026", "own_parameter": "Cl", "own_value": 1.0, "own_unit": "мг/л", "own_comment": "Хлор"}, "geometry": {"type": "Point", "coordinates": [59.633197, 30.540788]}}, {"type": "Feature", "properties": {"station_id": "P04", "name": "д. Аннолово", "river": "р. Ижора", "lat": 59.633197, "lon": 30.540788, "own_station_id": "P04", "own_date": "Май 2026", "own_parameter": "Жₒ", "own_value": 3.0, "own_unit": "Ж", "own_comment": "Жесткость"}, "geometry": {"type": "Point", "coordinates": [59.633197, 30.540788]}}, {"type": "Feature", "properties": {"station_id": "P04", "name": "д. Аннолово", "river": "р. Ижора", "lat": 59.633197, "lon": 30.540788, "own_station_id": "P04", "own_date": "Май 2026", "own_parameter": "NO₂", "own_value": 0.0, "own_unit": "мг/л", "own_comment": "Нитриты"}, "geometry": {"type": "Point", "coordinates": [59.633197, 30.540788]}}, {"type": "Feature", "properties": {"station_id": "P04", "name": "д. Аннолово", "river": "р. Ижора", "lat": 59.633197, "lon": 30.540788, "own_station_id": "P04", "own_date": "Май 2026", "own_parameter": "NO₃", "own_value": 0.0, "own_unit": "мг/л", "own_comment": "Нитраты"}, "geometry": {"type": "Point", "coordinates": [59.633197, 30.540788]}}, {"type": "Feature", "properties": {"station_id": "P04", "name": "д. Аннолово", "river": "р. Ижора", "lat": 59.633197, "lon": 30.540788, "own_station_id": "P04", "own_date": "Май 2026", "own_parameter": "рН", "own_value": 6.5, "own_unit": "-", "own_comment": "Кислотность"}, "geometry": {"type": "Point", "coordinates": [59.633197, 30.540788]}}, {"type": "Feature", "properties": {"station_id": "P04", "name": "д. Аннолово", "river": "р. Ижора", "lat": 59.633197, "lon": 30.540788, "own_station_id": "P04", "own_date": "Август 2025", "own_parameter": "Cd", "own_value": 0.0, "own_unit": "мг/л", "own_comment": "Кадмий"}, "geometry": {"type": "Point", "coordinates": [59.633197, 30.540788]}}, {"type": "Feature", "properties": {"station_id": "P04", "name": "д. Аннолово", "river": "р. Ижора", "lat": 59.633197, "lon": 30.540788, "own_station_id": "P04", "own_date": "Август 2025", "own_parameter": "Pb", "own_value": 0.0, "own_unit": "мг/т", "own_comment": "Свинец"}, "geometry": {"type": "Point", "coordinates": [59.633197, 30.540788]}}, {"type": "Feature", "properties": {"station_id": "P04", "name": "д. Аннолово", "river": "р. Ижора", "lat": 59.633197, "lon": 30.540788, "own_station_id": "P04", "own_date": "Август 2025", "own_parameter": "Hg", "own_value": 0.5, "own_unit": "мг/л", "own_comment": "Ртуть"}, "geometry": {"type": "Point", "coordinates": [59.633197, 30.540788]}}, {"type": "Feature", "properties": {"station_id": "P04", "name": "д. Аннолово", "river": "р. Ижора", "lat": 59.633197, "lon": 30.540788, "own_station_id": "P04", "own_date": "Август 2025", "own_parameter": "Cr", "own_value": 0.0, "own_unit": "мг/л", "own_comment": "Хром"}, "geometry": {"type": "Point", "coordinates": [59.633197, 30.540788]}}, {"type": "Feature", "properties": {"station_id": "P04", "name": "д. Аннолово", "river": "р. Ижора", "lat": 59.633197, "lon": 30.540788, "own_station_id": "P04", "own_date": "Август 2025", "own_parameter": "Ca", "own_value": 425.0, "own_unit": "мг/л", "own_comment": "Кальций"}, "geometry": {"type": "Point", "coordinates": [59.633197, 30.540788]}}, {"type": "Feature", "properties": {"station_id": "P04", "name": "д. Аннолово", "river": "р. Ижора", "lat": 59.633197, "lon": 30.540788, "own_station_id": "P04", "own_date": "Август 2025", "own_parameter": "Mg", "own_value": 1000.0, "own_unit": "мг/л", "own_comment": "Магний"}, "geometry": {"type": "Point", "coordinates": [59.633197, 30.540788]}}, {"type": "Feature", "properties": {"station_id": "P04", "name": "д. Аннолово", "river": "р. Ижора", "lat": 59.633197, "lon": 30.540788, "own_station_id": "P04", "own_date": "Август 2025", "own_parameter": "Zn", "own_value": 0.0, "own_unit": "мг/л", "own_comment": "Цинк"}, "geometry": {"type": "Point", "coordinates": [59.633197, 30.540788]}}, {"type": "Feature", "properties": {"station_id": "P04", "name": "д. Аннолово", "river": "р. Ижора", "lat": 59.633197, "lon": 30.540788, "own_station_id": "P04", "own_date": "Август 2025", "own_parameter": "Mn", "own_value": 0.0, "own_unit": "мг/т", "own_comment": "Марганец"}, "geometry": {"type": "Point", "coordinates": [59.633197, 30.540788]}}, {"type": "Feature", "properties": {"station_id": "P04", "name": "д. Аннолово", "river": "р. Ижора", "lat": 59.633197, "lon": 30.540788, "own_station_id": "P04", "own_date": "Август 2025", "own_parameter": "Fe", "own_value": 0.3, "own_unit": "мг/л", "own_comment": "Железо"}, "geometry": {"type": "Point", "coordinates": [59.633197, 30.540788]}}, {"type": "Feature", "properties": {"station_id": "P04", "name": "д. Аннолово", "river": "р. Ижора", "lat": 59.633197, "lon": 30.540788, "own_station_id": "P04", "own_date": "Август 2025", "own_parameter": "Cu", "own_value": 0.0, "own_unit": "мг/л", "own_comment": "Медь"}, "geometry": {"type": "Point", "coordinates": [59.633197, 30.540788]}}, {"type": "Feature", "properties": {"station_id": "P04", "name": "д. Аннолово", "river": "р. Ижора", "lat": 59.633197, "lon": 30.540788, "own_station_id": "P04", "own_date": "Август 2025", "own_parameter": "Feобщ", "own_value": 5.0, "own_unit": "мг/л", "own_comment": "Железо общее"}, "geometry": {"type": "Point", "coordinates": [59.633197, 30.540788]}}, {"type": "Feature", "properties": {"station_id": "P04", "name": "д. Аннолово", "river": "р. Ижора", "lat": 59.633197, "lon": 30.540788, "own_station_id": "P04", "own_date": "Август 2025", "own_parameter": "ПМО", "own_value": 10.0, "own_unit": "мг О2/л", "own_comment": "Перманганатная окисляемость"}, "geometry": {"type": "Point", "coordinates": [59.633197, 30.540788]}}, {"type": "Feature", "properties": {"station_id": "P04", "name": "д. Аннолово", "river": "р. Ижора", "lat": 59.633197, "lon": 30.540788, "own_station_id": "P04", "own_date": "Август 2025", "own_parameter": "Feраств​", "own_value": 0.3, "own_unit": "мг/л", "own_comment": "Железо растворенное"}, "geometry": {"type": "Point", "coordinates": [59.633197, 30.540788]}}, {"type": "Feature", "properties": {"station_id": "P04", "name": "д. Аннолово", "river": "р. Ижора", "lat": 59.633197, "lon": 30.540788, "own_station_id": "P04", "own_date": "Август 2025", "own_parameter": "Cl", "own_value": 3.0, "own_unit": "мг/л", "own_comment": "Хлор"}, "geometry": {"type": "Point", "coordinates": [59.633197, 30.540788]}}, {"type": "Feature", "properties": {"station_id": "P04", "name": "д. Аннолово", "river": "р. Ижора", "lat": 59.633197, "lon": 30.540788, "own_station_id": "P04", "own_date": "Август 2025", "own_parameter": "Жₒ", "own_value": 10.0, "own_unit": "Ж", "own_comment": "Жесткость"}, "geometry": {"type": "Point", "coordinates": [59.633197, 30.540788]}}, {"type": "Feature", "properties": {"station_id": "P04", "name": "д. Аннолово", "river": "р. Ижора", "lat": 59.633197, "lon": 30.540788, "own_station_id": "P04", "own_date": "Август 2025", "own_parameter": "NO₂", "own_value": 0.0, "own_unit": "мг/л", "own_comment": "Нитриты"}, "geometry": {"type": "Point", "coordinates": [59.633197, 30.540788]}}, {"type": "Feature", "properties": {"station_id": "P04", "name": "д. Аннолово", "river": "р. Ижора", "lat": 59.633197, "lon": 30.540788, "own_station_id": "P04", "own_date": "Август 2025", "own_parameter": "NO₃", "own_value": 0.0, "own_unit": "мг/л", "own_comment": "Нитраты"}, "geometry": {"type": "Point", "coordinates": [59.633197, 30.540788]}}, {"type": "Feature", "properties": {"station_id": "P04", "name": "д. Аннолово", "river": "р. Ижора", "lat": 59.633197, "lon": 30.540788, "own_station_id": "P04", "own_date": "Август 2025", "own_parameter": "рН", "own_value": 8.5, "own_unit": "-", "own_comment": "Кислотность"}, "geometry": {"type": "Point", "coordinates": [59.633197, 30.540788]}}, {"type": "Feature", "properties": {"station_id": "P05", "name": "г. Луга", "river": "р. Луга", "lat": 58.73, "lon": 29.84, "own_station_id": "P05", "own_date": "Июль 2026", "own_parameter": "Cd", "own_value": 0.0, "own_unit": "мг/л", "own_comment": "Кадмий"}, "geometry": {"type": "Point", "coordinates": [58.73, 29.84]}}, {"type": "Feature", "properties": {"station_id": "P05", "name": "г. Луга", "river": "р. Луга", "lat": 58.73, "lon": 29.84, "own_station_id": "P05", "own_date": "Июль 2026", "own_parameter": "Pb", "own_value": 0.0, "own_unit": "мг/т", "own_comment": "Свинец"}, "geometry": {"type": "Point", "coordinates": [58.73, 29.84]}}, {"type": "Feature", "properties": {"station_id": "P05", "name": "г. Луга", "river": "р. Луга", "lat": 58.73, "lon": 29.84, "own_station_id": "P05", "own_date": "Июль 2026", "own_parameter": "Hg", "own_value": 0.0, "own_unit": "мг/л", "own_comment": "Ртуть"}, "geometry": {"type": "Point", "coordinates": [58.73, 29.84]}}, {"type": "Feature", "properties": {"station_id": "P05", "name": "г. Луга", "river": "р. Луга", "lat": 58.73, "lon": 29.84, "own_station_id": "P05", "own_date": "Июль 2026", "own_parameter": "Cr", "own_value": 0.0, "own_unit": "мг/л", "own_comment": "Хром"}, "geometry": {"type": "Point", "coordinates": [58.73, 29.84]}}, {"type": "Feature", "properties": {"station_id": "P05", "name": "г. Луга", "river": "р. Луга", "lat": 58.73, "lon": 29.84, "own_station_id": "P05", "own_date": "Июль 2026", "own_parameter": "Ca", "own_value": 250.0, "own_unit": "мг/л", "own_comment": "Кальций"}, "geometry": {"type": "Point", "coordinates": [58.73, 29.84]}}, {"type": "Feature", "properties": {"station_id": "P05", "name": "г. Луга", "river": "р. Луга", "lat": 58.73, "lon": 29.84, "own_station_id": "P05", "own_date": "Июль 2026", "own_parameter": "Mg", "own_value": 250.0, "own_unit": "мг/л", "own_comment": "Магний"}, "geometry": {"type": "Point", "coordinates": [58.73, 29.84]}}, {"type": "Feature", "properties": {"station_id": "P05", "name": "г. Луга", "river": "р. Луга", "lat": 58.73, "lon": 29.84, "own_station_id": "P05", "own_date": "Июль 2026", "own_parameter": "Zn", "own_value": 0.0, "own_unit": "мг/л", "own_comment": "Цинк"}, "geometry": {"type": "Point", "coordinates": [58.73, 29.84]}}, {"type": "Feature", "properties": {"station_id": "P05", "name": "г. Луга", "river": "р. Луга", "lat": 58.73, "lon": 29.84, "own_station_id": "P05", "own_date": "Июль 2026", "own_parameter": "Mn", "own_value": 0.0, "own_unit": "мг/т", "own_comment": "Марганец"}, "geometry": {"type": "Point", "coordinates": [58.73, 29.84]}}, {"type": "Feature", "properties": {"station_id": "P05", "name": "г. Луга", "river": "р. Луга", "lat": 58.73, "lon": 29.84, "own_station_id": "P05", "own_date": "Июль 2026", "own_parameter": "Fe", "own_value": 0.3, "own_unit": "мг/л", "own_comment": "Железо"}, "geometry": {"type": "Point", "coordinates": [58.73, 29.84]}}, {"type": "Feature", "properties": {"station_id": "P05", "name": "г. Луга", "river": "р. Луга", "lat": 58.73, "lon": 29.84, "own_station_id": "P05", "own_date": "Июль 2026", "own_parameter": "Cu", "own_value": 0.0, "own_unit": "мг/л", "own_comment": "Медь"}, "geometry": {"type": "Point", "coordinates": [58.73, 29.84]}}, {"type": "Feature", "properties": {"station_id": "P05", "name": "г. Луга", "river": "р. Луга", "lat": 58.73, "lon": 29.84, "own_station_id": "P05", "own_date": "Июль 2026", "own_parameter": "Feобщ", "own_value": 0.3, "own_unit": "мг/л", "own_comment": "Железо общее"}, "geometry": {"type": "Point", "coordinates": [58.73, 29.84]}}, {"type": "Feature", "properties": {"station_id": "P05", "name": "г. Луга", "river": "р. Луга", "lat": 58.73, "lon": 29.84, "own_station_id": "P05", "own_date": "Июль 2026", "own_parameter": "ПМО", "own_value": 10.0, "own_unit": "мг О2/л", "own_comment": "Перманганатная окисляемость"}, "geometry": {"type": "Point", "coordinates": [58.73, 29.84]}}, {"type": "Feature", "properties": {"station_id": "P05", "name": "г. Луга", "river": "р. Луга", "lat": 58.73, "lon": 29.84, "own_station_id": "P05", "own_date": "Июль 2026", "own_parameter": "Feраств​", "own_value": 0.3, "own_unit": "мг/л", "own_comment": "Железо растворенное"}, "geometry": {"type": "Point", "coordinates": [58.73, 29.84]}}, {"type": "Feature", "properties": {"station_id": "P05", "name": "г. Луга", "river": "р. Луга", "lat": 58.73, "lon": 29.84, "own_station_id": "P05", "own_date": "Июль 2026", "own_parameter": "Cl", "own_value": 3.0, "own_unit": "мг/л", "own_comment": "Хлор"}, "geometry": {"type": "Point", "coordinates": [58.73, 29.84]}}, {"type": "Feature", "properties": {"station_id": "P05", "name": "г. Луга", "river": "р. Луга", "lat": 58.73, "lon": 29.84, "own_station_id": "P05", "own_date": "Июль 2026", "own_parameter": "Жₒ", "own_value": 3.0, "own_unit": "Ж", "own_comment": "Жесткость"}, "geometry": {"type": "Point", "coordinates": [58.73, 29.84]}}, {"type": "Feature", "properties": {"station_id": "P05", "name": "г. Луга", "river": "р. Луга", "lat": 58.73, "lon": 29.84, "own_station_id": "P05", "own_date": "Июль 2026", "own_parameter": "NO₂", "own_value": 1.0, "own_unit": "мг/л", "own_comment": "Нитриты"}, "geometry": {"type": "Point", "coordinates": [58.73, 29.84]}}, {"type": "Feature", "properties": {"station_id": "P05", "name": "г. Луга", "river": "р. Луга", "lat": 58.73, "lon": 29.84, "own_station_id": "P05", "own_date": "Июль 2026", "own_parameter": "NO₃", "own_value": 10.0, "own_unit": "мг/л", "own_comment": "Нитраты"}, "geometry": {"type": "Point", "coordinates": [58.73, 29.84]}}, {"type": "Feature", "properties": {"station_id": "P05", "name": "г. Луга", "river": "р. Луга", "lat": 58.73, "lon": 29.84, "own_station_id": "P05", "own_date": "Июль 2026", "own_parameter": "рН", "own_value": 7.0, "own_unit": "-", "own_comment": "Кислотность"}, "geometry": {"type": "Point", "coordinates": [58.73, 29.84]}}, {"type": "Feature", "properties": {"station_id": "P05", "name": "г. Луга", "river": "р. Луга", "lat": 58.73, "lon": 29.84, "own_station_id": "P05", "own_date": "Май 2026", "own_parameter": "Cd", "own_value": 0.0, "own_unit": "мг/л", "own_comment": "Кадмий"}, "geometry": {"type": "Point", "coordinates": [58.73, 29.84]}}, {"type": "Feature", "properties": {"station_id": "P05", "name": "г. Луга", "river": "р. Луга", "lat": 58.73, "lon": 29.84, "own_station_id": "P05", "own_date": "Май 2026", "own_parameter": "Pb", "own_value": 0.0, "own_unit": "мг/т", "own_comment": "Свинец"}, "geometry": {"type": "Point", "coordinates": [58.73, 29.84]}}, {"type": "Feature", "properties": {"station_id": "P05", "name": "г. Луга", "river": "р. Луга", "lat": 58.73, "lon": 29.84, "own_station_id": "P05", "own_date": "Май 2026", "own_parameter": "Hg", "own_value": 0.0, "own_unit": "мг/л", "own_comment": "Ртуть"}, "geometry": {"type": "Point", "coordinates": [58.73, 29.84]}}, {"type": "Feature", "properties": {"station_id": "P05", "name": "г. Луга", "river": "р. Луга", "lat": 58.73, "lon": 29.84, "own_station_id": "P05", "own_date": "Май 2026", "own_parameter": "Cr", "own_value": 0.0, "own_unit": "мг/л", "own_comment": "Хром"}, "geometry": {"type": "Point", "coordinates": [58.73, 29.84]}}, {"type": "Feature", "properties": {"station_id": "P05", "name": "г. Луга", "river": "р. Луга", "lat": 58.73, "lon": 29.84, "own_station_id": "P05", "own_date": "Май 2026", "own_parameter": "Ca", "own_value": 120.0, "own_unit": "мг/л", "own_comment": "Кальций"}, "geometry": {"type": "Point", "coordinates": [58.73, 29.84]}}, {"type": "Feature", "properties": {"station_id": "P05", "name": "г. Луга", "river": "р. Луга", "lat": 58.73, "lon": 29.84, "own_station_id": "P05", "own_date": "Май 2026", "own_parameter": "Mg", "own_value": 100.0, "own_unit": "мг/л", "own_comment": "Магний"}, "geometry": {"type": "Point", "coordinates": [58.73, 29.84]}}, {"type": "Feature", "properties": {"station_id": "P05", "name": "г. Луга", "river": "р. Луга", "lat": 58.73, "lon": 29.84, "own_station_id": "P05", "own_date": "Май 2026", "own_parameter": "Zn", "own_value": 5.0, "own_unit": "мг/л", "own_comment": "Цинк"}, "geometry": {"type": "Point", "coordinates": [58.73, 29.84]}}, {"type": "Feature", "properties": {"station_id": "P05", "name": "г. Луга", "river": "р. Луга", "lat": 58.73, "lon": 29.84, "own_station_id": "P05", "own_date": "Май 2026", "own_parameter": "Mn", "own_value": 0.0, "own_unit": "мг/т", "own_comment": "Марганец"}, "geometry": {"type": "Point", "coordinates": [58.73, 29.84]}}, {"type": "Feature", "properties": {"station_id": "P05", "name": "г. Луга", "river": "р. Луга", "lat": 58.73, "lon": 29.84, "own_station_id": "P05", "own_date": "Май 2026", "own_parameter": "Fe", "own_value": 0.3, "own_unit": "мг/л", "own_comment": "Железо"}, "geometry": {"type": "Point", "coordinates": [58.73, 29.84]}}, {"type": "Feature", "properties": {"station_id": "P05", "name": "г. Луга", "river": "р. Луга", "lat": 58.73, "lon": 29.84, "own_station_id": "P05", "own_date": "Май 2026", "own_parameter": "Cu", "own_value": 0.0, "own_unit": "мг/л", "own_comment": "Медь"}, "geometry": {"type": "Point", "coordinates": [58.73, 29.84]}}, {"type": "Feature", "properties": {"station_id": "P05", "name": "г. Луга", "river": "р. Луга", "lat": 58.73, "lon": 29.84, "own_station_id": "P05", "own_date": "Май 2026", "own_parameter": "Feобщ", "own_value": 0.3, "own_unit": "мг/л", "own_comment": "Железо общее"}, "geometry": {"type": "Point", "coordinates": [58.73, 29.84]}}, {"type": "Feature", "properties": {"station_id": "P05", "name": "г. Луга", "river": "р. Луга", "lat": 58.73, "lon": 29.84, "own_station_id": "P05", "own_date": "Май 2026", "own_parameter": "ПМО", "own_value": 10.0, "own_unit": "мг О2/л", "own_comment": "Перманганатная окисляемость"}, "geometry": {"type": "Point", "coordinates": [58.73, 29.84]}}, {"type": "Feature", "properties": {"station_id": "P05", "name": "г. Луга", "river": "р. Луга", "lat": 58.73, "lon": 29.84, "own_station_id": "P05", "own_date": "Май 2026", "own_parameter": "Feраств​", "own_value": 0.3, "own_unit": "мг/л", "own_comment": "Железо растворенное"}, "geometry": {"type": "Point", "coordinates": [58.73, 29.84]}}, {"type": "Feature", "properties": {"station_id": "P05", "name": "г. Луга", "river": "р. Луга", "lat": 58.73, "lon": 29.84, "own_station_id": "P05", "own_date": "Май 2026", "own_parameter": "Cl", "own_value": 3.0, "own_unit": "мг/л", "own_comment": "Хлор"}, "geometry": {"type": "Point", "coordinates": [58.73, 29.84]}}, {"type": "Feature", "properties": {"station_id": "P05", "name": "г. Луга", "river": "р. Луга", "lat": 58.73, "lon": 29.84, "own_station_id": "P05", "own_date": "Май 2026", "own_parameter": "Жₒ", "own_value": 5.0, "own_unit": "Ж", "own_comment": "Жесткость"}, "geometry": {"type": "Point", "coordinates": [58.73, 29.84]}}, {"type": "Feature", "properties": {"station_id": "P05", "name": "г. Луга", "river": "р. Луга", "lat": 58.73, "lon": 29.84, "own_station_id": "P05", "own_date": "Май 2026", "own_parameter": "NO₂", "own_value": 0.0, "own_unit": "мг/л", "own_comment": "Нитриты"}, "geometry": {"type": "Point", "coordinates": [58.73, 29.84]}}, {"type": "Feature", "properties": {"station_id": "P05", "name": "г. Луга", "river": "р. Луга", "lat": 58.73, "lon": 29.84, "own_station_id": "P05", "own_date": "Май 2026", "own_parameter": "NO₃", "own_value": 0.0, "own_unit": "мг/л", "own_comment": "Нитраты"}, "geometry": {"type": "Point", "coordinates": [58.73, 29.84]}}, {"type": "Feature", "properties": {"station_id": "P05", "name": "г. Луга", "river": "р. Луга", "lat": 58.73, "lon": 29.84, "own_station_id": "P05", "own_date": "Май 2026", "own_parameter": "рН", "own_value": 7.0, "own_unit": "-", "own_comment": "Кислотность"}, "geometry": {"type": "Point", "coordinates": [58.73, 29.84]}}, {"type": "Feature", "properties": {"station_id": "P05", "name": "г. Луга", "river": "р. Луга", "lat": 58.73, "lon": 29.84, "own_station_id": "P05", "own_date": "Август 2025", "own_parameter": "Cd", "own_value": 0.0, "own_unit": "мг/л", "own_comment": "Кадмий"}, "geometry": {"type": "Point", "coordinates": [58.73, 29.84]}}, {"type": "Feature", "properties": {"station_id": "P05", "name": "г. Луга", "river": "р. Луга", "lat": 58.73, "lon": 29.84, "own_station_id": "P05", "own_date": "Август 2025", "own_parameter": "Pb", "own_value": 0.0, "own_unit": "мг/т", "own_comment": "Свинец"}, "geometry": {"type": "Point", "coordinates": [58.73, 29.84]}}, {"type": "Feature", "properties": {"station_id": "P05", "name": "г. Луга", "river": "р. Луга", "lat": 58.73, "lon": 29.84, "own_station_id": "P05", "own_date": "Август 2025", "own_parameter": "Hg", "own_value": 0.0, "own_unit": "мг/л", "own_comment": "Ртуть"}, "geometry": {"type": "Point", "coordinates": [58.73, 29.84]}}, {"type": "Feature", "properties": {"station_id": "P05", "name": "г. Луга", "river": "р. Луга", "lat": 58.73, "lon": 29.84, "own_station_id": "P05", "own_date": "Август 2025", "own_parameter": "Cr", "own_value": 0.0, "own_unit": "мг/л", "own_comment": "Хром"}, "geometry": {"type": "Point", "coordinates": [58.73, 29.84]}}, {"type": "Feature", "properties": {"station_id": "P05", "name": "г. Луга", "river": "р. Луга", "lat": 58.73, "lon": 29.84, "own_station_id": "P05", "own_date": "Август 2025", "own_parameter": "Ca", "own_value": 120.0, "own_unit": "мг/л", "own_comment": "Кальций"}, "geometry": {"type": "Point", "coordinates": [58.73, 29.84]}}, {"type": "Feature", "properties": {"station_id": "P05", "name": "г. Луга", "river": "р. Луга", "lat": 58.73, "lon": 29.84, "own_station_id": "P05", "own_date": "Август 2025", "own_parameter": "Mg", "own_value": 100.0, "own_unit": "мг/л", "own_comment": "Магний"}, "geometry": {"type": "Point", "coordinates": [58.73, 29.84]}}, {"type": "Feature", "properties": {"station_id": "P05", "name": "г. Луга", "river": "р. Луга", "lat": 58.73, "lon": 29.84, "own_station_id": "P05", "own_date": "Август 2025", "own_parameter": "Zn", "own_value": 5.0, "own_unit": "мг/л", "own_comment": "Цинк"}, "geometry": {"type": "Point", "coordinates": [58.73, 29.84]}}, {"type": "Feature", "properties": {"station_id": "P05", "name": "г. Луга", "river": "р. Луга", "lat": 58.73, "lon": 29.84, "own_station_id": "P05", "own_date": "Август 2025", "own_parameter": "Mn", "own_value": 0.0, "own_unit": "мг/т", "own_comment": "Марганец"}, "geometry": {"type": "Point", "coordinates": [58.73, 29.84]}}, {"type": "Feature", "properties": {"station_id": "P05", "name": "г. Луга", "river": "р. Луга", "lat": 58.73, "lon": 29.84, "own_station_id": "P05", "own_date": "Август 2025", "own_parameter": "Fe", "own_value": 0.0, "own_unit": "мг/л", "own_comment": "Железо"}, "geometry": {"type": "Point", "coordinates": [58.73, 29.84]}}, {"type": "Feature", "properties": {"station_id": "P05", "name": "г. Луга", "river": "р. Луга", "lat": 58.73, "lon": 29.84, "own_station_id": "P05", "own_date": "Август 2025", "own_parameter": "Cu", "own_value": 0.0, "own_unit": "мг/л", "own_comment": "Медь"}, "geometry": {"type": "Point", "coordinates": [58.73, 29.84]}}, {"type": "Feature", "properties": {"station_id": "P05", "name": "г. Луга", "river": "р. Луга", "lat": 58.73, "lon": 29.84, "own_station_id": "P05", "own_date": "Август 2025", "own_parameter": "Feобщ", "own_value": 0.0, "own_unit": "мг/л", "own_comment": "Железо общее"}, "geometry": {"type": "Point", "coordinates": [58.73, 29.84]}}, {"type": "Feature", "properties": {"station_id": "P05", "name": "г. Луга", "river": "р. Луга", "lat": 58.73, "lon": 29.84, "own_station_id": "P05", "own_date": "Август 2025", "own_parameter": "ПМО", "own_value": 10.0, "own_unit": "мг О2/л", "own_comment": "Перманганатная окисляемость"}, "geometry": {"type": "Point", "coordinates": [58.73, 29.84]}}, {"type": "Feature", "properties": {"station_id": "P05", "name": "г. Луга", "river": "р. Луга", "lat": 58.73, "lon": 29.84, "own_station_id": "P05", "own_date": "Август 2025", "own_parameter": "Feраств​", "own_value": 0.0, "own_unit": "мг/л", "own_comment": "Железо растворенное"}, "geometry": {"type": "Point", "coordinates": [58.73, 29.84]}}, {"type": "Feature", "properties": {"station_id": "P05", "name": "г. Луга", "river": "р. Луга", "lat": 58.73, "lon": 29.84, "own_station_id": "P05", "own_date": "Август 2025", "own_parameter": "Cl", "own_value": 0.5, "own_unit": "мг/л", "own_comment": "Хлор"}, "geometry": {"type": "Point", "coordinates": [58.73, 29.84]}}, {"type": "Feature", "properties": {"station_id": "P05", "name": "г. Луга", "river": "р. Луга", "lat": 58.73, "lon": 29.84, "own_station_id": "P05", "own_date": "Август 2025", "own_parameter": "Жₒ", "own_value": 3.0, "own_unit": "Ж", "own_comment": "Жесткость"}, "geometry": {"type": "Point", "coordinates": [58.73, 29.84]}}, {"type": "Feature", "properties": {"station_id": "P05", "name": "г. Луга", "river": "р. Луга", "lat": 58.73, "lon": 29.84, "own_station_id": "P05", "own_date": "Август 2025", "own_parameter": "NO₂", "own_value": 0.0, "own_unit": "мг/л", "own_comment": "Нитриты"}, "geometry": {"type": "Point", "coordinates": [58.73, 29.84]}}, {"type": "Feature", "properties": {"station_id": "P05", "name": "г. Луга", "river": "р. Луга", "lat": 58.73, "lon": 29.84, "own_station_id": "P05", "own_date": "Август 2025", "own_parameter": "NO₃", "own_value": 0.0, "own_unit": "мг/л", "own_comment": "Нитраты"}, "geometry": {"type": "Point", "coordinates": [58.73, 29.84]}}, {"type": "Feature", "properties": {"station_id": "P05", "name": "г. Луга", "river": "р. Луга", "lat": 58.73, "lon": 29.84, "own_station_id": "P05", "own_date": "Август 2025", "own_parameter": "рН", "own_value": 7.0, "own_unit": "-", "own_comment": "Кислотность"}, "geometry": {"type": "Point", "coordinates": [58.73, 29.84]}}, {"type": "Feature", "properties": {"station_id": "P05", "name": "г. Луга", "river": "р. Луга", "lat": 58.73, "lon": 29.84, "own_station_id": "P05", "own_date": "Сентябрь 2024", "own_parameter": "Feобщ", "own_value": 0.3, "own_unit": "мг/л", "own_comment": "Железо общее"}, "geometry": {"type": "Point", "coordinates": [58.73, 29.84]}}, {"type": "Feature", "properties": {"station_id": "P05", "name": "г. Луга", "river": "р. Луга", "lat": 58.73, "lon": 29.84, "own_station_id": "P05", "own_date": "Сентябрь 2024", "own_parameter": "ПМО", "own_value": 1.0, "own_unit": "мг О2/л", "own_comment": "Перманганатная окисляемость"}, "geometry": {"type": "Point", "coordinates": [58.73, 29.84]}}, {"type": "Feature", "properties": {"station_id": "P05", "name": "г. Луга", "river": "р. Луга", "lat": 58.73, "lon": 29.84, "own_station_id": "P05", "own_date": "Сентябрь 2024", "own_parameter": "Feраств​", "own_value": 0.5, "own_unit": "мг/л", "own_comment": "Железо растворенное"}, "geometry": {"type": "Point", "coordinates": [58.73, 29.84]}}, {"type": "Feature", "properties": {"station_id": "P05", "name": "г. Луга", "river": "р. Луга", "lat": 58.73, "lon": 29.84, "own_station_id": "P05", "own_date": "Сентябрь 2024", "own_parameter": "Cl", "own_value": 1.0, "own_unit": "мг/л", "own_comment": "Хлор"}, "geometry": {"type": "Point", "coordinates": [58.73, 29.84]}}, {"type": "Feature", "properties": {"station_id": "P05", "name": "г. Луга", "river": "р. Луга", "lat": 58.73, "lon": 29.84, "own_station_id": "P05", "own_date": "Сентябрь 2024", "own_parameter": "Жₒ", "own_value": 3.0, "own_unit": "Ж", "own_comment": "Жесткость"}, "geometry": {"type": "Point", "coordinates": [58.73, 29.84]}}, {"type": "Feature", "properties": {"station_id": "P05", "name": "г. Луга", "river": "р. Луга", "lat": 58.73, "lon": 29.84, "own_station_id": "P05", "own_date": "Сентябрь 2024", "own_parameter": "NO₂", "own_value": 1.0, "own_unit": "мг/л", "own_comment": "Нитриты"}, "geometry": {"type": "Point", "coordinates": [58.73, 29.84]}}, {"type": "Feature", "properties": {"station_id": "P05", "name": "г. Луга", "river": "р. Луга", "lat": 58.73, "lon": 29.84, "own_station_id": "P05", "own_date": "Сентябрь 2024", "own_parameter": "NO₃", "own_value": 0.0, "own_unit": "мг/л", "own_comment": "Нитраты"}, "geometry": {"type": "Point", "coordinates": [58.73, 29.84]}}, {"type": "Feature", "properties": {"station_id": "P05", "name": "г. Луга", "river": "р. Луга", "lat": 58.73, "lon": 29.84, "own_station_id": "P05", "own_date": "Сентябрь 2024", "own_parameter": "рН", "own_value": 6.5, "own_unit": "-", "own_comment": "Кислотность"}, "geometry": {"type": "Point", "coordinates": [58.73, 29.84]}}, {"type": "Feature", "properties": {"station_id": "P06", "name": "м-н. Шалово", "river": "р. Луга", "lat": 58.768535, "lon": 29.908967, "own_station_id": "P06", "own_date": "Июль 2026", "own_parameter": "Cd", "own_value": 0.0, "own_unit": "мг/л", "own_comment": "Кадмий"}, "geometry": {"type": "Point", "coordinates": [58.768535, 29.908967]}}, {"type": "Feature", "properties": {"station_id": "P06", "name": "м-н. Шалово", "river": "р. Луга", "lat": 58.768535, "lon": 29.908967, "own_station_id": "P06", "own_date": "Июль 2026", "own_parameter": "Pb", "own_value": 0.0, "own_unit": "мг/т", "own_comment": "Свинец"}, "geometry": {"type": "Point", "coordinates": [58.768535, 29.908967]}}, {"type": "Feature", "properties": {"station_id": "P06", "name": "м-н. Шалово", "river": "р. Луга", "lat": 58.768535, "lon": 29.908967, "own_station_id": "P06", "own_date": "Июль 2026", "own_parameter": "Hg", "own_value": 0.0, "own_unit": "мг/л", "own_comment": "Ртуть"}, "geometry": {"type": "Point", "coordinates": [58.768535, 29.908967]}}, {"type": "Feature", "properties": {"station_id": "P06", "name": "м-н. Шалово", "river": "р. Луга", "lat": 58.768535, "lon": 29.908967, "own_station_id": "P06", "own_date": "Июль 2026", "own_parameter": "Cr", "own_value": 0.0, "own_unit": "мг/л", "own_comment": "Хром"}, "geometry": {"type": "Point", "coordinates": [58.768535, 29.908967]}}, {"type": "Feature", "properties": {"station_id": "P06", "name": "м-н. Шалово", "river": "р. Луга", "lat": 58.768535, "lon": 29.908967, "own_station_id": "P06", "own_date": "Июль 2026", "own_parameter": "Ca", "own_value": 120.0, "own_unit": "мг/л", "own_comment": "Кальций"}, "geometry": {"type": "Point", "coordinates": [58.768535, 29.908967]}}, {"type": "Feature", "properties": {"station_id": "P06", "name": "м-н. Шалово", "river": "р. Луга", "lat": 58.768535, "lon": 29.908967, "own_station_id": "P06", "own_date": "Июль 2026", "own_parameter": "Mg", "own_value": 100.0, "own_unit": "мг/л", "own_comment": "Магний"}, "geometry": {"type": "Point", "coordinates": [58.768535, 29.908967]}}, {"type": "Feature", "properties": {"station_id": "P06", "name": "м-н. Шалово", "river": "р. Луга", "lat": 58.768535, "lon": 29.908967, "own_station_id": "P06", "own_date": "Июль 2026", "own_parameter": "Zn", "own_value": 0.0, "own_unit": "мг/л", "own_comment": "Цинк"}, "geometry": {"type": "Point", "coordinates": [58.768535, 29.908967]}}, {"type": "Feature", "properties": {"station_id": "P06", "name": "м-н. Шалово", "river": "р. Луга", "lat": 58.768535, "lon": 29.908967, "own_station_id": "P06", "own_date": "Июль 2026", "own_parameter": "Mn", "own_value": 0.0, "own_unit": "мг/т", "own_comment": "Марганец"}, "geometry": {"type": "Point", "coordinates": [58.768535, 29.908967]}}, {"type": "Feature", "properties": {"station_id": "P06", "name": "м-н. Шалово", "river": "р. Луга", "lat": 58.768535, "lon": 29.908967, "own_station_id": "P06", "own_date": "Июль 2026", "own_parameter": "Fe", "own_value": 0.0, "own_unit": "мг/л", "own_comment": "Железо"}, "geometry": {"type": "Point", "coordinates": [58.768535, 29.908967]}}, {"type": "Feature", "properties": {"station_id": "P06", "name": "м-н. Шалово", "river": "р. Луга", "lat": 58.768535, "lon": 29.908967, "own_station_id": "P06", "own_date": "Июль 2026", "own_parameter": "Cu", "own_value": 0.0, "own_unit": "мг/л", "own_comment": "Медь"}, "geometry": {"type": "Point", "coordinates": [58.768535, 29.908967]}}, {"type": "Feature", "properties": {"station_id": "P06", "name": "м-н. Шалово", "river": "р. Луга", "lat": 58.768535, "lon": 29.908967, "own_station_id": "P06", "own_date": "Июль 2026", "own_parameter": "Feобщ", "own_value": 0.3, "own_unit": "мг/л", "own_comment": "Железо общее"}, "geometry": {"type": "Point", "coordinates": [58.768535, 29.908967]}}, {"type": "Feature", "properties": {"station_id": "P06", "name": "м-н. Шалово", "river": "р. Луга", "lat": 58.768535, "lon": 29.908967, "own_station_id": "P06", "own_date": "Июль 2026", "own_parameter": "ПМО", "own_value": 15.0, "own_unit": "мг О2/л", "own_comment": "Перманганатная окисляемость"}, "geometry": {"type": "Point", "coordinates": [58.768535, 29.908967]}}, {"type": "Feature", "properties": {"station_id": "P06", "name": "м-н. Шалово", "river": "р. Луга", "lat": 58.768535, "lon": 29.908967, "own_station_id": "P06", "own_date": "Июль 2026", "own_parameter": "Feраств​", "own_value": 0.3, "own_unit": "мг/л", "own_comment": "Железо растворенное"}, "geometry": {"type": "Point", "coordinates": [58.768535, 29.908967]}}, {"type": "Feature", "properties": {"station_id": "P06", "name": "м-н. Шалово", "river": "р. Луга", "lat": 58.768535, "lon": 29.908967, "own_station_id": "P06", "own_date": "Июль 2026", "own_parameter": "Cl", "own_value": 3.0, "own_unit": "мг/л", "own_comment": "Хлор"}, "geometry": {"type": "Point", "coordinates": [58.768535, 29.908967]}}, {"type": "Feature", "properties": {"station_id": "P06", "name": "м-н. Шалово", "river": "р. Луга", "lat": 58.768535, "lon": 29.908967, "own_station_id": "P06", "own_date": "Июль 2026", "own_parameter": "Жₒ", "own_value": 3.0, "own_unit": "Ж", "own_comment": "Жесткость"}, "geometry": {"type": "Point", "coordinates": [58.768535, 29.908967]}}, {"type": "Feature", "properties": {"station_id": "P06", "name": "м-н. Шалово", "river": "р. Луга", "lat": 58.768535, "lon": 29.908967, "own_station_id": "P06", "own_date": "Июль 2026", "own_parameter": "NO₂", "own_value": 0.0, "own_unit": "мг/л", "own_comment": "Нитриты"}, "geometry": {"type": "Point", "coordinates": [58.768535, 29.908967]}}, {"type": "Feature", "properties": {"station_id": "P06", "name": "м-н. Шалово", "river": "р. Луга", "lat": 58.768535, "lon": 29.908967, "own_station_id": "P06", "own_date": "Июль 2026", "own_parameter": "NO₃", "own_value": 0.0, "own_unit": "мг/л", "own_comment": "Нитраты"}, "geometry": {"type": "Point", "coordinates": [58.768535, 29.908967]}}, {"type": "Feature", "properties": {"station_id": "P06", "name": "м-н. Шалово", "river": "р. Луга", "lat": 58.768535, "lon": 29.908967, "own_station_id": "P06", "own_date": "Июль 2026", "own_parameter": "рН", "own_value": 7.0, "own_unit": "-", "own_comment": "Кислотность"}, "geometry": {"type": "Point", "coordinates": [58.768535, 29.908967]}}, {"type": "Feature", "properties": {"station_id": "P06", "name": "м-н. Шалово", "river": "р. Луга", "lat": 58.768535, "lon": 29.908967, "own_station_id": "P06", "own_date": "Май 2026", "own_parameter": "Cd", "own_value": 0.0, "own_unit": "мг/л", "own_comment": "Кадмий"}, "geometry": {"type": "Point", "coordinates": [58.768535, 29.908967]}}, {"type": "Feature", "properties": {"station_id": "P06", "name": "м-н. Шалово", "river": "р. Луга", "lat": 58.768535, "lon": 29.908967, "own_station_id": "P06", "own_date": "Май 2026", "own_parameter": "Pb", "own_value": 0.0, "own_unit": "мг/т", "own_comment": "Свинец"}, "geometry": {"type": "Point", "coordinates": [58.768535, 29.908967]}}, {"type": "Feature", "properties": {"station_id": "P06", "name": "м-н. Шалово", "river": "р. Луга", "lat": 58.768535, "lon": 29.908967, "own_station_id": "P06", "own_date": "Май 2026", "own_parameter": "Hg", "own_value": 0.0, "own_unit": "мг/л", "own_comment": "Ртуть"}, "geometry": {"type": "Point", "coordinates": [58.768535, 29.908967]}}, {"type": "Feature", "properties": {"station_id": "P06", "name": "м-н. Шалово", "river": "р. Луга", "lat": 58.768535, "lon": 29.908967, "own_station_id": "P06", "own_date": "Май 2026", "own_parameter": "Cr", "own_value": 0.0, "own_unit": "мг/л", "own_comment": "Хром"}, "geometry": {"type": "Point", "coordinates": [58.768535, 29.908967]}}, {"type": "Feature", "properties": {"station_id": "P06", "name": "м-н. Шалово", "river": "р. Луга", "lat": 58.768535, "lon": 29.908967, "own_station_id": "P06", "own_date": "Май 2026", "own_parameter": "Ca", "own_value": 25.0, "own_unit": "мг/л", "own_comment": "Кальций"}, "geometry": {"type": "Point", "coordinates": [58.768535, 29.908967]}}, {"type": "Feature", "properties": {"station_id": "P06", "name": "м-н. Шалово", "river": "р. Луга", "lat": 58.768535, "lon": 29.908967, "own_station_id": "P06", "own_date": "Май 2026", "own_parameter": "Mg", "own_value": 50.0, "own_unit": "мг/л", "own_comment": "Магний"}, "geometry": {"type": "Point", "coordinates": [58.768535, 29.908967]}}, {"type": "Feature", "properties": {"station_id": "P06", "name": "м-н. Шалово", "river": "р. Луга", "lat": 58.768535, "lon": 29.908967, "own_station_id": "P06", "own_date": "Май 2026", "own_parameter": "Zn", "own_value": 5.0, "own_unit": "мг/л", "own_comment": "Цинк"}, "geometry": {"type": "Point", "coordinates": [58.768535, 29.908967]}}, {"type": "Feature", "properties": {"station_id": "P06", "name": "м-н. Шалово", "river": "р. Луга", "lat": 58.768535, "lon": 29.908967, "own_station_id": "P06", "own_date": "Май 2026", "own_parameter": "Mn", "own_value": 0.0, "own_unit": "мг/т", "own_comment": "Марганец"}, "geometry": {"type": "Point", "coordinates": [58.768535, 29.908967]}}, {"type": "Feature", "properties": {"station_id": "P06", "name": "м-н. Шалово", "river": "р. Луга", "lat": 58.768535, "lon": 29.908967, "own_station_id": "P06", "own_date": "Май 2026", "own_parameter": "Fe", "own_value": 0.3, "own_unit": "мг/л", "own_comment": "Железо"}, "geometry": {"type": "Point", "coordinates": [58.768535, 29.908967]}}, {"type": "Feature", "properties": {"station_id": "P06", "name": "м-н. Шалово", "river": "р. Луга", "lat": 58.768535, "lon": 29.908967, "own_station_id": "P06", "own_date": "Май 2026", "own_parameter": "Cu", "own_value": 0.0, "own_unit": "мг/л", "own_comment": "Медь"}, "geometry": {"type": "Point", "coordinates": [58.768535, 29.908967]}}, {"type": "Feature", "properties": {"station_id": "P06", "name": "м-н. Шалово", "river": "р. Луга", "lat": 58.768535, "lon": 29.908967, "own_station_id": "P06", "own_date": "Май 2026", "own_parameter": "Feобщ", "own_value": 0.3, "own_unit": "мг/л", "own_comment": "Железо общее"}, "geometry": {"type": "Point", "coordinates": [58.768535, 29.908967]}}, {"type": "Feature", "properties": {"station_id": "P06", "name": "м-н. Шалово", "river": "р. Луга", "lat": 58.768535, "lon": 29.908967, "own_station_id": "P06", "own_date": "Май 2026", "own_parameter": "ПМО", "own_value": 5.0, "own_unit": "мг О2/л", "own_comment": "Перманганатная окисляемость"}, "geometry": {"type": "Point", "coordinates": [58.768535, 29.908967]}}, {"type": "Feature", "properties": {"station_id": "P06", "name": "м-н. Шалово", "river": "р. Луга", "lat": 58.768535, "lon": 29.908967, "own_station_id": "P06", "own_date": "Май 2026", "own_parameter": "Feраств​", "own_value": 0.3, "own_unit": "мг/л", "own_comment": "Железо растворенное"}, "geometry": {"type": "Point", "coordinates": [58.768535, 29.908967]}}, {"type": "Feature", "properties": {"station_id": "P06", "name": "м-н. Шалово", "river": "р. Луга", "lat": 58.768535, "lon": 29.908967, "own_station_id": "P06", "own_date": "Май 2026", "own_parameter": "Cl", "own_value": 3.0, "own_unit": "мг/л", "own_comment": "Хлор"}, "geometry": {"type": "Point", "coordinates": [58.768535, 29.908967]}}, {"type": "Feature", "properties": {"station_id": "P06", "name": "м-н. Шалово", "river": "р. Луга", "lat": 58.768535, "lon": 29.908967, "own_station_id": "P06", "own_date": "Май 2026", "own_parameter": "Жₒ", "own_value": 3.0, "own_unit": "Ж", "own_comment": "Жесткость"}, "geometry": {"type": "Point", "coordinates": [58.768535, 29.908967]}}, {"type": "Feature", "properties": {"station_id": "P06", "name": "м-н. Шалово", "river": "р. Луга", "lat": 58.768535, "lon": 29.908967, "own_station_id": "P06", "own_date": "Май 2026", "own_parameter": "NO₂", "own_value": 0.0, "own_unit": "мг/л", "own_comment": "Нитриты"}, "geometry": {"type": "Point", "coordinates": [58.768535, 29.908967]}}, {"type": "Feature", "properties": {"station_id": "P06", "name": "м-н. Шалово", "river": "р. Луга", "lat": 58.768535, "lon": 29.908967, "own_station_id": "P06", "own_date": "Май 2026", "own_parameter": "NO₃", "own_value": 0.0, "own_unit": "мг/л", "own_comment": "Нитраты"}, "geometry": {"type": "Point", "coordinates": [58.768535, 29.908967]}}, {"type": "Feature", "properties": {"station_id": "P06", "name": "м-н. Шалово", "river": "р. Луга", "lat": 58.768535, "lon": 29.908967, "own_station_id": "P06", "own_date": "Май 2026", "own_parameter": "рН", "own_value": 6.5, "own_unit": "-", "own_comment": "Кислотность"}, "geometry": {"type": "Point", "coordinates": [58.768535, 29.908967]}}, {"type": "Feature", "properties": {"station_id": "P06", "name": "м-н. Шалово", "river": "р. Луга", "lat": 58.768535, "lon": 29.908967, "own_station_id": "P06", "own_date": "Август 2025", "own_parameter": "Cd", "own_value": 0.0, "own_unit": "мг/л", "own_comment": "Кадмий"}, "geometry": {"type": "Point", "coordinates": [58.768535, 29.908967]}}, {"type": "Feature", "properties": {"station_id": "P06", "name": "м-н. Шалово", "river": "р. Луга", "lat": 58.768535, "lon": 29.908967, "own_station_id": "P06", "own_date": "Август 2025", "own_parameter": "Pb", "own_value": 5.0, "own_unit": "мг/т", "own_comment": "Свинец"}, "geometry": {"type": "Point", "coordinates": [58.768535, 29.908967]}}, {"type": "Feature", "properties": {"station_id": "P06", "name": "м-н. Шалово", "river": "р. Луга", "lat": 58.768535, "lon": 29.908967, "own_station_id": "P06", "own_date": "Август 2025", "own_parameter": "Hg", "own_value": 0.0, "own_unit": "мг/л", "own_comment": "Ртуть"}, "geometry": {"type": "Point", "coordinates": [58.768535, 29.908967]}}, {"type": "Feature", "properties": {"station_id": "P06", "name": "м-н. Шалово", "river": "р. Луга", "lat": 58.768535, "lon": 29.908967, "own_station_id": "P06", "own_date": "Август 2025", "own_parameter": "Cr", "own_value": 0.0, "own_unit": "мг/л", "own_comment": "Хром"}, "geometry": {"type": "Point", "coordinates": [58.768535, 29.908967]}}, {"type": "Feature", "properties": {"station_id": "P06", "name": "м-н. Шалово", "river": "р. Луга", "lat": 58.768535, "lon": 29.908967, "own_station_id": "P06", "own_date": "Август 2025", "own_parameter": "Ca", "own_value": 0.0, "own_unit": "мг/л", "own_comment": "Кальций"}, "geometry": {"type": "Point", "coordinates": [58.768535, 29.908967]}}, {"type": "Feature", "properties": {"station_id": "P06", "name": "м-н. Шалово", "river": "р. Луга", "lat": 58.768535, "lon": 29.908967, "own_station_id": "P06", "own_date": "Август 2025", "own_parameter": "Mg", "own_value": 0.5, "own_unit": "мг/л", "own_comment": "Магний"}, "geometry": {"type": "Point", "coordinates": [58.768535, 29.908967]}}, {"type": "Feature", "properties": {"station_id": "P06", "name": "м-н. Шалово", "river": "р. Луга", "lat": 58.768535, "lon": 29.908967, "own_station_id": "P06", "own_date": "Август 2025", "own_parameter": "Zn", "own_value": 3.0, "own_unit": "мг/л", "own_comment": "Цинк"}, "geometry": {"type": "Point", "coordinates": [58.768535, 29.908967]}}, {"type": "Feature", "properties": {"station_id": "P06", "name": "м-н. Шалово", "river": "р. Луга", "lat": 58.768535, "lon": 29.908967, "own_station_id": "P06", "own_date": "Август 2025", "own_parameter": "Mn", "own_value": 0.0, "own_unit": "мг/т", "own_comment": "Марганец"}, "geometry": {"type": "Point", "coordinates": [58.768535, 29.908967]}}, {"type": "Feature", "properties": {"station_id": "P06", "name": "м-н. Шалово", "river": "р. Луга", "lat": 58.768535, "lon": 29.908967, "own_station_id": "P06", "own_date": "Август 2025", "own_parameter": "Fe", "own_value": 0.0, "own_unit": "мг/л", "own_comment": "Железо"}, "geometry": {"type": "Point", "coordinates": [58.768535, 29.908967]}}, {"type": "Feature", "properties": {"station_id": "P06", "name": "м-н. Шалово", "river": "р. Луга", "lat": 58.768535, "lon": 29.908967, "own_station_id": "P06", "own_date": "Август 2025", "own_parameter": "Cu", "own_value": 6.5, "own_unit": "мг/л", "own_comment": "Медь"}, "geometry": {"type": "Point", "coordinates": [58.768535, 29.908967]}}, {"type": "Feature", "properties": {"station_id": "P06", "name": "м-н. Шалово", "river": "р. Луга", "lat": 58.768535, "lon": 29.908967, "own_station_id": "P06", "own_date": "Август 2025", "own_parameter": "Feобщ", "own_value": 0.0, "own_unit": "мг/л", "own_comment": "Железо общее"}, "geometry": {"type": "Point", "coordinates": [58.768535, 29.908967]}}, {"type": "Feature", "properties": {"station_id": "P06", "name": "м-н. Шалово", "river": "р. Луга", "lat": 58.768535, "lon": 29.908967, "own_station_id": "P06", "own_date": "Август 2025", "own_parameter": "ПМО", "own_value": 0.0, "own_unit": "мг О2/л", "own_comment": "Перманганатная окисляемость"}, "geometry": {"type": "Point", "coordinates": [58.768535, 29.908967]}}, {"type": "Feature", "properties": {"station_id": "P06", "name": "м-н. Шалово", "river": "р. Луга", "lat": 58.768535, "lon": 29.908967, "own_station_id": "P06", "own_date": "Август 2025", "own_parameter": "Feраств​", "own_value": 0.0, "own_unit": "мг/л", "own_comment": "Железо растворенное"}, "geometry": {"type": "Point", "coordinates": [58.768535, 29.908967]}}, {"type": "Feature", "properties": {"station_id": "P06", "name": "м-н. Шалово", "river": "р. Луга", "lat": 58.768535, "lon": 29.908967, "own_station_id": "P06", "own_date": "Август 2025", "own_parameter": "Cl", "own_value": 0.5, "own_unit": "мг/л", "own_comment": "Хлор"}, "geometry": {"type": "Point", "coordinates": [58.768535, 29.908967]}}, {"type": "Feature", "properties": {"station_id": "P06", "name": "м-н. Шалово", "river": "р. Луга", "lat": 58.768535, "lon": 29.908967, "own_station_id": "P06", "own_date": "Август 2025", "own_parameter": "Жₒ", "own_value": 3.0, "own_unit": "Ж", "own_comment": "Жесткость"}, "geometry": {"type": "Point", "coordinates": [58.768535, 29.908967]}}, {"type": "Feature", "properties": {"station_id": "P06", "name": "м-н. Шалово", "river": "р. Луга", "lat": 58.768535, "lon": 29.908967, "own_station_id": "P06", "own_date": "Август 2025", "own_parameter": "NO₂", "own_value": 0.0, "own_unit": "мг/л", "own_comment": "Нитриты"}, "geometry": {"type": "Point", "coordinates": [58.768535, 29.908967]}}, {"type": "Feature", "properties": {"station_id": "P06", "name": "м-н. Шалово", "river": "р. Луга", "lat": 58.768535, "lon": 29.908967, "own_station_id": "P06", "own_date": "Август 2025", "own_parameter": "NO₃", "own_value": 0.0, "own_unit": "мг/л", "own_comment": "Нитраты"}, "geometry": {"type": "Point", "coordinates": [58.768535, 29.908967]}}, {"type": "Feature", "properties": {"station_id": "P06", "name": "м-н. Шалово", "river": "р. Луга", "lat": 58.768535, "lon": 29.908967, "own_station_id": "P06", "own_date": "Август 2025", "own_parameter": "рН", "own_value": 6.5, "own_unit": "-", "own_comment": "Кислотность"}, "geometry": {"type": "Point", "coordinates": [58.768535, 29.908967]}}, {"type": "Feature", "properties": {"station_id": "P06", "name": "м-н. Шалово", "river": "р. Луга", "lat": 58.768535, "lon": 29.908967, "own_station_id": "P06", "own_date": "Сентябрь 2024", "own_parameter": "Feобщ", "own_value": 0.3, "own_unit": "мг/л", "own_comment": "Железо общее"}, "geometry": {"type": "Point", "coordinates": [58.768535, 29.908967]}}, {"type": "Feature", "properties": {"station_id": "P06", "name": "м-н. Шалово", "river": "р. Луга", "lat": 58.768535, "lon": 29.908967, "own_station_id": "P06", "own_date": "Сентябрь 2024", "own_parameter": "ПМО", "own_value": 10.0, "own_unit": "мг О2/л", "own_comment": "Перманганатная окисляемость"}, "geometry": {"type": "Point", "coordinates": [58.768535, 29.908967]}}, {"type": "Feature", "properties": {"station_id": "P06", "name": "м-н. Шалово", "river": "р. Луга", "lat": 58.768535, "lon": 29.908967, "own_station_id": "P06", "own_date": "Сентябрь 2024", "own_parameter": "Feраств​", "own_value": 0.3, "own_unit": "мг/л", "own_comment": "Железо растворенное"}, "geometry": {"type": "Point", "coordinates": [58.768535, 29.908967]}}, {"type": "Feature", "properties": {"station_id": "P06", "name": "м-н. Шалово", "river": "р. Луга", "lat": 58.768535, "lon": 29.908967, "own_station_id": "P06", "own_date": "Сентябрь 2024", "own_parameter": "Cl", "own_value": 0.5, "own_unit": "мг/л", "own_comment": "Хлор"}, "geometry": {"type": "Point", "coordinates": [58.768535, 29.908967]}}, {"type": "Feature", "properties": {"station_id": "P06", "name": "м-н. Шалово", "river": "р. Луга", "lat": 58.768535, "lon": 29.908967, "own_station_id": "P06", "own_date": "Сентябрь 2024", "own_parameter": "Жₒ", "own_value": 0.0, "own_unit": "Ж", "own_comment": "Жесткость"}, "geometry": {"type": "Point", "coordinates": [58.768535, 29.908967]}}, {"type": "Feature", "properties": {"station_id": "P06", "name": "м-н. Шалово", "river": "р. Луга", "lat": 58.768535, "lon": 29.908967, "own_station_id": "P06", "own_date": "Сентябрь 2024", "own_parameter": "NO₂", "own_value": 1.0, "own_unit": "мг/л", "own_comment": "Нитриты"}, "geometry": {"type": "Point", "coordinates": [58.768535, 29.908967]}}, {"type": "Feature", "properties": {"station_id": "P06", "name": "м-н. Шалово", "river": "р. Луга", "lat": 58.768535, "lon": 29.908967, "own_station_id": "P06", "own_date": "Сентябрь 2024", "own_parameter": "NO₃", "own_value": 1.0, "own_unit": "мг/л", "own_comment": "Нитраты"}, "geometry": {"type": "Point", "coordinates": [58.768535, 29.908967]}}, {"type": "Feature", "properties": {"station_id": "P06", "name": "м-н. Шалово", "river": "р. Луга", "lat": 58.768535, "lon": 29.908967, "own_station_id": "P06", "own_date": "Сентябрь 2024", "own_parameter": "рН", "own_value": 6.0, "own_unit": "-", "own_comment": "Кислотность"}, "geometry": {"type": "Point", "coordinates": [58.768535, 29.908967]}}]}